parent_aggr,Volume_Name,Avg_total_ops_All_Hrs,%_Of_total_ops_All_Hrs,Avg_total_ops_Biz_Hrs,%_Of_total_ops_Biz_Hrs,Avg_total_ops_After_Hrs,%_Of_total_ops_After_Hrs
prtntap01_04_tier02_aggr01,prtntap01-04:prtntap01_04_tier02_aggr01:STANDARD_STORAGE_101,3785.0133649123363,39.95733681960767,2860.725147629372,32.35864499464484,4586.063153224241,45.76758520701512
prtntap01_03_tier02_aggr01,prtntap01-03:prtntap01_03_tier02_aggr01:C1040VDI_STANDARD01,3563.6223692435087,35.244599658251744,4160.050753741258,41.391711582954095,3046.7177693454532,29.97646724935538
mtcntap01_03_tier02_aggr01,mtcntap01-03:mtcntap01_03_tier02_aggr01:C1064_PRIMARY_001,2185.639262183734,15.600299590559311,1854.9172040718954,13.592016912991758,2468.323479452514,17.236143626934837
mtcntap01_05_ssd,aus-mel-a700-01:mtcntap01_05_ssd:C1027REP004_S003,2057.7906074199996,52.69330965060079,1938.562048688125,60.4094847366267,2199.0985288799993,46.489316172358656
prtntap01_03_tier03_aggr01,prtntap01-03:prtntap01_03_tier03_aggr01:C1050FS001,1874.0851902977288,29.36196287351466,1777.8730866076912,30.001918180695927,1957.4690134957566,28.87710744278221
mtcntap01_06_ssd,aus-mel-a700-02:mtcntap01_06_ssd:C1050REPFS001,1850.4923563327588,96.39537358057851,1837.437939067742,96.6099201257063,1865.4807613407409,96.1538906162507
mtcntap01_03_tier03_aggr01,mtcntap01-03:mtcntap01_03_tier03_aggr01:C1032REP003_S001,1586.1568205292174,17.545227112855123,1135.400554621569,13.231345077463398,1971.440109265922,20.899552321680808
prtntap01_03_tier02_aggr01,prtntap01-03:prtntap01_03_tier02_aggr01:C1032FS003_M001,1546.6289033168841,15.29632235664074,1413.3955846713286,14.063016500633566,1662.097779476364,16.35327700944335
prtntap01_03_tier03_aggr01,prtntap01-03:prtntap01_03_tier03_aggr01:C1032FS003_S001,1456.2402056003245,22.815436071485777,1257.000538051049,21.212103147169145,1628.9145841430304,24.03018445610514
mtcntap01_04_tier02_aggr01,mtcntap01-04:mtcntap01_04_tier02_aggr01:C1027REP004_M001,1393.0469423663765,13.579473221416672,1408.855475314986,12.601140122978196,1379.428748320283,14.575068014431151
prtntap01_04_tier02_aggr01,prtntap01-04:prtntap01_04_tier02_aggr01:C1027UN004,1356.0391378243517,14.315329259576588,1740.2880167188814,19.684995662063738,1023.0234427824245,10.209478374365764
prtntap01_01_tier01_aggr01,prtntap01-01:prtntap01_01_tier01_aggr01:FAST_STORAGE_101,1345.76978175,75.80276450125612,1246.5237762328663,76.68542235089002,1431.782986531515,75.15010803429679
prtntap01_04_tier02_aggr01,prtntap01-04:prtntap01_04_tier02_aggr01:C1027UN005,1333.4969913463308,14.077358068296506,2084.5945609895116,23.579565276561258,682.5457643222427,6.811609518360694
prtntap01_03_tier02_aggr01,prtntap01-03:prtntap01_03_tier02_aggr01:STANDARD_STORAGE_103,1317.8533567983768,13.033708164342306,1154.2480206223775,11.484547663710698,1459.6446481509086,14.361353201544738
mtcntap01_04_tier03_aggr01,mtcntap01-04:mtcntap01_04_tier03_aggr01:C1050REPFS001,1247.610015464941,11.63818183028244,1304.4306190279276,11.660715727982929,1202.559394068572,11.618871733073483
mtcntap01_03_tier02_aggr01,mtcntap01-03:mtcntap01_03_tier02_aggr01:C1032REP003_M001,1234.8255217648498,8.813736289836555,1232.9171005949677,9.03427390010559,1236.4567420944131,8.634097666955011
mtcntap01_03_tier03_aggr01,mtcntap01-03:mtcntap01_03_tier03_aggr01:C1036_MGMT01,1222.9081726146392,13.527162856149161,1496.6446033058828,17.441088190470104,988.9323407947487,10.483830120884612
prtntap01_04_tier02_aggr01,prtntap01-04:prtntap01_04_tier02_aggr01:STANDARD_STORAGE_102,1201.6896834386366,12.685904858071067,1023.8299689251745,11.580892532364379,1355.8347693503028,13.53083925354298
mtcntap01_03_tier02_aggr01,mtcntap01-03:mtcntap01_03_tier02_aggr01:C1069REPFSS1_M001,1183.7382718126514,8.449094046122559,1199.1918636490198,8.78715020641311,1170.5293357737432,8.17373084155561
mtcntap01_01_tier01_aggr01,mtcntap01-01:mtcntap01_01_tier01_aggr01:DR_CLUSTER01,1101.8878706508438,42.746590369883975,1082.384327210325,41.615028265801485,1118.7617228409551,43.742163284101004
mtcntap01_04_tier02_aggr01,mtcntap01-04:mtcntap01_04_tier02_aggr01:C1026REPA005,1100.7500050761496,10.730151843996198,1385.8229365986012,12.39513159134496,855.1751303309035,9.035795218854561
prtntap01_02_tier01_aggr01,prtntap01-02:prtntap01_02_tier01_aggr01:FAST_STORAGE_301,1023.9143422039084,89.6178911441692,981.1120610160839,88.70378369809605,1061.2358434835369,90.36860001835588
mtcntap01_03_tier02_aggr01,mtcntap01-03:mtcntap01_03_tier02_aggr01:C1027REPA007,887.2477446212948,6.332852299382192,1029.724659582353,7.545369118386562,765.4658005484362,5.3451983054854395
mtcntap01_03_tier02_aggr01,mtcntap01-03:mtcntap01_03_tier02_aggr01:DR_CLUSTER02,886.7785805228921,6.329503576370644,904.3966512150324,6.627020630561457,871.7195592050284,6.08716144781754
prtntap01_03_tier02_aggr01,prtntap01-03:prtntap01_03_tier02_aggr01:C1032FS004_M001,840.0985182113644,8.308662613467511,661.4747552440555,6.581547656322179,994.9057794496977,9.78881628417964
mtcntap01_03_tier03_aggr01,mtcntap01-03:mtcntap01_03_tier03_aggr01:C1032REP004_S001,832.7693950490961,9.211654219597527,461.3600499300653,5.376440940364918,1150.2310140614534,12.19378318793996
mtcntap01_01_tier01_aggr01,mtcntap01-01:mtcntap01_01_tier01_aggr01:MTC_DR01_TIER1_1,828.7849489642473,32.151847444490016,787.6036219509092,30.28143161885027,864.4137375038762,33.79747990921378
mtcntap01_04_tier03_aggr01,mtcntap01-04:mtcntap01_04_tier03_aggr01:C1027REP004_S003,777.6924755529928,7.919377110920008,780.7923314715704,7.608554473419192,775.2409555128106,8.185732067548825
mtcntap01_03_tier03_aggr01,mtcntap01-03:mtcntap01_03_tier03_aggr01:C1069REPFSS1_S001,729.6140269533129,8.070604143258402,748.6151189117649,8.72395642948164,713.3728701396647,7.562580042009521
mtcntap01_04_tier02_aggr01,mtcntap01-04:mtcntap01_04_tier02_aggr01:C1027REPA006,728.7484701275083,7.10386709469707,928.1475110986014,8.301573189778077,556.9770071222889,5.885028691164259
mtcntap01_04_tier02_aggr01,mtcntap01-04:mtcntap01_04_tier02_aggr01:C1040REP003_M001,728.0073186333362,7.096642322464322,785.0918543075314,7.02204920155216,678.832086094723,7.1725515632877945
mtcntap01_03_tier02_aggr01,mtcntap01-03:mtcntap01_03_tier02_aggr01:MTC_DR01_TIER2_3,725.9137514137652,5.181308825705727,744.5060829464701,5.455412914937548,710.0219820031291,4.958037697231373
prtntap01_04_tier02_aggr01,prtntap01-04:prtntap01_04_tier02_aggr01:C1024UN001,712.8724522023698,7.525596856836854,399.58135587342656,4.519801999119637,984.3914023541207,9.823941772938856
mtcntap01_03_tier02_aggr01,mtcntap01-03:mtcntap01_03_tier02_aggr01:C1032REP004_M001,709.5871395093371,5.064775397058681,681.2504774901957,4.991903677265994,733.8078617938551,5.124132961397031
prtntap01_03_tier03_aggr01,prtntap01-03:prtntap01_03_tier03_aggr01:C1032FS004_S001,709.5655609737009,11.117017393603414,563.5319289069931,9.50969951153105,836.1280420981822,12.33478493969768
prtntap01_03_tier03_aggr01,prtntap01-03:prtntap01_03_tier03_aggr01:PRT_MGMT01,683.0056475402598,10.700893731672885,722.7385567083913,12.196339101894594,648.5704595945455,9.567885221579743
mtcntap01_04_tier03_aggr01,mtcntap01-04:mtcntap01_04_tier03_aggr01:C1026REP002_M001,661.7505760469428,3.86123775997844,515.890892025652,2.866739272204458,776.1178282909091,4.713458832769833
prtntap01_03_tier02_aggr01,prtntap01-03:prtntap01_03_tier02_aggr01:STANDARD_STORAGE_304,658.688904233474,6.51450247068953,551.3865054294404,5.486190567012456,751.6843165303031,7.395775389187294
prtntap01_01_tier01_aggr02,prtntap01-01:prtntap01_01_tier01_aggr02:FAST_STORAGE_102,651.9948547990259,100.0,630.005536141958,100.0,671.0522643018184,100.0
prtntap01_03_tier02_aggr01,prtntap01-03:prtntap01_03_tier02_aggr01:STANDARD_STORAGE_303,621.5784794409088,6.147476470333811,620.7517385342658,6.176361406869927,622.2949882266669,6.122721809582735
mtcntap01_03_tier02_aggr01,mtcntap01-03:mtcntap01_03_tier02_aggr01:C1027REPA009,621.0824411789156,4.43306099065332,577.5128712869933,4.231760154454312,658.3234701926818,4.597030324299321
mtcntap01_02_tier01_aggr01,mtcntap01-02:mtcntap01_02_tier01_aggr01:MTC_MGMT03,604.1533865483767,66.94895397348363,572.203783998601,69.26893826903593,631.8430420915154,65.2341474907379
mtcntap01_01_tier01_aggr01,mtcntap01-01:mtcntap01_01_tier01_aggr01:C1026REP002_M001,601.4712978746553,12.228977593954061,653.3844642522618,13.702381911392845,553.0190092555555,10.932644476364395
prtntap01_04_tier03_aggr01,prtntap01-04:prtntap01_04_tier03_aggr01:trader_oak,590.0438560748498,27.395189421949635,614.0832906185578,28.42566303136056,568.4912595873878,26.46602240570093
mtcntap01_04_tier03_aggr01,mtcntap01-04:mtcntap01_04_tier03_aggr01:C1040REP003_S001,562.4178821978963,6.458775129965661,502.53631080027986,5.787416383356624,614.0026093657226,7.0340862825683175
mtcntap01_03_tier02_aggr01,mtcntap01-03:mtcntap01_03_tier02_aggr01:C1026REPA006,557.0517268667468,3.976032997264639,678.0420606377776,4.968393810611965,453.6354080568716,3.167706790710311
mtcntap01_03_tier02_aggr01,mtcntap01-03:mtcntap01_03_tier02_aggr01:C1069REPFSS2_M001,554.0603817819277,3.9546818620112854,570.0640023555554,4.177178121209642,540.3813094480447,3.7734478241982803
mtcntap01_03_tier02_aggr01,mtcntap01-03:mtcntap01_03_tier02_aggr01:DR_CLUSTER03,542.8897194509941,3.874949729631203,466.2222848562747,3.416271716640207,608.4211020934079,4.2485653070342275
mtcntap01_05_ssd,aus-mel-a700-01:mtcntap01_05_ssd:C1036REP001_S001,535.3989602988571,8.132945329373873,446.44966932380953,9.129925783161951,668.8228967614285,7.331348662077184
mtcntap01_04_tier02_aggr01,mtcntap01-04:mtcntap01_04_tier02_aggr01:C1039REP001_M001,527.5293610925564,5.142375762512798,474.78789446713296,4.246616414317801,572.9632751132531,6.053939875267786
mtcntap01_04_tier03_aggr01,mtcntap01-04:mtcntap01_04_tier03_aggr01:C1036REP001_S002,506.3106460300968,5.814442805119378,515.16331726014,5.932834221805292,498.684549729518,5.712988995608309
mtcntap01_03_tier03_aggr01,mtcntap01-03:mtcntap01_03_tier03_aggr01:C1041REP001_S001,501.2394804706023,5.544445800669326,317.28015069705884,3.697411581326548,658.4784606681002,6.980635615939218
prtntap01_04_tier02_aggr01,prtntap01-04:prtntap01_04_tier02_aggr01:C1040FS003_M001,497.29214736233837,5.249775341377992,373.64391802783194,4.226414728409001,604.4539461189088,6.032275735946674
prtntap01_03_tier02_aggr01,prtntap01-03:prtntap01_03_tier02_aggr01:C1046UN001,486.9197871573052,4.815687855187472,377.86032051398604,3.7596381225137034,581.4379915815153,5.7207323525469675
mtcntap01_04_tier02_aggr01,mtcntap01-04:mtcntap01_04_tier02_aggr01:C1036REP001_M004,477.85915185233006,4.658188722028686,373.309556874126,3.33896990702047,567.9229595745182,6.0006838141042715
mtcntap01_04_tier02_aggr01,mtcntap01-04:mtcntap01_04_tier02_aggr01:C1037REPA001,472.3630535822003,4.604612552402471,497.6722445783218,4.451299511645375,450.5605577240966,4.760630646160778
prtntap01_04_tier02_aggr01,prtntap01-04:prtntap01_04_tier02_aggr01:C1046FS002_M001,468.51304471977306,4.945962332865228,233.67139471727268,2.643137427349723,672.0424747219394,6.706789722890178
prtntap01_03_tier03_aggr01,prtntap01-03:prtntap01_03_tier03_aggr01:PRTFS002,458.68010731850615,7.1863052713020625,423.6865598300699,7.149784536384745,489.00784847515143,7.21397482331657
mtcntap01_03_tier03_aggr01,mtcntap01-03:mtcntap01_03_tier03_aggr01:C1020_MGMT01,450.4758133343073,4.982924986674081,628.7651987967323,7.327290165674009,298.08321011782124,3.160027848064675
mtcntap01_03_tier03_aggr01,mtcntap01-03:mtcntap01_03_tier03_aggr01:C1000REP003_S001,446.0471544901237,2.4075237232272015,400.97418731621644,2.260016442607226,483.94942234090917,2.522220273992709
mtcntap01_03_tier03_aggr01,mtcntap01-03:mtcntap01_03_tier03_aggr01:MTCUN907,434.910049932467,4.810744751696347,729.0349001509937,8.495779131116365,183.5072449970783,1.9453896926404748
mtcntap01_04_tier02_aggr01,mtcntap01-04:mtcntap01_04_tier02_aggr01:C1036REP001_M003,428.65109521394834,4.178506762235033,525.8334384853147,4.70317996118051,344.93377540789146,3.644576237204274
mtcntap01_03_tier02_aggr01,mtcntap01-03:mtcntap01_03_tier02_aggr01:MTCNTAP01_MTCSVM001_C1035REPA002,422.70361341427713,3.0171049364688542,463.8534558832683,3.398913980459633,387.5308430357542,2.706102877534087
mtcntap01_04_tier02_aggr01,mtcntap01-04:mtcntap01_04_tier02_aggr01:C1026REPA008,413.59818493417464,4.031770434957116,415.5648580004195,3.7169114203698204,411.9040027144578,4.35218481729491
mtcntap01_04_tier03_aggr01,mtcntap01-04:mtcntap01_04_tier03_aggr01:C1026REP002_S001,405.5593354047248,4.657420455766647,295.6677740781119,3.4050325975555293,500.2249575113852,5.730636088768363
mtcntap01_05_ssd,aus-mel-a700-01:mtcntap01_05_ssd:C1000REP003_S001,398.10208908520724,29.20003999555483,337.86326478961035,25.3341971766101,448.5193659413043,32.30827216619035
mtcntap01_04_tier03_aggr01,mtcntap01-04:mtcntap01_04_tier03_aggr01:C1036REP001_S001,396.79044460043934,4.365012385014886,498.12315015,5.295316243103111,315.22997428006107,3.567801970208802
prtntap01_03_tier02_aggr01,prtntap01-03:prtntap01_03_tier02_aggr01:STANDARD_STORAGE_302,391.02289502662313,3.8672575162192278,334.6196212202798,3.329401411531101,439.9057323254549,4.32820522811035
mtcntap01_04_tier02_aggr01,mtcntap01-04:mtcntap01_04_tier02_aggr01:C1046REP002_M001,376.0475318702588,3.665725277238344,283.66057223881114,2.5371279600885095,455.63388866120465,4.814235548594564
mtcntap01_03_tier03_aggr01,mtcntap01-03:mtcntap01_03_tier03_aggr01:C1055_MGMT01,364.40901903271106,4.030899667769571,371.06961965215686,4.324245012384383,358.71587995575436,3.8028044912531556
mtcntap01_03_tier03_aggr01,mtcntap01-03:mtcntap01_03_tier03_aggr01:C1061REP001_S001,352.8549141882835,3.9030942761730554,144.8218781770588,1.6876759810688131,530.6708611699444,5.625726785452481
mtcntap01_04_tier02_aggr01,mtcntap01-04:mtcntap01_04_tier02_aggr01:C1041REP001_M001,348.03908795766677,3.2938814834632795,385.59923879440555,3.448891759657378,313.82824993439493,3.1361362082713895
prtntap01_03_tier03_aggr01,prtntap01-03:prtntap01_03_tier03_aggr01:C1040FS003_S001,342.90047258340917,5.372344329611393,326.6623251739161,5.512483667371199,356.9735336716363,5.266169229241708
mtcntap01_04_tier03_aggr01,mtcntap01-04:mtcntap01_04_tier03_aggr01:C1039REP001_S001,342.6508320045306,3.934982762931044,294.636617886014,3.393157375583124,384.01247428734956,4.399292179735418
mtcntap01_04_tier03_aggr01,mtcntap01-04:mtcntap01_04_tier03_aggr01:C1045REP001_S001,339.0735896283821,3.89390191393201,283.58809335482505,3.26591798907612,386.87133641825284,4.432043641361149
mtcntap01_04_tier02_aggr01,mtcntap01-04:mtcntap01_04_tier02_aggr01:C1046REPA001,337.9409513766663,3.294260918332051,423.26577702440574,3.785790280832965,264.4382401259036,2.7940590191010233
mtcntap01_03_tier02_aggr01,mtcntap01-03:mtcntap01_03_tier02_aggr01:C1026REPA007,337.8804844488855,2.411668235653622,257.2789043248365,1.8852265811448192,406.7745724878772,2.8404805988967015
mtcntap01_03_tier02_aggr01,mtcntap01-03:mtcntap01_03_tier02_aggr01:DC1072_DR001,337.48237580722895,2.4088266806967313,325.73495914509795,2.386842423011592,347.52346379217875,2.42673392912848
mtcntap01_03_tier03_aggr01,mtcntap01-03:mtcntap01_03_tier03_aggr01:C1029REP001_S001,336.9502506505173,1.9533938658684844,331.87446760190477,2.1233255763879826,341.68764816255543,1.8212608553461092
mtcntap01_03_tier02_aggr01,mtcntap01-03:mtcntap01_03_tier02_aggr01:C1024REPA001,323.14121717430726,2.3064646967132525,128.14476579784315,0.9389884466067753,489.81416164692746,3.420340693159758
mtcntap01_03_tier02_aggr01,mtcntap01-03:mtcntap01_03_tier02_aggr01:C1026REPA001,314.7245414021686,2.2463895205971456,525.4185194365357,3.8500356710819976,134.6341579426258,0.9401416397437673
mtcntap01_04_tier02_aggr01,mtcntap01-04:mtcntap01_04_tier02_aggr01:MTC_MGMT02,312.3514905268608,3.044813905606019,332.97193129160854,2.978180542107161,294.588098783735,3.1126229471752174
prtntap01_03_tier02_aggr01,prtntap01-03:prtntap01_03_tier02_aggr01:STANDARD_STORAGE_301,309.42376983288943,3.0602335945102572,400.4344657915387,3.9842465626198367,230.54783333539382,2.268345839225211
prtntap01_01_tier01_aggr01,prtntap01-01:prtntap01_01_tier01_aggr01:C1040VDI_SSD,304.4617090509414,17.149321929956816,250.23660062076934,15.394411059087448,351.45680302375774,18.446941306801598
mtcntap01_03_tier02_aggr01,mtcntap01-03:mtcntap01_03_tier02_aggr01:C1011REPA001,301.6751477101505,2.1532476858063303,236.50053286137256,1.7329718197269717,357.38305872614535,2.4955828445157544
mtcntap01_04_tier03_aggr01,mtcntap01-04:mtcntap01_04_tier03_aggr01:C1069REPFSS2_S001,296.2234285045957,3.4018130886269313,329.1729224916084,3.7908917696942934,267.83922585313235,3.0683977490803356
mtcntap01_04_tier02_aggr01,mtcntap01-04:mtcntap01_04_tier02_aggr01:C1045REP001_M001,290.3984655550484,2.830815004587353,219.9673041073426,1.967440145633579,351.07109258530113,3.7094232366566247
mtcntap01_03_tier03_aggr01,mtcntap01-03:mtcntap01_03_tier03_aggr01:C1032_MGMT01,285.3785206623494,3.1567061297765973,275.5913398686275,3.2115926871091522,293.74409977653625,3.114028244434312
mtcntap01_04_tier02_aggr01,mtcntap01-04:mtcntap01_04_tier02_aggr01:C1026REPA003,279.1466606072493,2.7211319929569697,261.7789704741259,2.3414136836540456,294.1079840351806,3.107550046437552
prtntap01_03_tier03_aggr01,prtntap01-03:prtntap01_03_tier03_aggr01:C1046FS002_S001,279.06503066217516,4.372211632651174,277.84299728265734,4.688649001070685,280.1241262577575,4.132466177237032
mtcntap01_03_tier03_aggr01,mtcntap01-03:mtcntap01_03_tier03_aggr01:MTC_CR_TESTDEV,272.9266584036142,3.0189702208930074,291.2779112204575,3.394395520693722,257.2409506886593,2.72705251502589
mtcntap01_03_tier03_aggr01,mtcntap01-03:mtcntap01_03_tier03_aggr01:C1027REP004_S001,268.8634779822443,1.9438660451021785,150.36923817254453,1.1567615285706763,372.035186782069,2.5558912465614845
mtcntap01_03_tier03_aggr01,mtcntap01-03:mtcntap01_03_tier03_aggr01:C1067_MGMT01,257.281252810271,2.8459090261516486,379.48992918771256,4.422370753710206,152.823557359162,1.620107006041629
mtcntap01_04_tier02_aggr01,mtcntap01-04:mtcntap01_04_tier02_aggr01:C1029REP001_M001,251.34153357019426,2.450086584123594,316.2130344181119,2.828284962674318,195.45825271927714,2.0652152790307685
mtcntap01_03_tier02_aggr01,mtcntap01-03:mtcntap01_03_tier02_aggr01:MTC_DR01_TIER2_5,250.80087130786157,1.7901255699747969,248.42850307836608,1.820374735917054,252.8286497386594,1.7654861512989832
mtcntap01_04_tier03_aggr01,mtcntap01-04:mtcntap01_04_tier03_aggr01:C1039REP001_S002,243.4300820171522,2.7955372853252505,216.96696399720287,2.498681458629157,266.22662344397594,3.0499235857584535
mtcntap01_04_tier02_aggr01,mtcntap01-04:mtcntap01_04_tier02_aggr01:C1026REPA002,240.7990590486665,2.278949661919177,337.873446559091,3.022020866244493,152.38098634808915,1.5227677203637722
prtntap01_04_tier03_aggr01,prtntap01-04:prtntap01_04_tier03_aggr01:C1040_MGMT01,240.25087301324675,15.616475538408855,255.6234634794406,16.269969402893082,226.92796127587883,15.02722712034725
mtcntap01_05_ssd,aus-mel-a700-01:mtcntap01_05_ssd:temp__1140__3922__C1036REP001_S001,236.70888889333332,0.308203883474918,,,236.70888889333332,0.55600734331477
mtcntap01_04_tier03_aggr01,mtcntap01-04:mtcntap01_04_tier03_aggr01:C1046REP002_S001,235.96091111805833,2.7097617494265607,239.02538237881114,2.752715344716625,233.32103527295195,2.672953288168439
mtcntap01_03_tier03_aggr01,mtcntap01-03:mtcntap01_03_tier03_aggr01:C1061_MGMT01,233.25633440150605,2.580158096360889,242.23873002483663,2.8229193785741873,225.57864428770947,2.3913953341957104
mtcntap01_03_tier02_aggr01,mtcntap01-03:mtcntap01_03_tier02_aggr01:C1026REPA009,231.89155793132514,1.6551577558301125,152.63683460588237,1.1184555477486782,299.63442200279337,2.0923278396068534
mtcntap01_05_ssd,aus-mel-a700-01:mtcntap01_05_ssd:C1027REP004_S002,230.00278684503257,9.18381677614504,107.40042929393184,4.601867824131864,342.3882812668749,12.867815791072609
mtcntap01_04_tier02_aggr01,mtcntap01-04:mtcntap01_04_tier02_aggr01:C1042REPA001,227.5171211243365,2.2178453286530924,327.6035310400697,2.9301642870752187,141.29810535355426,1.4929582251682512
prtntap01_03_tier03_aggr01,prtntap01-03:prtntap01_03_tier03_aggr01:C1070_MGMT02,226.54493686766241,3.5493605413072387,219.46716977363653,3.7035467382326597,232.67900168248482,3.432542985324239
mtcntap01_04_tier03_aggr01,mtcntap01-04:mtcntap01_04_tier03_aggr01:RESTORE1,219.28938545754053,2.5183068922411196,264.1485195867133,3.042043802687722,180.645673526988,2.069498133687309
mtcntap01_04_tier02_aggr01,mtcntap01-04:mtcntap01_04_tier02_aggr01:C1030REPA001,213.13122917987067,2.077611120827891,254.65866057972048,2.277727930026001,177.3575985161446,1.8739634536373913
prtntap01_03_tier02_aggr01,prtntap01-03:prtntap01_03_tier02_aggr01:C1040VDI_STANDARD02,211.78305104487012,2.0945566266787283,211.7378010851049,2.10675073755811,211.8222676766667,2.084106159612524
mtcntap01_03_tier02_aggr01,mtcntap01-03:mtcntap01_03_tier02_aggr01:C1061REP001_M001,209.03533008297546,1.4650541129251065,167.66380630466216,1.1884173481754023,243.43412513460675,1.6903882289401544
mtcntap01_04_tier02_aggr01,mtcntap01-04:mtcntap01_04_tier02_aggr01:C1020REPA001,207.63710469385114,2.024054191722332,297.9005017545455,2.6644932933772085,129.88008192469874,1.3723151921238959
mtcntap01_03_tier02_aggr01,mtcntap01-03:mtcntap01_03_tier02_aggr01:C1011REPA002,202.7694022477408,1.4472943809139305,113.54254720313722,0.8319898152550586,279.0359319786031,1.9484899125642938
prtntap01_04_tier03_aggr01,prtntap01-04:prtntap01_04_tier03_aggr01:C1034_MGMT02,200.7758928562986,13.050574094353893,218.24308469363635,13.89077615186938,185.63765993060608,12.292972898459317
mtcntap01_04_tier02_aggr01,mtcntap01-04:mtcntap01_04_tier02_aggr01:C1039REP001_M002,199.26913961747576,1.9424829580355751,205.48677075034968,1.8379227940783163,193.91298749698797,2.048887979963945
mtcntap01_03_tier02_aggr01,mtcntap01-03:mtcntap01_03_tier02_aggr01:MTC_MGMT01,193.31957358823522,1.3424394995851918,239.60575435424835,1.7557255162030745,151.66201089882352,1.0057979136404251
mtcntap01_04_tier03_aggr01,mtcntap01-04:mtcntap01_04_tier03_aggr01:C1027REP004_S001,192.24220769780703,0.8144907580060541,160.95624419211532,0.6740504731127644,218.48204805741932,0.9348390257271763
mtcntap01_03_tier02_aggr01,mtcntap01-03:mtcntap01_03_tier02_aggr01:MTC_DR01_TIER2_2,191.6810658078915,1.3681498608572518,294.39730754810455,2.1572139039678553,103.88450163888268,0.7254187734167994
mtcntap01_03_tier03_aggr01,mtcntap01-03:mtcntap01_03_tier03_aggr01:RESTORE0,191.39769403701493,2.1171399746184973,168.9270161560587,1.9685842450658486,210.604474572134,2.232651762948736
mtcntap01_04_tier03_aggr01,mtcntap01-04:mtcntap01_04_tier03_aggr01:C1071_MGMT01,186.16179330731396,2.1378714987942193,222.7286575109091,2.5650355085166194,154.66142233674705,1.7718194885608753
mtcntap01_04_tier03_aggr01,mtcntap01-04:mtcntap01_04_tier03_aggr01:C1027REP004_S002,179.75657403084395,1.5833090439441055,169.96406448772728,1.5056743015501715,188.23827520992134,1.6498370118215333
mtcntap01_04_tier03_aggr01,mtcntap01-04:mtcntap01_04_tier03_aggr01:C1036REP001_S003,177.73721866084136,2.0411241603302717,201.65262173335663,2.3223151475521084,157.13539553210848,1.8001616171634074
prtntap01_04_tier03_aggr01,prtntap01-04:prtntap01_04_tier03_aggr01:C1060_REPMEDIA1_2,176.7946203087662,11.491774530292343,180.88733294335654,11.513150366949976,173.24760269212115,11.472500167333582
mtcntap01_04_tier03_aggr01,mtcntap01-04:mtcntap01_04_tier03_aggr01:C1040REP003_S002,175.79907640815526,2.018866644386673,167.995741636084,1.9347085704722724,182.5212262419277,2.090984686713557
mtcntap01_04_tier03_aggr01,mtcntap01-04:mtcntap01_04_tier03_aggr01:C1029REP001_S001,174.05854271394898,1.0156113827489053,219.69224372956526,1.2208015156564196,138.2775725994318,0.8397766707382799
mtcntap01_01_tier01_aggr01,mtcntap01-01:mtcntap01_01_tier01_aggr01:MTC_VDI_TIER1,167.8059906278614,6.509858338621044,158.51226010162324,6.094408445109831,175.84663389213486,6.875380177591922
mtcntap01_04_tier03_aggr01,mtcntap01-04:mtcntap01_04_tier03_aggr01:C1026REP002_M002,161.6636837546277,1.8565365951248705,108.77928550146854,1.2527473250211079,207.22072562331314,2.3739450636480837
mtcntap01_04_tier03_aggr01,mtcntap01-04:mtcntap01_04_tier03_aggr01:C1026REP002_S002,159.52978984113275,1.832031078186814,164.24191064594413,1.8914778973730677,155.47055324421683,1.7810889876317582
mtcntap01_03_tier02_aggr01,mtcntap01-03:mtcntap01_03_tier02_aggr01:C1025REPA001,153.98135506596392,1.099063011884799,118.49538035882347,0.868281996852995,184.3129423854749,1.2870453867592957
mtcntap01_04_tier02_aggr01,mtcntap01-04:mtcntap01_04_tier02_aggr01:C1036REP001_M001,153.5875930339159,1.497177548951091,164.18120788475528,1.468475966743902,144.46176819253014,1.5263855414460585
mtcntap01_04_tier03_aggr01,mtcntap01-04:mtcntap01_04_tier03_aggr01:C1063_MGMT01,152.88530144368923,1.7557261494654104,181.8134634777622,2.093839180636231,127.9652582456627,1.4659850853092782
mtcntap01_04_tier02_aggr01,mtcntap01-04:mtcntap01_04_tier02_aggr01:C1011REPA003,151.05560512006477,1.4724956369297446,117.9433719237762,1.054913709907507,179.57999877710844,1.897445373235109
mtcntap01_04_tier03_aggr01,mtcntap01-04:mtcntap01_04_tier03_aggr01:C1066_MGMT01,148.48553237540452,1.705199450483548,130.24491671524478,1.4999544284597928,164.19883381759036,1.8810811989270766
mtcntap01_04_tier03_aggr01,mtcntap01-04:mtcntap01_04_tier03_aggr01:C1064_MGMT01,147.2762715721683,1.6913123678554813,163.40042888377616,1.8817870447281886,133.38618424951812,1.5280878527257356
mtcntap01_05_ssd,aus-mel-a700-01:mtcntap01_05_ssd:C1026REP002_M002,147.1236111,0.06385349321391795,,,147.1236111,0.11519326337796615
aggr0_prtntap01_02,prtntap01-02:aggr0_prtntap01_02:vol0,144.43950777882733,99.99999999999999,141.64067793286713,100.0,146.8799508762194,99.99999999999999
mtcntap01_04_tier03_aggr01,mtcntap01-04:mtcntap01_04_tier03_aggr01:STANDARD_STORAGE_101_REPLICA,141.11569157178,1.6205646157797908,123.14440429622378,1.4181819853130906,156.59698121277108,1.793993479243111
mtcntap01_04_tier02_aggr01,mtcntap01-04:mtcntap01_04_tier02_aggr01:BRNREPA001,132.8811699755987,1.2953305695850565,116.20261351762238,1.0393439506379893,147.24884210506022,1.5558338126132625
mtcntap01_03_tier02_aggr01,mtcntap01-03:mtcntap01_03_tier02_aggr01:C1064_SI_001,130.98532285403613,0.9349256823138646,126.89099401006537,0.9298013587372473,134.48494471508377,0.9390996934014981
mtcntap01_02_root,mtcntap01-02:mtcntap01_02_root:vol0,130.52279762077924,100.0,128.31775835454545,100.0,132.43383165151508,100.00000000000001
mtcntap01_02_tier01_aggr01,mtcntap01-02:mtcntap01_02_tier01_aggr01:FAST_STORAGE_301_REPLICA,128.05539592269474,14.190394357738537,100.8858100233567,12.212874402708717,151.6023703687879,15.652069785949427
prtntap01_03_tier03_aggr01,prtntap01-03:prtntap01_03_tier03_aggr01:C1060_REPMEDIA1_1,122.89759830616882,1.9254806224345522,122.88490870188812,2.073704250482233,122.90859596321212,1.813180544264528
prtntap01_03_tier02_aggr01,prtntap01-03:prtntap01_03_tier02_aggr01:BRNUN003,122.35411075081167,1.2100950109562758,121.91986791048946,1.2130794328036494,122.73045454575761,1.2075373335219663
prtntap01_01_tier01_aggr01,prtntap01-01:prtntap01_01_tier01_aggr01:FAST_STORAGE_302,120.84088113188312,6.806567496747421,124.49029525958038,7.6585710217407845,117.67805555454561,6.17657750607405
mtcntap01_04_tier03_aggr01,mtcntap01-04:mtcntap01_04_tier03_aggr01:C1051_MGMT01,119.73591023957937,1.375040416917399,136.50611419671324,1.5720609730117205,105.28928875843377,1.206206505412319
mtcntap01_04_tier03_aggr01,mtcntap01-04:mtcntap01_04_tier03_aggr01:C1057_MGMT01,119.2958403477023,1.369986679184177,129.985864996014,1.496971081521886,110.08696369283133,1.2611692350970174
mtcntap01_04_tier02_aggr01,mtcntap01-04:mtcntap01_04_tier02_aggr01:C1027REPA008,118.93671886116496,1.1593995433310935,140.35328282671327,1.2553533095536178,100.48751014385545,1.0617527702905842
mtcntap01_06_ssd,aus-mel-a700-02:mtcntap01_06_ssd:temp__1248__3699__C1050REPFS001,118.04305555547059,3.6046264194215016,142.76920634707145,3.3900798742937015,100.73475000135002,3.846109383749305
mtcntap01_04_tier03_aggr01,mtcntap01-04:mtcntap01_04_tier03_aggr01:C1029_MGMT01,115.87125133145628,1.3306588927310774,153.2860967309091,1.765306204736753,83.64039053554218,0.958194175009248
mtcntap01_03_tier02_aggr01,mtcntap01-03:mtcntap01_03_tier02_aggr01:MTC_DR01_TIER2_1,113.5485860275,0.8104685849866866,110.97910221437905,0.8132060185625489,115.74484872810055,0.8082388120368592
mtcntap01_04_root,mtcntap01-04:mtcntap01_04_root:vol0,113.24088115061484,100.0,110.45356583300696,100.0,115.64200217722889,100.0
prtntap01_02_tier01_aggr01,prtntap01-02:prtntap01_02_tier01_aggr01:PRT_MGMT03,111.24473760420194,9.736672662984974,117.64187256993006,10.636174635825808,105.66674796945118,8.997958503876982
mtcntap01_04_tier03_aggr01,mtcntap01-04:mtcntap01_04_tier03_aggr01:C1034REP002_S006,109.21671116231072,1.254238530032312,103.36440190251753,1.1903872818142145,114.25815829574704,1.3089549322434868
mtcntap01_05_ssd,aus-mel-a700-01:mtcntap01_05_ssd:temp__1131__3879__C1027REP004_S003,107.81194440000002,0.04679173661286445,,,107.81194440000002,0.08441343720226185
mtcntap01_03_tier03_aggr01,mtcntap01-03:mtcntap01_03_tier03_aggr01:PRT_MGMT01_REPLICA,107.445041666988,1.1885001746350097,118.99532861372548,1.386707315832807,97.57245003094968,1.0343811688683433
prtntap01_04_tier03_aggr01,prtntap01-04:prtntap01_04_tier03_aggr01:C1060_MGMT01,101.37264610253243,6.589293217830217,66.28960761125873,4.219213185223556,131.777946128303,8.726368997408272
mtcntap01_04_tier03_aggr01,mtcntap01-04:mtcntap01_04_tier03_aggr01:C1040REP003_AR01,98.84166808121687,1.1350921224490043,94.8422983967832,1.0922432066702614,102.28690823106031,1.1718108801160938
mtcntap01_03_root,mtcntap01-03:mtcntap01_03_root:vol0,87.59186331490963,100.0,87.43801016516342,100.00000000000001,87.72336907977652,100.0
mtcntap01_04_tier03_aggr01,mtcntap01-04:mtcntap01_04_tier03_aggr01:C1060_MGMT01,86.51566703504857,0.9935410240063163,134.49682691629366,1.5489211881331872,45.18249918554218,0.5176160375954892
mtcntap01_02_tier01_aggr01,mtcntap01-02:mtcntap01_02_tier01_aggr01:STANDARD_STORAGE_103_REPLICA,86.28349386808445,9.561462019849477,75.63125680013984,9.155648747879127,95.51543266030302,9.861417166482589
mtcntap01_03_tier03_aggr01,mtcntap01-03:mtcntap01_03_tier03_aggr01:C1058_MGMT01,86.1842647563554,0.9533247148917944,67.30610747967322,0.784349038988464,102.3203433224581,1.084714346020038
mtcntap01_02_tier01_aggr01,mtcntap01-02:mtcntap01_02_tier01_aggr01:FAST_STORAGE_101_REPLICA,83.36143037490258,9.237655022043356,76.77626068349652,9.294258812216336,89.06857744078789,9.195816572307857
prtntap01_03_tier03_aggr01,prtntap01-03:prtntap01_03_tier03_aggr01:LOW_STORAGE_101,81.4288717532143,1.275775253776073,87.82662393174824,1.4820895850978695,75.88415319848488,1.1194633631537398
mtcntap01_04_tier03_aggr01,mtcntap01-04:mtcntap01_04_tier03_aggr01:C1072_MGMT01,80.81069576708741,0.9280254568293271,96.54511275965037,1.1118535224418293,67.25634859879519,0.7704966589362328
mtcntap01_04_tier03_aggr01,mtcntap01-04:mtcntap01_04_tier03_aggr01:STANDARD_STORAGE_102_REPLICA,79.70293588317155,0.9153040050144435,72.37292346461541,0.8334765746648551,86.0173441714458,0.98542483610022
prtntap01_04_tier03_aggr01,prtntap01-04:prtntap01_04_tier03_aggr01:C1070_MGMT01,78.9328787874026,5.130692576886907,42.43896270419578,2.7011629342989494,110.56093939284843,7.321373433022953
mtcntap01_03_tier03_aggr01,mtcntap01-03:mtcntap01_03_tier03_aggr01:temp__1154__3624__C1029REP001_S001,76.8185277841,0.025594153321673887,9.699259258,0.002216273155000086,105.58392858100001,0.04377198297223975
mtcntap01_03_tier03_aggr01,mtcntap01-03:mtcntap01_03_tier03_aggr01:C1059_MGMT01,75.11860094960846,0.8309221994966908,62.88397149529414,0.7328158536728292,85.5761333882123,0.9072062949454949
mtcntap01_03_tier02_aggr01,mtcntap01-03:mtcntap01_03_tier02_aggr01:STANDARD_STORAGE_901,73.20978593195777,0.5225448742891616,67.94734023228759,0.4978882052539647,77.70785404396648,0.5426289319014933
mtcntap01_04_tier03_aggr01,mtcntap01-04:mtcntap01_04_tier03_aggr01:C1069_MGMT01,72.98833762799353,0.8381939386545784,87.50576145937065,1.0077526073719412,60.48236408650603,0.6928930937242777
aggr0_prtntap01_03,prtntap01-03:aggr0_prtntap01_03:vol0,71.47738636376627,100.0,68.2495493393706,100.0,74.27484511824245,100.0
mtcntap01_04_tier03_aggr01,mtcntap01-04:mtcntap01_04_tier03_aggr01:C1034REP002_S001,68.01976166803239,0.7811350935194756,70.77043957139861,0.8150217061541617,65.65020178742171,0.7520964517036546
mtcntap01_03_tier03_aggr01,mtcntap01-03:mtcntap01_03_tier03_aggr01:C1029REP001_AR002,67.67308610328014,0.7485638555673815,52.34851851872547,0.6100413726203422,80.77173884315083,0.8562741389562886
mtcntap01_01_root,mtcntap01-01:mtcntap01_01_root:vol0,66.68460508710841,99.99999999999999,66.12263347727271,100.0,67.17080524393262,100.0
prtntap01_04_tier02_aggr01,prtntap01-04:prtntap01_04_tier02_aggr01:C1036FSS1_M001,65.9003814968182,0.695692058691051,81.98171523279719,0.9273233471829652,51.96322559230302,0.5185779775525019
aggr0_prtntap01_04,prtntap01-04:aggr0_prtntap01_04:vol0,65.62353174649346,100.0,62.5867424244056,100.0,68.25541582563633,100.0
mtcntap01_03_tier03_aggr01,mtcntap01-03:mtcntap01_03_tier03_aggr01:MTC_DEVTEST01,65.35198629587349,0.7228890781774849,83.67898511156865,0.9751497154342272,49.687009654525134,0.5267399466521333
prtntap01_04_tier03_aggr01,prtntap01-04:prtntap01_04_tier03_aggr01:C1046_MGMT01,64.64255862191557,4.20181172621023,73.01242035825173,4.647108012271595,57.388678450424216,3.800292834617601
prtntap01_04_tier03_aggr01,prtntap01-04:prtntap01_04_tier03_aggr01:C1000FS003,64.52025432844157,4.193861861207351,62.59212509804194,3.983875135504158,66.19129966145451,4.3832046426152305
mtcntap01_04_tier03_aggr01,mtcntap01-04:mtcntap01_04_tier03_aggr01:FAST_STORAGE_102_REPLICA,64.07562665267636,0.7358408702155219,70.4242928592797,0.8110353371899535,58.60659492048194,0.6714040610088879
mtcntap01_04_tier03_aggr01,mtcntap01-04:mtcntap01_04_tier03_aggr01:MTC_ARCHIVEREADY,62.90233450995792,0.7223668496492492,69.74366762823075,0.8031969750090681,57.008896944216865,0.6531006446274124
mtcntap01_01_tier01_aggr01,mtcntap01-01:mtcntap01_01_tier01_aggr01:DR_CLUSTER01_1,61.995676873734965,2.4050576057797253,90.12841269831172,3.465216880642472,37.65611891314606,1.472306451423456
mtcntap01_04_tier03_aggr01,mtcntap01-04:mtcntap01_04_tier03_aggr01:C1070_MGMT01,61.462370943657014,0.7058303895464241,90.98637408972027,1.0478367846305454,36.029042932289144,0.4127529635841123
mtcntap01_04_tier03_aggr01,mtcntap01-04:mtcntap01_04_tier03_aggr01:C1036REP001_S004,61.1301705079288,0.7020154185429058,66.17715694895108,0.7621235602267427,56.78246532078311,0.6505066172535215
aggr0_prtntap01_01,prtntap01-01:aggr0_prtntap01_01:vol0,55.57023448772726,100.0,52.715565267762244,100.0,58.0442811450303,100.0
mtcntap01_04_tier02_aggr01,mtcntap01-04:mtcntap01_04_tier02_aggr01:C1036REPFSS1_M001,55.38049064711973,0.5398510752652657,72.59344683552446,0.6492931401497328,40.5524621233735,0.42847801622268183
mtcntap01_03_tier03_aggr01,mtcntap01-03:mtcntap01_03_tier03_aggr01:C1050_MGMT01,51.51718178394579,0.5698557941528091,52.54589324686274,0.612341471142335,50.63789209776537,0.5368204037154051
mtcntap01_04_tier02_aggr01,mtcntap01-04:mtcntap01_04_tier02_aggr01:C1029REP001_M002,51.35673017512948,0.5006273090611144,57.212165912125876,0.5117192870592993,46.31258975109035,0.4893396243688129
prtntap01_03_tier03_aggr01,prtntap01-03:prtntap01_03_tier03_aggr01:C1040FS003_S002,49.534848485350636,0.7760801855229312,43.616818182573425,0.7360414082833877,54.66380808109088,0.806415145428155
mtcntap01_01_tier01_aggr01,mtcntap01-01:mtcntap01_01_tier01_aggr01:STANDARD_STORAGE_304_REPLICA,48.926473393879526,1.8980514915513682,45.61385642184414,1.7537411403578083,51.7924453809214,2.0250188726355054
mtcntap01_03_tier02_aggr01,mtcntap01-03:mtcntap01_03_tier02_aggr01:C1051FSSREP001_M001,48.82479930454823,0.3484936923391771,50.71662581666666,0.37162911334089344,47.20776323553075,0.32964876532893495
mtcntap01_03_tier03_aggr01,mtcntap01-03:mtcntap01_03_tier03_aggr01:C1052_MGMT01,45.7986374079518,0.5066002833904628,31.688409585686262,0.3692796172043097,57.85933493201119,0.613376075705129
mtcntap01_03_tier03_aggr01,mtcntap01-03:mtcntap01_03_tier03_aggr01:STANDARD_STORAGE_303_REPLICA,45.25332841090363,0.5005683639257145,38.4431417930719,0.4479956195683952,51.07432591106146,0.5414471084644165
prtntap01_04_tier02_aggr01,prtntap01-04:prtntap01_04_tier02_aggr01:STANDARD_STORAGE_305,43.33458333318184,0.45747118312260093,38.55545454564336,0.4361139927348502,47.47649494904847,0.47380170209460537
mtcntap01_05_root,aus-mel-a700-01:mtcntap01_05_root:vol0,38.75939450657303,100.0,37.689144056279055,100.0,39.759846014456514,100.0
mtcntap01_01_tier01_aggr01,mtcntap01-01:mtcntap01_01_tier01_aggr01:FAST_STORAGE_901,38.34091114489457,1.4873956477539454,66.35304653714932,2.5511122415106326,14.105692884179778,0.5515146869776211
mtcntap01_04_tier03_aggr01,mtcntap01-04:mtcntap01_04_tier03_aggr01:LOW_STORAGE_101_REPLICA,37.33090456623948,0.4287059953522419,46.70527893467132,0.5378773447540645,29.255389297048197,0.33515318893863133
prtntap01_03_tier03_aggr01,prtntap01-03:prtntap01_03_tier03_aggr01:C1036_MGMT01,36.775287698181806,0.5761715836862741,38.78992618475526,0.6545867645990537,35.02926767648486,0.5167611437840132
mtcntap01_04_tier03_aggr01,mtcntap01-04:mtcntap01_04_tier03_aggr01:C1036REPFSS1_S001,36.68527721865374,0.42129164743087694,55.14158996629373,0.6350333982176474,20.786164430024098,0.23812875035739942
prtntap01_04_tier03_aggr01,prtntap01-04:prtntap01_04_tier03_aggr01:HCP01,35.96460137074676,2.337724356672474,58.520178710000046,3.7247031399373616,16.416434343393934,1.087100443671379
mtcntap01_01_tier01_aggr01,mtcntap01-01:mtcntap01_01_tier01_aggr01:temp__1227__3625__C1026REP002_M001,33.868574075733335,0.05936277095028963,3.0955092596666667,0.004636938499989176,54.38395061977778,0.1075117468650043
mtcntap01_06_root,aus-mel-a700-02:mtcntap01_06_root:vol0,33.781577061096776,100.0,32.76769736894737,100.0,34.7569549927848,100.00000000000001
mtcntap01_04_tier03_aggr01,mtcntap01-04:mtcntap01_04_tier03_aggr01:C1034REP002_S003,33.53425983207444,0.3851055420904947,34.4950552245874,0.3972593491476267,32.70658669274097,0.37469051319293006
prtntap01_04_tier03_aggr01,prtntap01-04:prtntap01_04_tier03_aggr01:C1036FSS1_S001,33.43074495009414,2.173021909123906,41.774893163846144,2.658896113578281,26.1991498315091,1.7349143431446445
prtntap01_04_tier03_aggr01,prtntap01-04:prtntap01_04_tier03_aggr01:LOW_STORAGE_301,31.79254599551948,2.0665378261305776,31.78203379909092,2.0228687556082345,31.801656565757586,2.105913759283038
mtcntap01_03_tier03_aggr01,mtcntap01-03:mtcntap01_03_tier03_aggr01:STANDARD_STORAGE_301_REPLICA,30.38816663396992,0.33613781325758096,32.94873002815032,0.3839667112122753,28.199528648999987,0.29894771932278635
mtcntap01_03_tier02_aggr01,mtcntap01-03:mtcntap01_03_tier02_aggr01:C1064_JOURNAL_001,29.96841205855421,0.21390364570028236,31.937703341045754,0.23402543413834329,28.285163085251398,0.19751346916523446
mtcntap01_04_tier02_aggr01,mtcntap01-04:mtcntap01_04_tier02_aggr01:C1045REP001_M002,29.914968178802585,0.29161221847522045,31.207589420559437,0.2791281391733385,28.80144506090361,0.3043165666858386
mtcntap01_03_tier02_aggr01,mtcntap01-03:mtcntap01_03_tier02_aggr01:C1034REP002_M005,29.159543845391532,0.20813023804196154,19.936964413836606,0.14608930086567828,37.042530733815646,0.25866560252257137
prtntap01_03_tier02_aggr01,prtntap01-03:prtntap01_03_tier02_aggr01:MTC_MGMT02_REPLICA,25.356501623311676,0.2507784652382071,27.09828088573426,0.2696227265514638,23.84695959587879,0.23462875705619984
prtntap01_04_tier03_aggr01,prtntap01-04:prtntap01_04_tier03_aggr01:PRT_MGMT02,25.247395382532478,1.6410984378737967,27.37847125111888,1.7425899934632514,23.40046296309091,1.5495845892703524
mtcntap01_03_tier03_aggr01,mtcntap01-03:mtcntap01_03_tier03_aggr01:STANDARD_STORAGE_302_REPLICA,24.737669876051175,0.27363500922521655,21.580660856660142,0.25148937054143733,27.436118926145248,0.29085469059181296
mtcntap01_03_tier03_aggr01,mtcntap01-03:mtcntap01_03_tier03_aggr01:C1032REP003_S002,24.72487075760843,0.2734934321522463,18.719104030633996,0.21814233220346294,29.858291479547475,0.3165325297379479
prtntap01_03_tier03_aggr01,prtntap01-03:prtntap01_03_tier03_aggr01:LOW_STORAGE_401,24.41051767701299,0.38244830996282664,23.370031080069936,0.39437334735879,25.312272727696964,0.3734134303732086
mtcntap01_03_tier03_aggr01,mtcntap01-03:mtcntap01_03_tier03_aggr01:C1000_MGMT01,23.55268481310241,0.2605273317335041,23.868713688758174,0.2781531029605631,23.28255957301676,0.24682214270262606
prtntap01_04_tier03_aggr01,prtntap01-04:prtntap01_04_tier03_aggr01:C1034_MGMT01,23.40400162337662,1.5212765484194106,25.489372572027964,1.6223522919256264,21.596680134545448,1.4301376331176812
mtcntap01_04_tier03_aggr01,mtcntap01-04:mtcntap01_04_tier03_aggr01:C1034REP002_AR01,23.237283768660188,0.2668556517201339,30.084549607139852,0.3464661389442613,17.338735486114455,0.19863459793102123
prtntap01_03_tier03_aggr01,prtntap01-03:prtntap01_03_tier03_aggr01:MTC_MGMT01_REPLICA,22.240702561493517,0.34845304059401405,23.489413364335675,0.3963879442114817,21.158486532363618,0.31213566330256964
mtcntap01_03_tier03_aggr01,mtcntap01-03:mtcntap01_03_tier03_aggr01:C1027REP004_AR001,21.113809092551197,0.2335497795373586,29.153100036366002,0.33973448849294896,14.242236386385468,0.15098422880614087
mtcntap01_03_tier03_aggr01,mtcntap01-03:mtcntap01_03_tier03_aggr01:C1027_MGMT01,21.06028207807229,0.23295769203784375,21.847109658627463,0.25459442102776675,20.387742302513978,0.21613372121712335
mtcntap01_05_ssd,aus-mel-a700-01:mtcntap01_05_ssd:temp__1130__3710__C1027REP004_S002,18.584873188173916,0.3710391350237806,24.483169192636353,0.524524479469355,13.178101850749995,0.24763316440621663
prtntap01_04_tier03_aggr01,prtntap01-04:prtntap01_04_tier03_aggr01:C1024_MGMT01,17.857169913311694,1.1607285902393651,17.957571872517484,1.1429668503009374,17.770154881999996,1.1767441608966058
mtcntap01_03_tier03_aggr01,mtcntap01-03:mtcntap01_03_tier03_aggr01:MTC_OFFLOAD01,17.507967809789147,0.19366387202799848,17.843118191764702,0.20793406616917867,17.221498488882688,0.1825678634793373
prtntap01_04_tier03_aggr01,prtntap01-04:prtntap01_04_tier03_aggr01:PRT_DEVTEST01,16.59755411243504,1.078852678216773,16.580924630769236,1.0553457524684116,16.611966329878797,1.1000486213824041
mtcntap01_03_tier03_aggr01,mtcntap01-03:mtcntap01_03_tier03_aggr01:C1030_MGMT01,15.770929356716863,0.1744496721654986,15.714577886993464,0.1831292066250469,15.81909569675978,0.1677007668872133
mtcntap01_03_tier02_aggr01,mtcntap01-03:mtcntap01_03_tier02_aggr01:MTC_DR01_TIER2_4,14.97026545966868,0.10685232012518682,15.476658496934636,0.11340614210982314,14.53742671831843,0.10151391297325174
mtcntap01_04_tier03_aggr01,mtcntap01-04:mtcntap01_04_tier03_aggr01:C1034REP002_S005,14.796993611488679,0.1699278372207158,10.127872930139862,0.11663678119319064,18.819187933373485,0.21559483570919113
mtcntap01_03_tier02_aggr01,mtcntap01-03:mtcntap01_03_tier02_aggr01:C1064_DR_MGMT01,14.257982266644587,0.10176830127690081,14.037003449516344,0.10285698352181268,14.44686360195531,0.10088151657386092
prtntap01_03_tier03_aggr01,prtntap01-03:prtntap01_03_tier03_aggr01:C1036FS003,12.841506132545451,0.2011924688673889,12.78182983667132,0.21569560608575108,12.893225588969695,0.19020431896993292
mtcntap01_01_tier01_aggr01,mtcntap01-01:mtcntap01_01_tier01_aggr01:MTC_OFFLOAD03,12.826962851524103,0.4976086417758226,13.442875180857147,0.516845649517896,12.294094881202245,0.4806835045787754
mtcntap01_04_tier02_aggr01,mtcntap01-04:mtcntap01_04_tier02_aggr01:C1036REP001_M002,11.699971020854377,0.11405175111985368,20.907267870356648,0.18699960119337422,3.7683839758012057,0.039816810269233574
mtcntap01_04_tier02_aggr01,mtcntap01-04:mtcntap01_04_tier02_aggr01:C1000REP003_M001,11.180013105563331,0.10580891465205508,11.058919517622382,0.09891361952448789,11.290308539165604,0.11282587026386202
mtcntap01_04_tier03_aggr01,mtcntap01-04:mtcntap01_04_tier03_aggr01:C1046_MGMT01,10.101146211216816,0.1160009914304216,10.244890055139857,0.11798439889126265,9.977318683018071,0.11430133913849122
prtntap01_03_tier02_aggr01,prtntap01-03:prtntap01_03_tier02_aggr01:STANDARD_STORAGE_401,9.758267496613644,0.09651029083344977,9.555668220930068,0.09507707631389582,9.933853535539395,0.09773856908051064
mtcntap01_03_tier03_aggr01,mtcntap01-03:mtcntap01_03_tier03_aggr01:temp__1129__3623__C1027REP004_S001,9.610648146666668,0.0009606135757161445,9.610648146666668,0.002196025585360084,,
mtcntap01_04_tier03_aggr01,mtcntap01-04:mtcntap01_04_tier03_aggr01:MTC_ISO,9.362021282640773,0.1075129225803191,10.604205205426574,0.12212242104581304,8.291947180481927,0.09499352450352157
mtcntap01_04_tier03_aggr01,mtcntap01-04:mtcntap01_04_tier03_aggr01:MTC_DR01_STG,7.840820145495144,0.09004353481143133,8.912724687636361,0.10264263053038077,6.917432497746987,0.07924692224558932
prtntap01_02_tier01_aggr01,prtntap01-02:prtntap01_02_tier01_aggr01:FAST_STORAGE_401,7.374324104205206,0.6454361928459788,7.300419580370633,0.6600416660782704,7.438765243890241,0.6334414777670418
mtcntap01_03_tier03_aggr01,mtcntap01-03:mtcntap01_03_tier03_aggr01:C1029REP001_AR001,6.722985316608436,0.07436610474425182,5.778928830529408,0.06734451663212536,7.529916279569834,0.07982584838519097
prtntap01_04_tier02_aggr01,prtntap01-04:prtntap01_04_tier02_aggr01:C1040FS003_M002,5.8731132756461095,0.062000828718377886,2.195005827489511,0.024828465045573764,9.060806397381825,0.09042422988547176
prtntap01_04_tier03_aggr01,prtntap01-04:prtntap01_04_tier03_aggr01:PRT_ISO,5.169018759032468,0.3359898509236896,5.728735431279722,0.3646236105070496,4.683930976418184,0.3101710966023102
mtcntap01_03_tier03_aggr01,mtcntap01-03:mtcntap01_03_tier03_aggr01:FAST_STORAGE_302_REPLICA,4.6649599907680726,0.051601318010346585,3.963945170620917,0.04619367694259318,5.264151429217877,0.05580611234756499
mtcntap01_03_tier02_aggr01,mtcntap01-03:mtcntap01_03_tier02_aggr01:C1027REP004_M003,4.2972550828012075,0.030672246728297037,4.08325798847711,0.02992031747705891,4.480168800296087,0.03128472971943841
prtntap01_01_tier01_aggr01,prtntap01-01:prtntap01_01_tier01_aggr01:TEST_NFS3,4.222053571418832,0.23781432524794394,4.209842657314686,0.25898708742051346,4.232636363642423,0.2221587230675058
mtcntap01_04_tier03_aggr01,mtcntap01-04:mtcntap01_04_tier03_aggr01:C1034REP002_S004,4.097921992666664,0.04706030424804614,4.04460460062937,0.046579342480955216,4.14385203520482,0.04747245746713964
mtcntap01_03_tier03_aggr01,mtcntap01-03:mtcntap01_03_tier03_aggr01:C1041REP001_S002,3.874586944557267,0.04285862975899138,3.4772993827581455,0.04052256966375933,4.214167933134057,0.044675069152204525
mtcntap01_03_tier03_aggr01,mtcntap01-03:mtcntap01_03_tier03_aggr01:LOW_STORAGE_301_REPLICA,3.3327636920481947,0.036865267755147556,3.4558451343921557,0.04027255343613591,3.227560001106145,0.03421588046090793
mtcntap01_03_tier03_aggr01,mtcntap01-03:mtcntap01_03_tier03_aggr01:PRT_MGMT02_REPLICA,3.182910642334338,0.035207672644276766,3.5429003268039216,0.041287047648681865,2.8752099623128484,0.030480561271298466
prtntap01_03_tier02_aggr01,prtntap01-03:prtntap01_03_tier02_aggr01:STANDARD_STORAGE_402,3.003649891775973,0.029706413020318984,2.940992618489512,0.029262315639451503,3.057952861957577,0.030087008629039246
prtntap01_03_tier02_aggr01,prtntap01-03:prtntap01_03_tier02_aggr01:STANDARD_STORAGE_403,2.9786724386883123,0.02945938338492464,2.9274300699650357,0.029127370868320988,3.0230824915818175,0.029743921216723267
prtntap01_04_tier02_aggr01,prtntap01-04:prtntap01_04_tier02_aggr01:C1046FS002_M002,2.611832611834415,0.027572392836166495,1.616216006202797,0.018281574524108973,3.474700336715149,0.034676505406963105
mtcntap01_04_tier02_aggr01,mtcntap01-04:mtcntap01_04_tier02_aggr01:C1046REP002_M002,2.608277754857605,0.02542558821882853,2.9682315711818186,0.026548572654372087,2.2981970576626507,0.02428278986267823
mtcntap01_03_tier03_aggr01,mtcntap01-03:mtcntap01_03_tier03_aggr01:C1000VBCK002,2.2103671959578293,0.024449911858617834,0.26787581701307195,0.0031216801492480657,3.870708989134078,0.04103400588239531
mtcntap01_04_tier02_aggr01,mtcntap01-04:mtcntap01_04_tier02_aggr01:C1034REP002_M001,2.110255089378643,0.020570844818694457,2.9519353586223764,0.026402815434037292,1.38519317069277,0.014635975000924813
prtntap01_03_tier03_aggr01,prtntap01-03:prtntap01_03_tier03_aggr01:C1000VBCK001,2.0200351732045463,0.03164861344931867,3.764061771461535,0.06351919838662448,0.5085454547151509,0.007502198826188358
mtcntap01_03_tier03_aggr01,mtcntap01-03:mtcntap01_03_tier03_aggr01:MTC_C1041_MGMT01,2.0064408338192794,0.02219418638954004,2.062869462601307,0.02403956700420733,1.9582085421787725,0.02075928235997313
mtcntap01_04_tier03_aggr01,mtcntap01-04:mtcntap01_04_tier03_aggr01:C1034REP002_S002,1.765030267883496,0.020269507707138108,2.6282944646083926,0.03026852810006275,1.0213749658855416,0.01170099202724211
mtcntap01_04_tier03_aggr01,mtcntap01-04:mtcntap01_04_tier03_aggr01:LOW_STORAGE_401_REPLICA,1.696383008731391,0.01948116646802382,1.659327915412587,0.01910950782387614,1.7283039626144576,0.019799653959277623
mtcntap01_03_tier03_aggr01,mtcntap01-03:mtcntap01_03_tier03_aggr01:MTC_TEMPLATE,1.4354534533162657,0.015878226239926914,1.438558460457515,0.01676418364157128,1.4327994527988817,0.015189336459932338
mtcntap01_04_tier03_aggr01,mtcntap01-04:mtcntap01_04_tier03_aggr01:C1046REP002_S002,1.4237537837313912,0.016350307877165172,1.7073811749790222,0.019662909072127435,1.1794241635602407,0.01351162226948647
mtcntap01_04_tier03_aggr01,mtcntap01-04:mtcntap01_04_tier03_aggr01:MTCUN905,1.3527784060291212,0.01553523065637716,1.8428030275244727,0.02122248323869452,0.9306487622108444,0.01066162194150756
mtcntap01_04_tier03_aggr01,mtcntap01-04:mtcntap01_04_tier03_aggr01:STANDARD_STORAGE_402_REPLICA,1.031380715877022,0.01184431777168981,1.2433018400839153,0.014318379158115718,0.8488221570722891,0.009724206705847852
mtcntap01_04_tier03_aggr01,mtcntap01-04:mtcntap01_04_tier03_aggr01:C1034REP002_AR02,0.9431760833883537,0.010831380763998586,0.7428689092517483,0.00855518617001683,1.1157298538795173,0.012781932748352902
mtcntap01_03_tier03_aggr01,mtcntap01-03:mtcntap01_03_tier03_aggr01:MTCUN906,0.9228601298524047,0.010208190238249622,0.402214960058824,0.004687195994571483,1.3678808615754205,0.014501124077751611
mtcntap01_04_tier03_aggr01,mtcntap01-04:mtcntap01_04_tier03_aggr01:MTCUN904,0.8276760449190957,0.00950498485876876,0.8651631673566437,0.009963577519528682,0.7953829213734943,0.009112000521303886
mtcntap01_04_tier03_aggr01,mtcntap01-04:mtcntap01_04_tier03_aggr01:C1027REP004_AR002,0.806383007291262,0.009260456819698188,0.8410517258111888,0.009685900168006977,0.776517785915663,0.008895879305337384
mtcntap01_04_tier03_aggr01,mtcntap01-04:mtcntap01_04_tier03_aggr01:STANDARD_STORAGE_401_REPLICA,0.7280590595242715,0.008360989036168208,0.7266558154685318,0.008368469464040977,0.7292678781987949,0.008354578791863713
mtcntap01_03_tier03_aggr01,mtcntap01-03:mtcntap01_03_tier03_aggr01:JarekVVOL,0.6238388668524109,0.006900575314551705,0.6224636891830068,0.007253855774728212,0.6250142980446927,0.0066258766687300324
mtcntap01_04_tier03_aggr01,mtcntap01-04:mtcntap01_04_tier03_aggr01:FAST_STORAGE_401_REPLICA,0.6202663167896437,0.007123103278972053,0.6200027846713289,0.007140208969217392,0.6204933354216867,0.007108444805509009
mtcntap01_02_tier01_aggr01,mtcntap01-02:mtcntap01_02_tier01_aggr01:STANDARD_STORAGE_403_REPLICA,0.5552940115746755,0.06153462688516634,0.5640326340769231,0.06827976815981986,0.5477205387393939,0.056548984522420256
mtcntap01_04_tier02_aggr01,mtcntap01-04:mtcntap01_04_tier02_aggr01:C1034REP002_M004,0.4851124472621354,0.0047288941144953325,0.045988438909090934,0.0004113315899921627,0.8633939725301198,0.009122635647691005
mtcntap01_01_tier01_aggr01,mtcntap01-01:mtcntap01_01_tier01_aggr01:Testvvol2,0.3684579986355419,0.014293943654064958,0.36989177483766184,0.014221433439294112,0.36721754057303346,0.014357739715783194
mtcntap01_04_tier02_aggr01,mtcntap01-04:mtcntap01_04_tier02_aggr01:C1035REPA001,0.368377322158576,0.00359095578870588,0.37041679872727246,0.0033130963867133304,0.36662042366867426,0.003873717737836943
mtcntap01_04_tier03_aggr01,mtcntap01-04:mtcntap01_04_tier03_aggr01:vcloud001,0.3526199242135923,0.004049467253674113,0.3544774095874125,0.004082308728117612,0.3510198012710843,0.00402132422789119
prtntap01_03_tier03_aggr01,prtntap01-03:prtntap01_03_tier03_aggr01:Standard,0.30263888888636353,0.004741551699766348,0.3748018648041959,0.006324846788295545,0.24009764309090884,0.00354198477140286
mtcntap01_04_tier03_aggr01,mtcntap01-04:mtcntap01_04_tier03_aggr01:TEST_VSC,0.2295825799902913,0.0026365133557273504,0.22967313687412588,0.002645011010339681,0.22950457014457842,0.0026292314137042173
mtcntap01_04_tier03_aggr01,mtcntap01-04:mtcntap01_04_tier03_aggr01:TESTLUN,0.14260681202265374,0.0016376885586499032,0.13962834771328664,0.0016080179079000802,0.14517259754216874,0.0016631143930007984
mtcntap01_03_tier03_aggr01,mtcntap01-03:mtcntap01_03_tier03_aggr01:C1000_CIFS,0.13158941155421686,0.0014555724134486167,0.13909586055555542,0.0016209480631006919,0.12517328475419,0.0013269820380041638
mtcntap01_04_tier02_aggr01,mtcntap01-04:mtcntap01_04_tier02_aggr01:C1034REP002_M003,0.12928090924595467,0.0012602350945644732,0.2347919052727273,0.002100034921907925,0.03838890664457837,0.00040561785161118396
prtntap01_04_tier03_aggr01,prtntap01-04:prtntap01_04_tier03_aggr01:vcloud001,0.10395382418831171,0.0067570716068586995,0.10583916101398601,0.006736470462790379,0.10231986560606057,0.006775647437807022
mtcntap01_03_tier02_aggr01,mtcntap01-03:mtcntap01_03_tier02_aggr01:mtcsvm001_root,0.07671751174096386,0.0005475817476876375,0.07807280320261438,0.0005720831416330329,0.07555907825698327,0.0005276241691972397
prtntap01_01_tier01_aggr01,prtntap01-01:prtntap01_01_tier01_aggr01:Extreme,0.06270111836688325,0.003531746792047656,0.04240093245454539,0.0026084808612113833,0.08029461282424247,0.004214429760009609
mtcntap01_03_tier02_aggr01,mtcntap01-03:mtcntap01_03_tier02_aggr01:mtcsvm002_root,0.05762130373795185,0.00041127994754840645,0.056784676862745104,0.00041609312082658753,0.05833640939106145,0.0004073593835306501
mtcntap01_03_tier03_aggr01,mtcntap01-03:mtcntap01_03_tier03_aggr01:mtcsvm004_root,0.05521379287349402,0.0006107457492156275,0.05572076981699348,0.0006493397686213727,0.05478045503910615,0.0005807363768821705
prtntap01_04_tier03_aggr01,prtntap01-04:prtntap01_04_tier03_aggr01:bauer_mel,0.053832070713636306,0.0024993731550503194,0.05263087602884616,0.002436261611245478,0.054909003879310365,0.0025562801581141274
mtcntap01_03_tier03_aggr01,mtcntap01-03:mtcntap01_03_tier03_aggr01:mtcsvm005_root,0.053728338183734986,0.0005943144357664425,0.051517792320261435,0.0006003605380003253,0.055617799173184386,0.000589613196147016
mtcntap01_04_tier02_aggr01,mtcntap01-04:mtcntap01_04_tier02_aggr01:mtcsvm003_root,0.052101235676375424,0.0005078847762791199,0.05073777713986014,0.0004538108063390061,0.05327578128313254,0.0005629128265371801
prtntap01_03_tier03_aggr01,prtntap01-03:prtntap01_03_tier03_aggr01:PRTSVM001_root,0.04775162332792212,0.0007481417592771024,0.04913364409790207,0.0008291388070660241,0.046553871993939386,0.0006867751949982178
mtcntap01_04_tier03_aggr01,mtcntap01-04:mtcntap01_04_tier03_aggr01:mtcsvm006_root,0.045405176352750876,0.0005214304755972591,0.044704576776223824,0.0005148364296974453,0.04600870490361453,0.0005270811477097211
prtntap01_03_tier03_aggr01,prtntap01-03:prtntap01_03_tier03_aggr01:prtsvm005_root,0.04533730154545453,0.0007103157165184648,0.04549728047552447,0.0007677745372001708,0.04519865313939397,0.0006667826432891601
prtntap01_04_tier03_aggr01,prtntap01-04:prtntap01_04_tier03_aggr01:PRTSVM003_root,0.0452849927175324,0.0029435563424211795,0.04404428897902093,0.002803339037452978,0.04636026929090906,0.003069988784449553
prtntap01_03_tier02_aggr01,prtntap01-03:prtntap01_03_tier02_aggr01:High,0.044803391100649355,0.0004431102454353699,0.04209790214685308,0.0004188660973289522,0.04714814819393931,0.00046388770710029104
prtntap01_04_tier03_aggr01,prtntap01-04:prtntap01_04_tier03_aggr01:PRTSVM004_root,0.0445661976396104,0.0028968341573539116,0.04335081579720275,0.002759200728330912,0.04561952856969693,0.003020936746118269
prtntap01_03_tier03_aggr01,prtntap01-03:prtntap01_03_tier03_aggr01:PRTSVM002_root,0.04354076476623376,0.0006821687323336084,0.04303613052447555,0.000726242202851894,0.04397811444242429,0.0006487769293557766
mtcntap01_04_tier02_aggr01,mtcntap01-04:mtcntap01_04_tier02_aggr01:C1029REP001_M003,0.032199881831715245,0.0003138856414442049,0.03351751066433566,0.0002997886269067311,0.031064816030120502,0.00032823138349561976
mtcntap01_04_tier03_aggr01,mtcntap01-04:mtcntap01_04_tier03_aggr01:HDSDeviceManager,0.031032635983818786,0.0003563770353927696,0.032113219286713277,0.00036982913956263484,0.030101772054216873,0.0003448494495915831
mtcntap01_04_tier03_aggr01,mtcntap01-04:mtcntap01_04_tier03_aggr01:C1029REP001_S002,0.030828234873786445,0.0003540297046129319,0.03192695995804196,0.00036768409995626534,0.029881742783132548,0.0003423287683210318
prtntap01_03_tier03_aggr01,prtntap01-03:prtntap01_03_tier03_aggr01:C1046FS002_S002,0.021439393779220793,0.00033589864934375547,0.02548174034965036,0.00043000880930745775,0.01793602675151516,0.00026459707307200346
mtcntap01_03_tier03_aggr01,mtcntap01-03:mtcntap01_03_tier03_aggr01:lun_test_vol,0.017226853680722912,0.00019055433634069242,0.017836782790849666,0.00020786023682730484,0.01670551762569832,0.00017709786771511238
mtcntap01_04_tier03_aggr01,mtcntap01-04:mtcntap01_04_tier03_aggr01:MTC_OFFLOAD02,0.012651087229773433,0.00014528436977744526,0.013045702300699295,0.00015023971324027607,0.012311147740963844,0.00014103795998007712
mtcntap01_04_tier03_aggr01,mtcntap01-04:mtcntap01_04_tier03_aggr01:test_vsc_vvol1,0.012374731025806423,0.00014257061598390355,0.01275061897916666,0.00014786827445747056,0.012048659548192757,0.00013803086429686073
mtcntap01_04_tier03_aggr01,mtcntap01-04:mtcntap01_04_tier03_aggr01:Test_vvol02,0.012369888566343011,0.00014205510024062614,0.012738927713286706,0.00014670676997820264,0.012051981349397577,0.00013806891924309685
mtcntap01_04_tier03_aggr01,mtcntap01-04:mtcntap01_04_tier03_aggr01:Test_vvol01,0.012369881744336541,0.00014205502189708992,0.012742785755244748,0.00014675120078798848,0.012048645156626491,0.00013803069942538087
mtcntap01_04_tier03_aggr01,mtcntap01-04:mtcntap01_04_tier03_aggr01:Test_VSC_VVOL2,0.012369832647249163,0.00014205445806891705,0.012742686020979013,0.00014675005220685897,0.012048639680722879,0.00013803063669278346
mtcntap01_01_tier01_aggr01,mtcntap01-01:mtcntap01_01_tier01_aggr01:Testvvol1,0.01232346047891563,0.0004780757925218907,0.012685786396103878,0.00048773743870480075,0.012009987494382004,0.00046957526638042853
mtcntap01_01_tier01_aggr01,mtcntap01-01:mtcntap01_01_tier01_aggr01:Jarek_VVOL,0.012323460478915629,0.0004780757925218905,0.01268578639610388,0.0004877374387048008,0.012009987494382004,0.00046957526638042853
aggr0_mtcntap01_05,aus-mel-a700-01:aggr0_mtcntap01_05:vol0,,,,,,
aggr0_mtcntap01_06,aus-mel-a700-02:aggr0_mtcntap01_06:vol0,,,,,,
