Hostname,Volume_Name,Avg_total_ops_All_Hrs,%_Of_total_ops_All_Hrs,Avg_total_ops_Biz_Hrs,%_Of_total_ops_Biz_Hrs,Avg_total_ops_After_Hrs,%_Of_total_ops_After_Hrs
prtntap01-04,prtntap01-04:prtntap01_04_tier02_aggr01:STANDARD_STORAGE_101,3785.0133649123363,34.170931747533416,2860.725147629372,27.311573454612255,4586.063153224241,39.539466495695756
prtntap01-03,prtntap01-03:prtntap01_03_tier02_aggr01:C1040VDI_STANDARD01,3563.6223692435087,21.51258582602642,4160.050753741258,25.928110373061298,3046.7177693454532,17.90439440417139
mtcntap01-03,mtcntap01-03:mtcntap01_03_tier02_aggr01:C1064_PRIMARY_001,2185.639262183734,9.446012923172757,1854.9172040718954,8.312166711024037,2468.323479452514,10.353150804976123
aus-mel-a700-01,aus-mel-a700-01:mtcntap01_05_ssd:C1027REP004_S003,2057.7906074199996,51.16137075391996,1938.562048688125,58.561071016741714,2199.0985288799993,45.19492107520053
prtntap01-03,prtntap01-03:prtntap01_03_tier03_aggr01:C1050FS001,1874.0851902977288,11.313325129374856,1777.8730866076912,11.08084789047419,1957.4690134957566,11.503296302729664
aus-mel-a700-02,aus-mel-a700-02:mtcntap01_06_ssd:C1050REPFS001,1850.4923563327588,92.06574547360225,1837.437939067742,92.69465169165366,1865.4807613407409,91.36472676887895
mtcntap01-03,mtcntap01-03:mtcntap01_03_tier03_aggr01:C1032REP003_S001,1586.1568205292174,6.855137571937559,1135.400554621569,5.087902938786824,1971.440109265922,8.269020217210699
prtntap01-03,prtntap01-03:prtntap01_03_tier02_aggr01:C1032FS003_M001,1546.6289033168841,9.336563635579775,1413.3955846713286,8.809189812695978,1662.097779476364,9.767512593867728
prtntap01-03,prtntap01-03:prtntap01_03_tier03_aggr01:C1032FS003_S001,1456.2402056003245,8.790912493047795,1257.000538051049,7.8344353516058405,1628.9145841430304,9.57250765352949
mtcntap01-04,mtcntap01-04:mtcntap01_04_tier02_aggr01:C1027REP004_M001,1393.0469423663765,7.301265724108872,1408.855475314986,7.053414082228398,1379.428748320283,7.534195177258494
prtntap01-04,prtntap01-04:prtntap01_04_tier02_aggr01:C1027UN004,1356.0391378243517,12.242260821357279,1740.2880167188814,16.614669899408693,1023.0234427824245,8.820157897688059
prtntap01-01,prtntap01-01:prtntap01_01_tier01_aggr01:FAST_STORAGE_101,1345.76978175,54.201044766000436,1246.5237762328663,54.00358747640582,1431.782986531515,54.35099028234053
prtntap01-04,prtntap01-04:prtntap01_04_tier02_aggr01:C1027UN005,1333.4969913463308,12.038751328924826,2084.5945609895116,19.90179221612044,682.5457643222427,5.88467591450954
prtntap01-03,prtntap01-03:prtntap01_03_tier02_aggr01:STANDARD_STORAGE_103,1317.8533567983768,7.955510013890831,1154.2480206223775,7.19401561379266,1459.6446481509086,8.57777301638491
mtcntap01-04,mtcntap01-04:mtcntap01_04_tier03_aggr01:C1050REPFS001,1247.610015464941,5.311613887770266,1304.4306190279276,5.069216761785027,1202.559394068572,5.539417220330015
mtcntap01-03,mtcntap01-03:mtcntap01_03_tier02_aggr01:C1032REP003_M001,1234.8255217648498,5.33673513203652,1232.9171005949677,5.52488944440269,1236.4567420944131,5.186201574184393
mtcntap01-03,mtcntap01-03:mtcntap01_03_tier03_aggr01:C1036_MGMT01,1222.9081726146392,5.285230093656867,1496.6446033058828,6.7066925804149005,988.9323407947487,4.1479837409467235
prtntap01-04,prtntap01-04:prtntap01_04_tier02_aggr01:STANDARD_STORAGE_102,1201.6896834386366,10.848800835198038,1023.8299689251745,9.774587196713112,1355.8347693503028,11.689543219381044
mtcntap01-03,mtcntap01-03:mtcntap01_03_tier02_aggr01:C1069REPFSS1_M001,1183.7382718126514,5.11594351669206,1199.1918636490198,5.3737615173727775,1170.5293357737432,4.90967526574032
mtcntap01-01,mtcntap01-01:mtcntap01_01_tier01_aggr01:DR_CLUSTER01,1101.8878706508438,41.66863946603625,1082.384327210325,40.58329798353118,1118.7617228409551,42.622764508341966
mtcntap01-04,mtcntap01-04:mtcntap01_04_tier02_aggr01:C1026REPA005,1100.7500050761496,5.769273122428227,1385.8229365986012,6.938102018089741,855.1751303309035,4.670814893843662
prtntap01-02,prtntap01-02:prtntap01_02_tier01_aggr01:FAST_STORAGE_301,1023.9143422039084,79.55989849533339,981.1120610160839,78.63396395445294,1061.2358434835369,80.3223379308709
mtcntap01-03,mtcntap01-03:mtcntap01_03_tier02_aggr01:C1027REPA007,887.2477446212948,3.8345548630815616,1029.724659582353,4.614353146389408,765.4658005484362,3.210674344388416
mtcntap01-03,mtcntap01-03:mtcntap01_03_tier02_aggr01:DR_CLUSTER02,886.7785805228921,3.8325272045318277,904.3966512150324,4.052739238866769,871.7195592050284,3.656345746911085
prtntap01-03,prtntap01-03:prtntap01_03_tier02_aggr01:C1032FS004_M001,840.0985182113644,5.071438441771847,661.4747552440555,4.122735869877875,994.9057794496977,5.846680532566648
mtcntap01-03,mtcntap01-03:mtcntap01_03_tier03_aggr01:C1032REP004_S001,832.7693950490961,3.5991074116215445,461.3600499300653,2.0674247025186565,1150.2310140614534,4.824535863419411
mtcntap01-01,mtcntap01-01:mtcntap01_01_tier01_aggr01:MTC_DR01_TIER1_1,828.7849489642473,31.341066684825503,787.6036219509092,29.530686724671273,864.4137375038762,32.93257395135353
mtcntap01-04,mtcntap01-04:mtcntap01_04_tier03_aggr01:C1027REP004_S003,777.6924755529928,3.614368125388864,780.7923314715704,3.307636749693988,775.2409555128106,3.902632391311622
mtcntap01-03,mtcntap01-03:mtcntap01_03_tier03_aggr01:C1069REPFSS1_S001,729.6140269533129,3.1532850122042437,748.6151189117649,3.3546584489743556,713.3728701396647,2.992175444675821
mtcntap01-04,mtcntap01-04:mtcntap01_04_tier02_aggr01:C1027REPA006,728.7484701275083,3.8195311763150683,928.1475110986014,4.646756775179123,556.9770071222889,3.0421096312618565
mtcntap01-04,mtcntap01-04:mtcntap01_04_tier02_aggr01:C1040REP003_M001,728.0073186333362,3.815646638159033,785.0918543075314,3.9305507470718237,678.832086094723,3.707660461224261
mtcntap01-03,mtcntap01-03:mtcntap01_03_tier02_aggr01:MTC_DR01_TIER2_3,725.9137514137652,3.137292963026401,744.5060829464701,3.336245232529898,710.0219820031291,2.978120459380355
prtntap01-04,prtntap01-04:prtntap01_04_tier02_aggr01:C1024UN001,712.8724522023698,6.435780685669558,399.58135587342656,3.814835396219104,984.3914023541207,8.487085670564152
mtcntap01-03,mtcntap01-03:mtcntap01_03_tier02_aggr01:C1032REP004_M001,709.5871395093371,3.0667317365197144,681.2504774901957,3.0527872232963307,733.8078617938551,3.077888096220662
prtntap01-03,prtntap01-03:prtntap01_03_tier03_aggr01:C1032FS004_S001,709.5655609737009,4.283447696754614,563.5319289069931,3.5122932186113967,836.1280420981822,4.913604531649697
prtntap01-03,prtntap01-03:prtntap01_03_tier03_aggr01:PRT_MGMT01,683.0056475402598,4.123112970437912,722.7385567083913,4.50457126090335,648.5704595945455,3.811400394323426
mtcntap01-04,mtcntap01-04:mtcntap01_04_tier03_aggr01:C1026REP002_M001,661.7505760469428,1.7622515620540624,515.890892025652,1.2462462090086484,776.1178282909091,2.2471902285692176
prtntap01-03,prtntap01-03:prtntap01_03_tier02_aggr01:STANDARD_STORAGE_304,658.688904233474,3.976319631190877,551.3865054294404,3.4365951324353206,751.6843165303031,4.417361071642658
prtntap01-01,prtntap01-01:prtntap01_01_tier01_aggr02:FAST_STORAGE_102,651.9948547990259,26.259173590753687,630.005536141958,27.2939511707367,671.0522643018184,25.473382097076588
prtntap01-03,prtntap01-03:prtntap01_03_tier02_aggr01:STANDARD_STORAGE_303,621.5784794409088,3.7522944355695382,620.7517385342658,3.868923853035083,622.2949882266669,3.6569895042635037
mtcntap01-03,mtcntap01-03:mtcntap01_03_tier02_aggr01:C1027REPA009,621.0824411789156,2.6842273870346207,577.5128712869933,2.5879231985998636,658.3234701926818,2.7612759114019356
mtcntap01-02,mtcntap01-02:mtcntap01_02_tier01_aggr01:MTC_MGMT03,604.1533865483767,58.48918462143835,572.203783998601,59.955619566105,631.8430420915154,57.38753351064816
mtcntap01-01,mtcntap01-01:mtcntap01_01_tier01_aggr01:C1026REP002_M001,601.4712978746553,11.920596566684491,653.3844642522618,13.362669001265267,553.0190092555555,10.652868902322329
prtntap01-04,prtntap01-04:prtntap01_04_tier03_aggr01:trader_oak,590.0438560748498,3.804921143720056,614.0832906185578,4.263783744196222,568.4912595873878,3.445788450822124
mtcntap01-04,mtcntap01-04:mtcntap01_04_tier03_aggr01:C1040REP003_S001,562.4178821978963,2.9477559449230775,502.53631080027986,2.5159406011019794,614.0026093657226,3.353573357043931
mtcntap01-03,mtcntap01-03:mtcntap01_03_tier02_aggr01:C1026REPA006,557.0517268667468,2.407496013592682,678.0420606377776,3.038409818365688,453.6354080568716,1.9027310760465603
mtcntap01-03,mtcntap01-03:mtcntap01_03_tier02_aggr01:C1069REPFSS2_M001,554.0603817819277,2.394567858055872,570.0640023555554,2.5545436815892058,540.3813094480447,2.2665786050647605
mtcntap01-03,mtcntap01-03:mtcntap01_03_tier02_aggr01:DR_CLUSTER03,542.8897194509941,2.346289890797464,466.2222848562747,2.0892131183067555,608.4211020934079,2.551965119377299
aus-mel-a700-01,aus-mel-a700-01:mtcntap01_05_ssd:C1036REP001_S001,535.3989602988571,7.896498323534595,446.44966932380953,8.850567663278895,668.8228967614285,7.127223014615159
mtcntap01-04,mtcntap01-04:mtcntap01_04_tier02_aggr01:C1039REP001_M001,527.5293610925564,2.764897524604122,474.78789446713296,2.377018565482963,572.9632751132531,3.129423791813133
mtcntap01-04,mtcntap01-04:mtcntap01_04_tier03_aggr01:C1036REP001_S002,506.3106460300968,2.6536855673588047,515.16331726014,2.5791575220288436,498.684549729518,2.723726567334883
mtcntap01-03,mtcntap01-03:mtcntap01_03_tier03_aggr01:C1041REP001_S001,501.2394804706023,2.1662836553362066,317.28015069705884,1.4217807139334522,658.4784606681002,2.761926004381523
prtntap01-04,prtntap01-04:prtntap01_04_tier02_aggr01:C1040FS003_M001,497.29214736233837,4.489531314111057,373.64391802783194,3.5672085874949495,604.4539461189088,5.211394992229204
prtntap01-03,prtntap01-03:prtntap01_03_tier02_aggr01:C1046UN001,486.9197871573052,2.9393977886146434,377.86032051398604,2.3550684056140487,581.4379915815153,3.416888570246942
mtcntap01-04,mtcntap01-04:mtcntap01_04_tier02_aggr01:C1036REP001_M004,477.85915185233006,2.5045650223706106,373.309556874126,1.868968770482085,567.9229595745182,3.101894482256522
mtcntap01-04,mtcntap01-04:mtcntap01_04_tier02_aggr01:C1037REPA001,472.3630535822003,2.4757587612923833,497.6722445783218,2.491588725563305,450.5605577240966,2.4608818579440017
prtntap01-04,prtntap01-04:prtntap01_04_tier02_aggr01:C1046FS002_M001,468.51304471977306,4.229714859756969,233.67139471727268,2.230879630764624,672.0424747219394,5.794120147314357
prtntap01-03,prtntap01-03:prtntap01_03_tier03_aggr01:PRTFS002,458.68010731850615,2.768922785013003,423.6865598300699,2.640686986084773,489.00784847515143,2.873711990630288
mtcntap01-03,mtcntap01-03:mtcntap01_03_tier03_aggr01:C1020_MGMT01,450.4758133343073,1.9468905175509772,628.7651987967323,2.8175926898600463,298.08321011782124,1.2502820041503229
mtcntap01-03,mtcntap01-03:mtcntap01_03_tier03_aggr01:C1000REP003_S001,446.0471544901237,0.9406493415142871,400.97418731621644,0.869053314891874,483.94942234090917,0.9979300090685909
mtcntap01-03,mtcntap01-03:mtcntap01_03_tier03_aggr01:MTCUN907,434.910049932467,1.879617566887597,729.0349001509937,3.266916504363257,183.5072449970783,0.7697038889253907
mtcntap01-04,mtcntap01-04:mtcntap01_04_tier02_aggr01:C1036REP001_M003,428.65109521394834,2.2466547636728587,525.8334384853147,2.632577325995538,344.93377540789146,1.8839671061779975
mtcntap01-03,mtcntap01-03:mtcntap01_03_tier02_aggr01:MTCNTAP01_MTCSVM001_C1035REPA002,422.70361341427713,1.8268631352246574,463.8534558832683,2.078598034630616,387.5308430357542,1.6254616920868943
mtcntap01-04,mtcntap01-04:mtcntap01_04_tier02_aggr01:C1026REPA008,413.59818493417464,2.1677591467835233,415.5648580004195,2.0805193100761943,411.9040027144578,2.2497466103440833
mtcntap01-04,mtcntap01-04:mtcntap01_04_tier03_aggr01:C1026REP002_S001,405.5593354047248,2.1256257665322176,295.6677740781119,1.4802563342257793,500.2249575113852,2.732140001443232
aus-mel-a700-01,aus-mel-a700-01:mtcntap01_05_ssd:C1000REP003_S001,398.10208908520724,28.35111482174358,337.86326478961035,24.559019605609805,448.5193659413043,31.408717762453346
mtcntap01-04,mtcntap01-04:mtcntap01_04_tier03_aggr01:C1036REP001_S001,396.79044460043934,1.9921720370622196,498.12315015,2.302011856276864,315.22997428006107,1.7009864749814259
prtntap01-03,prtntap01-03:prtntap01_03_tier02_aggr01:STANDARD_STORAGE_302,391.02289502662313,2.3604952258135152,334.6196212202798,2.0855645725448766,439.9057323254549,2.5851576445503515
mtcntap01-04,mtcntap01-04:mtcntap01_04_tier02_aggr01:C1046REP002_M001,376.0475318702588,1.9709479067633249,283.66057223881114,1.420142455956933,455.63388866120465,2.488591491751141
mtcntap01-03,mtcntap01-03:mtcntap01_03_tier03_aggr01:C1055_MGMT01,364.40901903271106,1.5749224323800282,371.06961965215686,1.6628195227119473,358.71587995575436,1.5046000381381874
mtcntap01-03,mtcntap01-03:mtcntap01_03_tier03_aggr01:C1061REP001_S001,352.8549141882835,1.524987282712598,144.8218781770588,0.6489689093231725,530.6708611699444,2.2258490425726545
mtcntap01-04,mtcntap01-04:mtcntap01_04_tier02_aggr01:C1041REP001_M001,348.03908795766677,1.7710189182123792,385.59923879440555,1.9304968810948697,313.82824993439493,1.6211425066551381
prtntap01-03,prtntap01-03:prtntap01_03_tier03_aggr01:C1040FS003_S001,342.90047258340917,2.0699936979578286,326.6623251739161,2.0359695886433715,356.9735336716363,2.0977968497819997
mtcntap01-04,mtcntap01-04:mtcntap01_04_tier03_aggr01:C1039REP001_S001,342.6508320045306,1.795908450006912,294.636617886014,1.475093866013989,384.01247428734956,2.0974080287263135
mtcntap01-04,mtcntap01-04:mtcntap01_04_tier03_aggr01:C1045REP001_S001,339.0735896283821,1.7771593351325516,283.58809335482505,1.4197795914971434,386.87133641825284,2.113022626657034
mtcntap01-04,mtcntap01-04:mtcntap01_04_tier02_aggr01:C1046REPA001,337.9409513766663,1.7712229286888328,423.26577702440574,2.1190738471749984,264.4382401259036,1.4443147686064588
mtcntap01-03,mtcntap01-03:mtcntap01_03_tier02_aggr01:C1026REPA007,337.8804844488855,1.4602699895696436,257.2789043248365,1.1529059837728237,406.7745724878772,1.7061777063072754
mtcntap01-03,mtcntap01-03:mtcntap01_03_tier02_aggr01:DC1072_DR001,337.48237580722895,1.4585494223017599,325.73495914509795,1.4596679992395576,347.52346379217875,1.4576545006597479
mtcntap01-03,mtcntap01-03:mtcntap01_03_tier03_aggr01:C1029REP001_S001,336.9502506505173,0.763215180776781,331.87446760190477,0.8164910201387291,341.68764816255543,0.7205916472214774
mtcntap01-03,mtcntap01-03:mtcntap01_03_tier02_aggr01:C1024REPA001,323.14121717430726,1.3965690341728882,128.14476579784315,0.574236226888496,489.81416164692746,2.0544794570719676
mtcntap01-03,mtcntap01-03:mtcntap01_03_tier02_aggr01:C1026REPA001,314.7245414021686,1.360193393650059,525.4185194365357,2.3544804679307036,134.6341579426258,0.5647103194878451
mtcntap01-04,mtcntap01-04:mtcntap01_04_tier02_aggr01:MTC_MGMT02,312.3514905268608,1.6371029304899691,332.97193129160854,1.6670190451110185,294.588098783735,1.6089879494224038
prtntap01-03,prtntap01-03:prtntap01_03_tier02_aggr01:STANDARD_STORAGE_301,309.42376983288943,1.867904260168771,400.4344657915387,2.495764989617868,230.54783333539382,1.3548413898379799
prtntap01-01,prtntap01-01:prtntap01_01_tier01_aggr01:C1040VDI_SSD,304.4617090509414,12.262233069570165,250.23660062076934,10.841088159795854,351.45680302375774,13.341424968375453
mtcntap01-03,mtcntap01-03:mtcntap01_03_tier02_aggr01:C1011REPA001,301.6751477101505,1.3037958244870607,236.50053286137256,1.0597949342829822,357.38305872614535,1.4990096447796655
mtcntap01-04,mtcntap01-04:mtcntap01_04_tier03_aggr01:C1069REPFSS2_S001,296.2234285045957,1.5525722066082348,329.1729224916084,1.647999363789597,267.83922585313235,1.4628903494729688
mtcntap01-04,mtcntap01-04:mtcntap01_04_tier02_aggr01:C1045REP001_M001,290.3984655550484,1.5220422933409272,219.9673041073426,1.1012630518922917,351.07109258530113,1.9174880441283275
mtcntap01-03,mtcntap01-03:mtcntap01_03_tier03_aggr01:C1032_MGMT01,285.3785206623494,1.2333641881410644,275.5913398686275,1.2349667985578339,293.74409977653625,1.2320820137127977
mtcntap01-04,mtcntap01-04:mtcntap01_04_tier02_aggr01:C1026REPA003,279.1466606072493,1.463069106364061,261.7789704741259,1.3105925406299275,294.1079840351806,1.6063656478156745
prtntap01-03,prtntap01-03:prtntap01_03_tier03_aggr01:C1046FS002_S001,279.06503066217516,1.6846370914539837,277.84299728265734,1.7316961562183317,280.1241262577575,1.64618229135162
mtcntap01-03,mtcntap01-03:mtcntap01_03_tier03_aggr01:MTC_CR_TESTDEV,272.9266584036142,1.1795490623567384,291.2779112204575,1.305260715674218,257.2409506886593,1.0789729862659
mtcntap01-03,mtcntap01-03:mtcntap01_03_tier03_aggr01:C1027REP004_S001,268.8634779822443,0.7594925431788935,150.36923817254453,0.44481421550367406,372.035186782069,1.0112521103566419
mtcntap01-03,mtcntap01-03:mtcntap01_03_tier03_aggr01:C1067_MGMT01,257.281252810271,1.1119319098009492,379.48992918771256,1.7005522131330189,152.823557359162,0.641004045484048
mtcntap01-04,mtcntap01-04:mtcntap01_04_tier02_aggr01:C1029REP001_M001,251.34153357019426,1.317336313867288,316.2130344181119,1.5831158759916262,195.45825271927714,1.0675583112111777
mtcntap01-03,mtcntap01-03:mtcntap01_03_tier02_aggr01:MTC_DR01_TIER2_5,250.80087130786157,1.0839246496469161,248.42850307836608,1.1132459868421651,252.8286497386594,1.06046600470025
mtcntap01-04,mtcntap01-04:mtcntap01_04_tier03_aggr01:C1039REP001_S002,243.4300820171522,1.2758706544588188,216.96696399720287,1.0862418935441633,266.22662344397594,1.454082601114312
mtcntap01-04,mtcntap01-04:mtcntap01_04_tier02_aggr01:C1026REPA002,240.7990590486665,1.2253212464308032,337.873446559091,1.6915584087417619,152.38098634808915,0.787154420376639
prtntap01-04,prtntap01-04:prtntap01_04_tier03_aggr01:C1040_MGMT01,240.25087301324675,2.1689741600717207,255.6234634794406,2.440457799773793,226.92796127587883,1.956495194684779
aus-mel-a700-01,aus-mel-a700-01:mtcntap01_05_ssd:temp__1140__3922__C1036REP001_S001,236.70888889333332,0.2992435520716707,,,236.70888889333332,0.5405265137731545
mtcntap01-04,mtcntap01-04:mtcntap01_04_tier03_aggr01:C1046REP002_S001,235.96091111805833,1.23672308533209,239.02538237881114,1.1966770386464214,233.32103527295195,1.2743581144346854
mtcntap01-03,mtcntap01-03:mtcntap01_03_tier03_aggr01:C1061_MGMT01,233.25633440150605,1.0080997295807683,242.23873002483663,1.0855086703671237,225.57864428770947,0.9461684184160236
mtcntap01-03,mtcntap01-03:mtcntap01_03_tier02_aggr01:C1026REPA009,231.89155793132514,1.0022013654739255,152.63683460588237,0.6839889202073094,299.63442200279337,1.256788416583409
aus-mel-a700-01,aus-mel-a700-01:mtcntap01_05_ssd:C1027REP004_S002,230.00278684503257,8.916818057851282,107.40042929393184,4.461059544433605,342.3882812668749,12.509539115000493
mtcntap01-04,mtcntap01-04:mtcntap01_04_tier02_aggr01:C1042REPA001,227.5171211243365,1.1924673229541125,327.6035310400697,1.6401422287187788,141.29810535355426,0.7717451917736416
prtntap01-03,prtntap01-03:prtntap01_03_tier03_aggr01:C1070_MGMT02,226.54493686766241,1.3675880586785891,219.46716977363653,1.3678604752686518,232.67900168248482,1.367365450652514
mtcntap01-04,mtcntap01-04:mtcntap01_04_tier03_aggr01:RESTORE1,219.28938545754053,1.1493439488709971,264.1485195867133,1.322455653186252,180.645673526988,0.9866546307208299
mtcntap01-04,mtcntap01-04:mtcntap01_04_tier02_aggr01:C1030REPA001,213.13122917987067,1.1170676960137322,254.65866057972048,1.2749448145437574,177.3575985161446,0.9686957481621431
prtntap01-03,prtntap01-03:prtntap01_03_tier02_aggr01:C1040VDI_STANDARD02,211.78305104487012,1.2784747063611168,211.7378010851049,1.3196860811725943,211.8222676766667,1.2447984064122175
mtcntap01-03,mtcntap01-03:mtcntap01_03_tier02_aggr01:C1061REP001_M001,209.03533008297546,0.8870932255822015,167.66380630466216,0.7267738984980936,243.43412513460675,1.015357299867555
mtcntap01-04,mtcntap01-04:mtcntap01_04_tier02_aggr01:C1020REPA001,207.63710469385114,1.0882717799725832,297.9005017545455,1.4914344522873333,129.88008192469874,0.7093819728279293
mtcntap01-03,mtcntap01-03:mtcntap01_03_tier02_aggr01:C1011REPA002,202.7694022477408,0.8763396719651175,113.54254720313722,0.508801459749797,279.0359319786031,1.1703899864949263
prtntap01-04,prtntap01-04:prtntap01_04_tier03_aggr01:C1034_MGMT02,200.7758928562986,1.8125958008345264,218.24308469363635,2.0835843120094277,185.63765993060608,1.6005043519745576
mtcntap01-04,mtcntap01-04:mtcntap01_04_tier02_aggr01:C1039REP001_M002,199.26913961747576,1.0444134326803558,205.48677075034968,1.028766475992229,193.91298749698797,1.059118346624726
mtcntap01-03,mtcntap01-03:mtcntap01_03_tier02_aggr01:MTC_MGMT01,193.31957358823522,0.8128498294566827,239.60575435424835,1.0737099050788637,151.66201089882352,0.6041477551264455
mtcntap01-04,mtcntap01-04:mtcntap01_04_tier03_aggr01:C1027REP004_S001,192.24220769780703,0.3717299218017542,160.95624419211532,0.2930272923464373,218.48204805741932,0.4456941703391901
mtcntap01-03,mtcntap01-03:mtcntap01_03_tier02_aggr01:MTC_DR01_TIER2_2,191.6810658078915,0.8284175051558268,294.39730754810455,1.319239206065185,103.88450163888268,0.4357337766789382
mtcntap01-03,mtcntap01-03:mtcntap01_03_tier03_aggr01:RESTORE0,191.39769403701493,0.8271928138464804,168.9270161560587,0.7569877066225036,210.604474572134,0.8833606711595556
mtcntap01-04,mtcntap01-04:mtcntap01_04_tier03_aggr01:C1071_MGMT01,186.16179330731396,0.9757149448994326,222.7286575109091,1.1150877268316222,154.66142233674705,0.844733259109158
mtcntap01-04,mtcntap01-04:mtcntap01_04_tier03_aggr01:C1027REP004_S002,179.75657403084395,0.7226151325942703,169.96406448772728,0.6545558253247443,188.23827520992134,0.7865768522090815
mtcntap01-04,mtcntap01-04:mtcntap01_04_tier03_aggr01:C1036REP001_S003,177.73721866084136,0.9315598943869211,201.65262173335663,1.0095708656946045,157.13539553210848,0.8582456619352233
prtntap01-04,prtntap01-04:prtntap01_04_tier03_aggr01:C1060_REPMEDIA1_2,176.7946203087662,1.5960939424693035,180.88733294335654,1.726945940537256,173.24760269212115,1.493681520126635
mtcntap01-04,mtcntap01-04:mtcntap01_04_tier03_aggr01:C1040REP003_S002,175.79907640815526,0.9214016641309141,167.995741636084,0.8410681937020075,182.5212262419277,0.9968985670146037
mtcntap01-04,mtcntap01-04:mtcntap01_04_tier03_aggr01:C1029REP001_S001,174.05854271394898,0.4635204711400983,219.69224372956526,0.5307142074587369,138.2775725994318,0.40037220979704363
mtcntap01-01,mtcntap01-01:mtcntap01_01_tier01_aggr01:MTC_VDI_TIER1,167.8059906278614,6.345697697519219,158.51226010162324,5.943314333021702,175.84663389213486,6.6994334119121435
mtcntap01-04,mtcntap01-04:mtcntap01_04_tier03_aggr01:C1026REP002_M002,161.6636837546277,0.8473149591253353,108.77928550146854,0.5446018826304804,207.22072562331314,1.131802852101118
mtcntap01-04,mtcntap01-04:mtcntap01_04_tier03_aggr01:C1026REP002_S002,159.52978984113275,0.836130751317507,164.24191064594413,0.8222746944168958,155.47055324421683,0.8491525886238231
mtcntap01-03,mtcntap01-03:mtcntap01_03_tier02_aggr01:C1025REPA001,153.98135506596392,0.665484874401234,118.49538035882347,0.5309958600128266,184.3129423854749,0.7730833108831221
mtcntap01-04,mtcntap01-04:mtcntap01_04_tier02_aggr01:C1036REP001_M001,153.5875930339159,0.8049863895914463,164.18120788475528,0.8219707869415716,144.46176819253014,0.7890245571144818
mtcntap01-04,mtcntap01-04:mtcntap01_04_tier03_aggr01:C1063_MGMT01,152.88530144368923,0.8013055247475512,181.8134634777622,0.9102464135620807,127.9652582456627,0.6989235454930917
mtcntap01-04,mtcntap01-04:mtcntap01_04_tier02_aggr01:C1011REPA003,151.05560512006477,0.7917156834816752,117.9433719237762,0.5904817456500788,179.57999877710844,0.9808341042377873
mtcntap01-04,mtcntap01-04:mtcntap01_04_tier03_aggr01:C1066_MGMT01,148.48553237540452,0.7782453663887147,130.24491671524478,0.652069247551868,164.19883381759036,0.8968249091273256
mtcntap01-04,mtcntap01-04:mtcntap01_04_tier03_aggr01:C1064_MGMT01,147.2762715721683,0.7719073642829285,163.40042888377616,0.8180618284308464,133.38618424951812,0.728531681907717
aus-mel-a700-01,aus-mel-a700-01:mtcntap01_05_ssd:C1026REP002_M002,147.1236111,0.061997097200990135,,,147.1236111,0.11198595452469594
prtntap01-02,prtntap01-02:aggr0_prtntap01_02:vol0,144.43950777882733,11.223197199156836,141.64067793286713,11.352187385733059,146.8799508762194,11.116983205941283
mtcntap01-04,mtcntap01-04:mtcntap01_04_tier03_aggr01:STANDARD_STORAGE_101_REPLICA,141.11569157178,0.7396184081612793,123.14440429622378,0.6165206372331531,156.59698121277108,0.8553049384124909
mtcntap01-04,mtcntap01-04:mtcntap01_04_tier02_aggr01:BRNREPA001,132.8811699755987,0.6964594675282361,116.20261351762238,0.5817666644576821,147.24884210506022,0.8042470605283164
mtcntap01-03,mtcntap01-03:mtcntap01_03_tier02_aggr01:C1064_SI_001,130.98532285403613,0.5660993896993646,126.89099401006537,0.5686178844122333,134.48494471508377,0.5640844586313976
mtcntap01-02,mtcntap01-02:mtcntap01_02_root:vol0,130.52279762077924,12.6361486624508,128.31775835454545,13.445158732993153,132.43383165151508,12.028384338438403
mtcntap01-02,mtcntap01-02:mtcntap01_02_tier01_aggr01:FAST_STORAGE_301_REPLICA,128.05539592269474,12.39727503090664,100.8858100233567,10.57083405340344,151.6023703687879,13.769378675174837
prtntap01-03,prtntap01-03:prtntap01_03_tier03_aggr01:C1060_REPMEDIA1_1,122.89759830616882,0.7418982309102565,122.88490870188812,0.7658977413053663,122.90859596321212,0.7222867834788216
prtntap01-03,prtntap01-03:prtntap01_03_tier02_aggr01:BRNUN003,122.35411075081167,0.7386173494170584,121.91986791048946,0.7598829867662809,122.73045454575761,0.7212399145400853
prtntap01-01,prtntap01-01:prtntap01_01_tier01_aggr01:FAST_STORAGE_302,120.84088113188312,4.866881465621179,124.49029525958038,5.393336796456269,117.67805555454561,4.467100750640926
mtcntap01-04,mtcntap01-04:mtcntap01_04_tier03_aggr01:C1051_MGMT01,119.73591023957937,0.6275622671352115,136.50611419671324,0.6834158400598959,105.28928875843377,0.5750714218090105
mtcntap01-04,mtcntap01-04:mtcntap01_04_tier03_aggr01:C1057_MGMT01,119.2958403477023,0.6252557639442161,129.985864996014,0.650772308954217,110.08696369283133,0.6012754714178122
mtcntap01-04,mtcntap01-04:mtcntap01_04_tier02_aggr01:C1027REPA008,118.93671886116496,0.6233735291675532,140.35328282671327,0.7026766328573136,100.48751014385545,0.548844958626862
aus-mel-a700-02,aus-mel-a700-02:mtcntap01_06_ssd:temp__1248__3699__C1050REPFS001,118.04305555547059,3.4427235056096612,142.76920634707145,3.25269157396731,100.73475000135002,3.6545451329879697
mtcntap01-04,mtcntap01-04:mtcntap01_04_tier03_aggr01:C1029_MGMT01,115.87125133145628,0.6073067389379212,153.2860967309091,0.7674245742274526,83.64039053554218,0.4568289792163911
mtcntap01-03,mtcntap01-03:mtcntap01_03_tier02_aggr01:MTC_DR01_TIER2_1,113.5485860275,0.49074036579673813,110.97910221437905,0.4973142720444254,115.74484872810055,0.48548088763753433
mtcntap01-04,mtcntap01-04:mtcntap01_04_root:vol0,113.24088115061484,0.5935203897065938,110.45356583300696,0.5529841423263734,115.64200217722889,0.6316161064158846
prtntap01-02,prtntap01-02:prtntap01_02_tier01_aggr01:PRT_MGMT03,111.24473760420194,8.643906689381774,117.64187256993006,9.428736160493061,105.66674796945118,7.997656968123402
mtcntap01-04,mtcntap01-04:mtcntap01_04_tier03_aggr01:C1034REP002_S006,109.21671116231072,0.5724288288194338,103.36440190251753,0.5174923480475029,114.25815829574704,0.6240577965643354
aus-mel-a700-01,aus-mel-a700-01:mtcntap01_05_ssd:temp__1131__3879__C1027REP004_S003,107.81194440000002,0.045431372615313305,,,107.81194440000002,0.08206312645895522
mtcntap01-03,mtcntap01-03:mtcntap01_03_tier03_aggr01:PRT_MGMT01_REPLICA,107.445041666988,0.4643617406026837,118.99532861372548,0.5332362043432952,97.57245003094968,0.4092584695606762
prtntap01-04,prtntap01-04:prtntap01_04_tier03_aggr01:C1060_MGMT01,101.37264610253243,0.9151877251341551,66.28960761125873,0.6328722243912951,131.777946128303,1.1361443381233058
mtcntap01-04,mtcntap01-04:mtcntap01_04_tier03_aggr01:C1040REP003_AR01,98.84166808121687,0.5180509438176083,94.8422983967832,0.47482656299661596,102.28690823106031,0.5586729518502128
mtcntap01-03,mtcntap01-03:mtcntap01_03_root:vol0,87.59186331490963,0.3785592101830864,87.43801016516342,0.3918230505262393,87.72336907977652,0.36794742535324093
mtcntap01-04,mtcntap01-04:mtcntap01_04_tier03_aggr01:C1060_MGMT01,86.51566703504857,0.4534476585895865,134.49682691629366,0.6733563730334535,45.18249918554218,0.24677879729178928
mtcntap01-02,mtcntap01-02:mtcntap01_02_tier01_aggr01:STANDARD_STORAGE_103_REPLICA,86.28349386808445,8.353261464717507,75.63125680013984,7.924657240691478,95.51543266030302,8.67524800848132
mtcntap01-03,mtcntap01-03:mtcntap01_03_tier03_aggr01:C1058_MGMT01,86.1842647563554,0.37247577527925974,67.30610747967322,0.30160892616286356,102.3203433224581,0.4291730616561273
mtcntap01-02,mtcntap01-02:mtcntap01_02_tier01_aggr01:FAST_STORAGE_101_REPLICA,83.36143037490258,8.070371200533588,76.77626068349652,8.044630961858644,89.06857744078789,8.089708411932854
prtntap01-03,prtntap01-03:prtntap01_03_tier03_aggr01:LOW_STORAGE_101,81.4288717532143,0.491563193515194,87.82662393174824,0.5473919751935191,75.88415319848488,0.4459421287926277
mtcntap01-04,mtcntap01-04:mtcntap01_04_tier03_aggr01:C1072_MGMT01,80.81069576708741,0.42354664814335286,96.54511275965037,0.48335167789797423,67.25634859879519,0.36734224791972037
mtcntap01-04,mtcntap01-04:mtcntap01_04_tier03_aggr01:STANDARD_STORAGE_102_REPLICA,79.70293588317155,0.41774063470260087,72.37292346461541,0.3623339700072687,86.0173441714458,0.46981147841542475
prtntap01-04,prtntap01-04:prtntap01_04_tier03_aggr01:C1070_MGMT01,78.9328787874026,0.7126025072154881,42.43896270419578,0.40516819597076503,110.56093939284843,0.9532185695660934
mtcntap01-03,mtcntap01-03:mtcntap01_03_tier03_aggr01:temp__1154__3624__C1029REP001_S001,76.8185277841,0.009999952746623979,9.699259258,0.0008522325305902351,105.58392858100001,0.01731862035003359
mtcntap01-03,mtcntap01-03:mtcntap01_03_tier03_aggr01:C1059_MGMT01,75.11860094960846,0.3246515962710636,62.88397149529414,0.2817926608113495,85.5761333882123,0.3589410470913761
mtcntap01-03,mtcntap01-03:mtcntap01_03_tier02_aggr01:STANDARD_STORAGE_901,73.20978593195777,0.31640197720690943,67.94734023228759,0.3044823878616386,77.70785404396648,0.3259382890230843
mtcntap01-04,mtcntap01-04:mtcntap01_04_tier03_aggr01:C1069_MGMT01,72.98833762799353,0.38254794693257255,87.50576145937065,0.43809629942038564,60.48236408650603,0.33034394590125116
prtntap01-03,prtntap01-03:aggr0_prtntap01_03:vol0,71.47738636376627,0.43148887548850745,68.2495493393706,0.42537506221323285,74.27484511824245,0.4364848410594516
mtcntap01-04,mtcntap01-04:mtcntap01_04_tier03_aggr01:C1034REP002_S001,68.01976166803239,0.35650654642350443,70.77043957139861,0.35431115811704794,65.65020178742171,0.3585697588912334
mtcntap01-03,mtcntap01-03:mtcntap01_03_tier03_aggr01:C1029REP001_AR002,67.67308610328014,0.2924731710958941,52.34851851872547,0.23458169024880626,80.77173884315083,0.33878946579917907
mtcntap01-01,mtcntap01-01:mtcntap01_01_root:vol0,66.68460508710841,2.521723708301171,66.12263347727271,2.479225234885104,67.17080524393262,2.559084168948503
prtntap01-04,prtntap01-04:prtntap01_04_tier02_aggr01:C1036FSS1_M001,65.9003814968182,0.5949457032673763,81.98171523279719,0.7826860400661358,51.96322559230302,0.4480091417560737
prtntap01-04,prtntap01-04:aggr0_prtntap01_04:vol0,65.62353174649346,0.5924463160762066,62.5867424244056,0.5975206721364162,68.25541582563633,0.5884748284135914
mtcntap01-03,mtcntap01-03:mtcntap01_03_tier03_aggr01:MTC_DEVTEST01,65.35198629587349,0.2824417175270966,83.67898511156865,0.37497828632447017,49.687009654525134,0.20840749127245814
prtntap01-04,prtntap01-04:prtntap01_04_tier03_aggr01:C1046_MGMT01,64.64255862191557,0.5835901344846545,73.01242035825173,0.6970554593005479,57.388678450424216,0.49478553892732535
prtntap01-04,prtntap01-04:prtntap01_04_tier03_aggr01:C1000FS003,64.52025432844157,0.5824859767811512,62.59212509804194,0.5975720609552697,66.19129966145451,0.5706787254838898
mtcntap01-04,mtcntap01-04:mtcntap01_04_tier03_aggr01:FAST_STORAGE_102_REPLICA,64.07562665267636,0.335834466450407,70.4242928592797,0.3525781797267481,58.60659492048194,0.3200988273900429
mtcntap01-04,mtcntap01-04:mtcntap01_04_tier03_aggr01:MTC_ARCHIVEREADY,62.90233450995792,0.3296849840134085,69.74366762823075,0.349170639582627,57.008896944216865,0.31137248440049037
mtcntap01-01,mtcntap01-01:mtcntap01_01_tier01_aggr01:DR_CLUSTER01_1,61.995676873734965,2.3444086979364784,90.12841269831172,3.379306349294087,37.65611891314606,1.4346288901066708
mtcntap01-04,mtcntap01-04:mtcntap01_04_tier03_aggr01:C1070_MGMT01,61.462370943657014,0.3221378179338944,90.98637408972027,0.4555219350315908,36.029042932289144,0.19678424263104127
mtcntap01-04,mtcntap01-04:mtcntap01_04_tier03_aggr01:C1036REP001_S004,61.1301705079288,0.3203966823115756,66.17715694895108,0.33131495666098104,56.78246532078311,0.3101357550316623
prtntap01-01,prtntap01-01:aggr0_prtntap01_01:vol0,55.57023448772726,2.2380980818351968,52.715565267762244,2.2838149537020582,58.0442811450303,2.2033815111194883
mtcntap01-04,mtcntap01-04:mtcntap01_04_tier02_aggr01:C1036REPFSS1_M001,55.38049064711973,0.29026134428699124,72.59344683552446,0.3634380169993724,40.5524621233735,0.22149035600999292
mtcntap01-03,mtcntap01-03:mtcntap01_03_tier03_aggr01:C1050_MGMT01,51.51718178394579,0.22264971778114212,52.54589324686274,0.235466156488711,50.63789209776537,0.2123958782949135
mtcntap01-04,mtcntap01-04:mtcntap01_04_tier02_aggr01:C1029REP001_M002,51.35673017512948,0.26917192976499316,57.212165912125876,0.2864318617416411,46.31258975109035,0.25295115153566466
prtntap01-03,prtntap01-03:prtntap01_03_tier03_aggr01:C1040FS003_S002,49.534848485350636,0.299027946568461,43.616818182573425,0.2718480477533734,54.66380808109088,0.3212382811972925
mtcntap01-01,mtcntap01-01:mtcntap01_01_tier01_aggr01:STANDARD_STORAGE_304_REPLICA,48.926473393879526,1.8501878770931544,45.61385642184414,1.7102619474514964,51.7924453809214,1.9731969352476704
mtcntap01-03,mtcntap01-03:mtcntap01_03_tier02_aggr01:C1051FSSREP001_M001,48.82479930454823,0.21101363485815183,50.71662581666666,0.22726893032386758,47.20776323553075,0.19800852522436171
mtcntap01-03,mtcntap01-03:mtcntap01_03_tier03_aggr01:C1052_MGMT01,45.7986374079518,0.19793500615786827,31.688409585686262,0.1420005931829328,57.85933493201119,0.2426855414265239
mtcntap01-03,mtcntap01-03:mtcntap01_03_tier03_aggr01:STANDARD_STORAGE_303_REPLICA,45.25332841090363,0.19557826050346738,38.4431417930719,0.1722695777353757,51.07432591106146,0.21422645889873587
prtntap01-04,prtntap01-04:prtntap01_04_tier02_aggr01:STANDARD_STORAGE_305,43.33458333318184,0.39122268447267466,38.55545454564336,0.3680920307118326,47.47649494904847,0.4093260861554435
aus-mel-a700-01,aus-mel-a700-01:mtcntap01_05_root:vol0,38.75939450657303,2.9072740103797288,37.689144056279055,3.0598071278768173,39.759846014456514,2.7842850868341236
mtcntap01-01,mtcntap01-01:mtcntap01_01_tier01_aggr01:FAST_STORAGE_901,38.34091114489457,1.4498876390682953,66.35304653714932,2.487864423048859,14.105692884179778,0.5374009619337509
mtcntap01-04,mtcntap01-04:mtcntap01_04_tier03_aggr01:LOW_STORAGE_101_REPLICA,37.33090456623948,0.19565948976310857,46.70527893467132,0.23382928761984126,29.255389297048197,0.15978774780432736
prtntap01-03,prtntap01-03:prtntap01_03_tier03_aggr01:C1036_MGMT01,36.775287698181806,0.22200206725380175,38.78992618475526,0.2417637541024552,35.02926767648486,0.20585360103893643
mtcntap01-04,mtcntap01-04:mtcntap01_04_tier03_aggr01:C1036REPFSS1_S001,36.68527721865374,0.19227561469033638,55.14158996629373,0.2760655539190516,20.786164430024098,0.11353034362455364
prtntap01-04,prtntap01-04:prtntap01_04_tier03_aggr01:HCP01,35.96460137074676,0.3246868162103564,58.520178710000046,0.5586968607381472,16.416434343393934,0.14153687684022942
mtcntap01-01,mtcntap01-01:mtcntap01_01_tier01_aggr01:temp__1227__3625__C1026REP002_M001,33.868574075733335,0.05786580588133169,3.0955092596666667,0.004521978350571343,54.38395061977778,0.10476043077122198
aus-mel-a700-02,aus-mel-a700-02:mtcntap01_06_root:vol0,33.781577061096776,4.491531020788099,32.76769736894737,4.052656734379036,34.7569549927848,4.98072809813309
mtcntap01-04,mtcntap01-04:mtcntap01_04_tier03_aggr01:C1034REP002_S003,33.53425983207444,0.17576043882582357,34.4950552245874,0.17269898336020115,32.70658669274097,0.17863757589878893
prtntap01-04,prtntap01-04:prtntap01_04_tier03_aggr01:C1036FSS1_S001,33.43074495009414,0.3018112735211761,41.774893163846144,0.3988282705692426,26.1991498315091,0.22588010072438167
prtntap01-04,prtntap01-04:prtntap01_04_tier03_aggr01:LOW_STORAGE_301,31.79254599551948,0.28702168646592724,31.78203379909092,0.30342563715362536,31.801656565757586,0.27418299580226296
mtcntap01-03,mtcntap01-03:mtcntap01_03_tier03_aggr01:STANDARD_STORAGE_301_REPLICA,30.38816663396992,0.1313332074979337,32.94873002815032,0.14764828117896628,28.199528648999987,0.1182802720805047
mtcntap01-03,mtcntap01-03:mtcntap01_03_tier02_aggr01:C1064_JOURNAL_001,29.96841205855421,0.12951908967321266,31.937703341045754,0.1431177164971252,28.285163085251398,0.11863945767347514
mtcntap01-04,mtcntap01-04:mtcntap01_04_tier02_aggr01:C1045REP001_M002,29.914968178802585,0.1567909344323118,31.207589420559437,0.15624033447587118,28.80144506090361,0.15730838489495674
mtcntap01-03,mtcntap01-03:mtcntap01_03_tier02_aggr01:C1034REP002_M005,29.159543845391532,0.12602327967067617,19.936964413836606,0.08934057625632992,37.042530733815646,0.15537141305734364
prtntap01-03,prtntap01-03:prtntap01_03_tier02_aggr01:MTC_MGMT02_REPLICA,25.356501623311676,0.1530700677286036,27.09828088573426,0.16889390522306955,23.84695959587879,0.1401394557253924
prtntap01-04,prtntap01-04:prtntap01_04_tier03_aggr01:PRT_MGMT02,25.247395382532478,0.2279323588173087,27.37847125111888,0.2613844707414722,23.40046296309091,0.2017507806586591
mtcntap01-03,mtcntap01-03:mtcntap01_03_tier03_aggr01:STANDARD_STORAGE_302_REPLICA,24.737669876051175,0.1069125877181087,21.580660856660142,0.09670623054271761,27.436118926145248,0.11507822176072523
mtcntap01-03,mtcntap01-03:mtcntap01_03_tier03_aggr01:C1032REP003_S002,24.72487075760843,0.10685727180193384,18.719104030633996,0.08388315825745123,29.858291479547475,0.1252377968447047
prtntap01-03,prtntap01-03:prtntap01_03_tier03_aggr01:LOW_STORAGE_401,24.41051767701299,0.14735942874215183,23.370031080069936,0.14565705591956674,25.312272727696964,0.14875054025105905
mtcntap01-03,mtcntap01-03:mtcntap01_03_tier03_aggr01:C1000_MGMT01,23.55268481310241,0.10179125575265109,23.868713688758174,0.10695934401984745,23.28255957301676,0.09765650750068972
prtntap01-04,prtntap01-04:prtntap01_04_tier03_aggr01:C1034_MGMT01,23.40400162337662,0.21129028222337232,25.489372572027964,0.2433490934596813,21.596680134545448,0.1861991826252473
mtcntap01-04,mtcntap01-04:mtcntap01_04_tier03_aggr01:C1034REP002_AR01,23.237283768660188,0.121791720251225,30.084549607139852,0.15061785227406418,17.338735486114455,0.09470109814538469
prtntap01-03,prtntap01-03:prtntap01_03_tier03_aggr01:MTC_MGMT01_REPLICA,22.240702561493517,0.134260865240562,23.489413364335675,0.14640112305390313,21.158486532363618,0.12434032836332377
mtcntap01-03,mtcntap01-03:mtcntap01_03_tier03_aggr01:C1027REP004_AR001,21.113809092551197,0.091250791929119,29.153100036366002,0.13063948466998138,14.242236386385468,0.05973772171104271
mtcntap01-03,mtcntap01-03:mtcntap01_03_tier03_aggr01:C1027_MGMT01,21.06028207807229,0.09101945600866092,21.847109658627463,0.09790022823546811,20.387742302513978,0.08551446858081029
aus-mel-a700-01,aus-mel-a700-01:mtcntap01_05_ssd:temp__1130__3710__C1027REP004_S002,18.584873188173916,0.36025201068289653,24.483169192636353,0.5084750420590927,13.178101850749995,0.24073835113959902
prtntap01-04,prtntap01-04:prtntap01_04_tier03_aggr01:C1024_MGMT01,17.857169913311694,0.16121373307912049,17.957571872517484,0.17144238539279677,17.770154881999996,0.15320819188592794
mtcntap01-03,mtcntap01-03:mtcntap01_03_tier03_aggr01:MTC_OFFLOAD01,17.507967809789147,0.07566687378434289,17.843118191764702,0.079957732198976,17.221498488882688,0.07223395654066295
prtntap01-04,prtntap01-04:prtntap01_04_tier03_aggr01:PRT_DEVTEST01,16.59755411243504,0.14984197784071657,16.580924630769236,0.15829942326822719,16.611966329878797,0.14322268668849103
mtcntap01-03,mtcntap01-03:mtcntap01_03_tier03_aggr01:C1030_MGMT01,15.770929356716863,0.0681596478849623,15.714577886993464,0.07041941866910341,15.81909569675978,0.06635170985904548
mtcntap01-03,mtcntap01-03:mtcntap01_03_tier02_aggr01:MTC_DR01_TIER2_4,14.97026545966868,0.06469929573559685,15.476658496934636,0.06935326561946169,14.53742671831843,0.06097586980958561
mtcntap01-04,mtcntap01-04:mtcntap01_04_tier03_aggr01:C1034REP002_S005,14.796993611488679,0.07755430128714656,10.127872930139862,0.05070504590436922,18.819187933373485,0.10278706684937294
mtcntap01-03,mtcntap01-03:mtcntap01_03_tier02_aggr01:C1064_DR_MGMT01,14.257982266644587,0.061620912050476755,14.037003449516344,0.06290195192511513,14.44686360195531,0.06059601133119688
prtntap01-03,prtntap01-03:prtntap01_03_tier03_aggr01:C1036FS003,12.841506132545451,0.07752056031415928,12.78182983667132,0.0796645796873647,12.893225588969695,0.0757685527716151
mtcntap01-01,mtcntap01-01:mtcntap01_01_tier01_aggr01:MTC_OFFLOAD03,12.826962851524103,0.4850603266816065,13.442875180857147,0.5040318817496428,12.294094881202245,0.46838240911035306
mtcntap01-04,mtcntap01-04:mtcntap01_04_tier02_aggr01:C1036REP001_M002,11.699971020854377,0.06132212403590645,20.907267870356648,0.10467192710787082,3.7683839758012057,0.02058224494096704
mtcntap01-04,mtcntap01-04:mtcntap01_04_tier02_aggr01:C1000REP003_M001,11.180013105563331,0.0568902040055436,11.058919517622382,0.055366316862550134,11.290308539165604,0.05832234379766347
mtcntap01-04,mtcntap01-04:mtcntap01_04_tier03_aggr01:C1046_MGMT01,10.101146211216816,0.05294233120449485,10.244890055139857,0.0512908904085064,9.977318683018071,0.05449434513750777
prtntap01-03,prtntap01-03:prtntap01_03_tier02_aggr01:STANDARD_STORAGE_401,9.758267496613644,0.05890791595821875,9.555668220930068,0.059557066725162124,9.933853535539395,0.0583774557141801
mtcntap01-03,mtcntap01-03:mtcntap01_03_tier03_aggr01:temp__1129__3623__C1027REP004_S001,9.610648146666668,0.00037532362349303503,9.610648146666668,0.0008444466502831661,,
mtcntap01-04,mtcntap01-04:mtcntap01_04_tier03_aggr01:MTC_ISO,9.362021282640773,0.04906841472492559,10.604205205426574,0.05308979638956433,8.291947180481927,0.04528914489664077
mtcntap01-04,mtcntap01-04:mtcntap01_04_tier03_aggr01:MTC_DR01_STG,7.840820145495144,0.041095464651003576,8.912724687636361,0.044621424215811695,6.917432497746987,0.03778178947408429
prtntap01-02,prtntap01-02:prtntap01_02_tier01_aggr01:FAST_STORAGE_401,7.374324104205206,0.5729976161281443,7.300419580370633,0.5851124993211513,7.438765243890241,0.5630218950642129
mtcntap01-03,mtcntap01-03:mtcntap01_03_tier03_aggr01:C1029REP001_AR001,6.722985316608436,0.029055758322868854,5.778928830529408,0.025896260892430537,7.529916279569834,0.03158352600062078
prtntap01-04,prtntap01-04:prtntap01_04_tier02_aggr01:C1040FS003_M002,5.8731132756461095,0.05302220455760101,2.195005827489511,0.02095589747252034,9.060806397381825,0.07811917084512657
prtntap01-04,prtntap01-04:prtntap01_04_tier03_aggr01:PRT_ISO,5.169018759032468,0.046665670682700285,5.728735431279722,0.05469269868973326,4.683930976418184,0.040383249362807606
mtcntap01-03,mtcntap01-03:mtcntap01_03_tier03_aggr01:FAST_STORAGE_302_REPLICA,4.6649599907680726,0.020161274150452543,3.963945170620917,0.017763042479324913,5.264151429217877,0.02207998832430657
mtcntap01-03,mtcntap01-03:mtcntap01_03_tier02_aggr01:C1027REP004_M003,4.2972550828012075,0.018572107368602757,4.08325798847711,0.018297701401354238,4.480168800296087,0.018791646883941852
prtntap01-01,prtntap01-01:prtntap01_01_tier01_aggr01:TEST_NFS3,4.222053571418832,0.17004373090570332,4.209842657314686,0.18238449241077867,4.232636363642423,0.16067237844912535
mtcntap01-04,mtcntap01-04:mtcntap01_04_tier03_aggr01:C1034REP002_S004,4.097921992666664,0.02147811137958047,4.04460460062937,0.020249253061778202,4.14385203520482,0.022632984890977488
mtcntap01-03,mtcntap01-03:mtcntap01_03_tier03_aggr01:C1041REP001_S002,3.874586944557267,0.016745397551870888,3.4772993827581455,0.015582308531171719,4.214167933134057,0.017675931251486032
mtcntap01-03,mtcntap01-03:mtcntap01_03_tier03_aggr01:LOW_STORAGE_301_REPLICA,3.3327636920481947,0.014403716775070333,3.4558451343921557,0.015486168774267015,3.227560001106145,0.013537697024610615
mtcntap01-03,mtcntap01-03:mtcntap01_03_tier03_aggr01:PRT_MGMT02_REPLICA,3.182910642334338,0.013756073832035141,3.5429003268039216,0.015876276360092624,2.8752099623128484,0.01205979790882077
prtntap01-03,prtntap01-03:prtntap01_03_tier02_aggr01:STANDARD_STORAGE_402,3.003649891775973,0.01813218949511826,2.940992618489512,0.018330156465032735,3.057952861957577,0.017970418743976938
prtntap01-03,prtntap01-03:prtntap01_03_tier02_aggr01:STANDARD_STORAGE_403,2.9786724386883123,0.017981407636776206,2.9274300699650357,0.01824562594463791,3.0230824915818175,0.017765498921567112
prtntap01-04,prtntap01-04:prtntap01_04_tier02_aggr01:C1046FS002_M002,2.611832611834415,0.023579508263385694,1.616216006202797,0.015430144419329092,3.474700336715149,0.029957676760194767
mtcntap01-04,mtcntap01-04:mtcntap01_04_tier02_aggr01:C1046REP002_M002,2.608277754857605,0.013670557962783214,2.9682315711818186,0.014860407423130426,2.2981970576626507,0.012552344736410629
mtcntap01-03,mtcntap01-03:mtcntap01_03_tier03_aggr01:C1000VBCK002,2.2103671959578293,0.009552883432883536,0.26787581701307195,0.0012003923646708064,3.870708989134078,0.016235324997017977
mtcntap01-04,mtcntap01-04:mtcntap01_04_tier02_aggr01:C1034REP002_M001,2.110255089378643,0.011060311526210115,2.9519353586223764,0.014778820676180348,1.38519317069277,0.007565679429918416
prtntap01-03,prtntap01-03:prtntap01_03_tier03_aggr01:C1000VBCK001,2.0200351732045463,0.0121943841216767,3.764061771461535,0.02346005249424065,0.5085454547151509,0.0029885270257982823
mtcntap01-03,mtcntap01-03:mtcntap01_03_tier03_aggr01:MTC_C1041_MGMT01,2.0064408338192794,0.008671543549644185,2.062869462601307,0.00924403247680376,1.9582085421787725,0.008213521652869447
mtcntap01-04,mtcntap01-04:mtcntap01_04_tier03_aggr01:C1034REP002_S002,1.765030267883496,0.009250912230582359,2.6282944646083926,0.01315851733107474,1.0213749658855416,0.005578568919574734
mtcntap01-04,mtcntap01-04:mtcntap01_04_tier03_aggr01:LOW_STORAGE_401_REPLICA,1.696383008731391,0.008891116831692303,1.659327915412587,0.008307400645896001,1.7283039626144576,0.009439689723606674
mtcntap01-03,mtcntap01-03:mtcntap01_03_tier03_aggr01:MTC_TEMPLATE,1.4354534533162657,0.006203819681154024,1.438558460457515,0.006446399721037618,1.4327994527988817,0.0060097426174483175
mtcntap01-04,mtcntap01-04:mtcntap01_04_tier03_aggr01:C1046REP002_S002,1.4237537837313912,0.007462207040252306,1.7073811749790222,0.008547978578594947,1.1794241635602407,0.006441805606747075
mtcntap01-04,mtcntap01-04:mtcntap01_04_tier03_aggr01:MTCUN905,1.3527784060291212,0.007090209459472309,1.8428030275244727,0.00922596607874785,0.9306487622108444,0.005083038485683728
mtcntap01-04,mtcntap01-04:mtcntap01_04_tier03_aggr01:STANDARD_STORAGE_402_REPLICA,1.031380715877022,0.005405693405096505,1.2433018400839153,0.006224572258093198,0.8488221570722891,0.004636116080625083
mtcntap01-04,mtcntap01-04:mtcntap01_04_tier03_aggr01:C1034REP002_AR02,0.9431760833883537,0.004943393506714647,0.7428689092517483,0.003719162197665767,1.1157298538795173,0.006093918583658955
mtcntap01-03,mtcntap01-03:mtcntap01_03_tier03_aggr01:MTCUN906,0.9228601298524047,0.0039884663785536845,0.402214960058824,0.0018023865401311122,1.3678808615754205,0.005737447689097934
mtcntap01-04,mtcntap01-04:mtcntap01_04_tier03_aggr01:MTCUN904,0.8276760449190957,0.004338032376115317,0.8651631673566437,0.004331426590576535,0.7953829213734943,0.004344240452856335
mtcntap01-04,mtcntap01-04:mtcntap01_04_tier03_aggr01:C1027REP004_AR002,0.806383007291262,0.004226430877941701,0.8410517258111888,0.004210713015394869,0.776517785915663,0.004241202428777313
mtcntap01-04,mtcntap01-04:mtcntap01_04_tier03_aggr01:STANDARD_STORAGE_401_REPLICA,0.7280590595242715,0.0038159178235599206,0.7266558154685318,0.003637991583638475,0.7292678781987949,0.003983131812748886
mtcntap01-03,mtcntap01-03:mtcntap01_03_tier03_aggr01:JarekVVOL,0.6238388668524109,0.002696140255266859,0.6224636891830068,0.0027893546648282957,0.6250142980446927,0.002621563719986274
mtcntap01-04,mtcntap01-04:mtcntap01_04_tier03_aggr01:FAST_STORAGE_401_REPLICA,0.6202663167896437,0.0032509523267769463,0.6200027846713289,0.0031040347637104823,0.6204933354216867,0.003389024551610739
mtcntap01-02,mtcntap01-02:mtcntap01_02_tier01_aggr01:STANDARD_STORAGE_403_REPLICA,0.5552940115746755,0.05375901995307218,0.5640326340769231,0.05909944494821236,0.5477205387393939,0.0497470553245795
mtcntap01-04,mtcntap01-04:mtcntap01_04_tier02_aggr01:C1034REP002_M004,0.4851124472621354,0.0025425811405299084,0.045988438909090934,0.00023024043864297708,0.8633939725301198,0.0047157047522980305
mtcntap01-01,mtcntap01-01:mtcntap01_01_tier01_aggr01:Testvvol2,0.3684579986355419,0.0139334898880892,0.36989177483766184,0.01386885207270475,0.36721754057303346,0.013990313071697754
mtcntap01-04,mtcntap01-04:mtcntap01_04_tier02_aggr01:C1035REPA001,0.368377322158576,0.0019307466489582538,0.37041679872727246,0.0018544862196406401,0.36662042366867426,0.0020024157327824896
mtcntap01-04,mtcntap01-04:mtcntap01_04_tier03_aggr01:vcloud001,0.3526199242135923,0.0018481586571125383,0.3544774095874125,0.0017746859038587318,0.3510198012710843,0.0019172079000667524
prtntap01-03,prtntap01-03:prtntap01_03_tier03_aggr01:Standard,0.30263888888636353,0.001826945842424723,0.3748018648041959,0.0023360061436588937,0.24009764309090884,0.0014109619672238788
mtcntap01-04,mtcntap01-04:mtcntap01_04_tier03_aggr01:TEST_VSC,0.2295825799902913,0.0012032928476108304,0.22967313687412588,0.0011498551599661714,0.22950457014457842,0.0012535132587657132
mtcntap01-04,mtcntap01-04:mtcntap01_04_tier03_aggr01:TESTLUN,0.14260681202265374,0.0007474336987357578,0.13962834771328664,0.0006990472559429768,0.14517259754216874,0.0007929069809543665
mtcntap01-03,mtcntap01-03:mtcntap01_03_tier03_aggr01:C1000_CIFS,0.13158941155421686,0.000568710172625614,0.13909586055555542,0.0006233097516229172,0.12517328475419,0.0005250275762485526
mtcntap01-04,mtcntap01-04:mtcntap01_04_tier02_aggr01:C1034REP002_M003,0.12928090924595467,0.0006775897083953871,0.2347919052727273,0.001175482198181918,0.03838890664457837,0.00020967339969824532
prtntap01-04,prtntap01-04:prtntap01_04_tier03_aggr01:vcloud001,0.10395382418831171,0.0009384904857043111,0.10583916101398601,0.0010104549969798481,0.10231986560606057,0.0008821668526589315
mtcntap01-03,mtcntap01-03:mtcntap01_03_tier02_aggr01:mtcsvm001_root,0.07671751174096386,0.0003315618546377866,0.07807280320261438,0.00034985613071706077,0.07555907825698327,0.000316925450975758
prtntap01-01,prtntap01-01:prtntap01_01_tier01_aggr01:Extreme,0.06270111836688325,0.002525295313929894,0.04240093245454539,0.0018369504926815392,0.08029461282424247,0.003048011997898286
mtcntap01-03,mtcntap01-03:mtcntap01_03_tier02_aggr01:mtcsvm002_root,0.05762130373795185,0.00024903083924972085,0.056784676862745104,0.00025446079193110557,0.05833640939106145,0.0002446865853986233
mtcntap01-03,mtcntap01-03:mtcntap01_03_tier03_aggr01:mtcsvm004_root,0.05521379287349402,0.0002386259297425472,0.05572076981699348,0.00024969326230233957,0.05478045503910615,0.00022977146913940013
prtntap01-04,prtntap01-04:prtntap01_04_tier03_aggr01:bauer_mel,0.053832070713636306,0.00034713823720005775,0.05263087602884616,0.0003654336098749064,0.054909003879310365,0.00033281920913049763
mtcntap01-03,mtcntap01-03:mtcntap01_03_tier03_aggr01:mtcsvm005_root,0.053728338183734986,0.00023220601203744886,0.051517792320261435,0.00023085907953729302,0.055617799173184386,0.00023328363039700685
mtcntap01-04,mtcntap01-04:mtcntap01_04_tier02_aggr01:mtcsvm003_root,0.052101235676375424,0.0002730740470105352,0.05073777713986014,0.00025401793019205434,0.05327578128313254,0.00029098286873955936
prtntap01-03,prtntap01-03:prtntap01_03_tier03_aggr01:PRTSVM001_root,0.04775162332792212,0.0002882631178993521,0.04913364409790207,0.00030623245306693003,0.046553871993939386,0.00027357929034558067
mtcntap01-04,mtcntap01-04:mtcntap01_04_tier03_aggr01:mtcsvm006_root,0.045405176352750876,0.00023797852586238905,0.044704576776223824,0.00022381280187946874,0.04600870490361453,0.00025129138639369395
prtntap01-03,prtntap01-03:prtntap01_03_tier03_aggr01:prtsvm005_root,0.04533730154545453,0.00027368853642707205,0.04549728047552447,0.0002835682975220009,0.04519865313939397,0.00026561518775626753
prtntap01-04,prtntap01-04:prtntap01_04_tier03_aggr01:PRTSVM003_root,0.0452849927175324,0.00040883089335516437,0.04404428897902093,0.0004204943752473162,0.04636026929090906,0.0003997023706641708
prtntap01-03,prtntap01-03:prtntap01_03_tier02_aggr01:High,0.044803391100649355,0.0002704654692563153,0.04209790214685308,0.0002623811866613178,0.04714814819393931,0.000277071624153742
prtntap01-04,prtntap01-04:prtntap01_04_tier03_aggr01:PRTSVM004_root,0.0445661976396104,0.0004023416434688025,0.04335081579720275,0.00041387373091183153,0.04561952856969693,0.00039331595775405346
prtntap01-03,prtntap01-03:prtntap01_03_tier03_aggr01:PRTSVM002_root,0.04354076476623376,0.0002628433492416509,0.04303613052447555,0.00026822882900276186,0.04397811444242429,0.00025844254891325665
mtcntap01-04,mtcntap01-04:mtcntap01_04_tier02_aggr01:C1029REP001_M003,0.032199881831715245,0.00016876666994357928,0.03351751066433566,0.00016780492098964904,0.031064816030120502,0.00016967051571279397
mtcntap01-04,mtcntap01-04:mtcntap01_04_tier03_aggr01:HDSDeviceManager,0.031032635983818786,0.00016264887746892095,0.032113219286713277,0.00016077435699495747,0.030101772054216873,0.00016441054031531423
mtcntap01-04,mtcntap01-04:mtcntap01_04_tier03_aggr01:C1029REP001_S002,0.030828234873786445,0.00016157756624941976,0.03192695995804196,0.00015984185242311485,0.029881742783132548,0.00016320877945954124
prtntap01-03,prtntap01-03:prtntap01_03_tier03_aggr01:C1046FS002_S002,0.021439393779220793,0.00012942358952342417,0.02548174034965036,0.0001588185854918339,0.01793602675151516,0.00010540316541098183
mtcntap01-03,mtcntap01-03:mtcntap01_03_tier03_aggr01:lun_test_vol,0.017226853680722912,7.445193967239204e-05,0.017836782790849666,7.992934230185751e-05,0.01670551762569832,7.006972331373826e-05
mtcntap01-04,mtcntap01-04:mtcntap01_04_tier03_aggr01:MTC_OFFLOAD02,0.012651087229773433,6.630713348865947e-05,0.013045702300699295,6.531311545617487e-05,0.012311147740963844,6.724130554001647e-05
mtcntap01-04,mtcntap01-04:mtcntap01_04_tier03_aggr01:test_vsc_vvol1,0.012374731025806423,6.506858845233265e-05,0.01275061897916666,6.428218926709915e-05,0.012048659548192757,6.580764158421492e-05
mtcntap01-04,mtcntap01-04:mtcntap01_04_tier03_aggr01:Test_vvol02,0.012369888566343011,6.483330938372146e-05,0.012738927713286706,6.377725302540142e-05,0.012051981349397577,6.582578467326366e-05
mtcntap01-04,mtcntap01-04:mtcntap01_04_tier03_aggr01:Test_vvol01,0.012369881744336541,6.483327362808358e-05,0.012742785755244748,6.379656825535473e-05,0.012048645156626491,6.580756298003237e-05
mtcntap01-04,mtcntap01-04:mtcntap01_04_tier03_aggr01:Test_VSC_VVOL2,0.012369832647249163,6.483301629943921e-05,0.012742686020979013,6.379606893722967e-05,0.012048639680722879,6.5807533071618e-05
mtcntap01-01,mtcntap01-01:mtcntap01_01_tier01_aggr01:Testvvol1,0.01232346047891563,0.0004660200419182177,0.012685786396103878,0.00047564532904444926,0.012009987494382004,0.00045755844007718915
mtcntap01-01,mtcntap01-01:mtcntap01_01_tier01_aggr01:Jarek_VVOL,0.012323460478915629,0.0004660200419182176,0.01268578639610388,0.0004756453290444493,0.012009987494382004,0.00045755844007718915
aus-mel-a700-01,aus-mel-a700-01:aggr0_mtcntap01_05:vol0,,0.0,,0.0,,0.0
aus-mel-a700-02,aus-mel-a700-02:aggr0_mtcntap01_06:vol0,,0.0,,0.0,,0.0
