,imdb_id,production_co,genre,date,occurences
0,tt5753856,Netflix,Crime,2017-12-01,622
1,tt5753856,Netflix,Crime,2017-12-02,1396
2,tt5753856,Netflix,Crime,2017-12-03,2854
3,tt5753856,Netflix,Crime,2017-12-05,19062
4,tt5753856,Netflix,Crime,2017-12-04,3822
5,tt5753856,Netflix,Crime,2017-12-06,25446
6,tt5753856,Netflix,Crime,2017-12-07,27764
7,tt5753856,Netflix,Crime,2017-12-08,29936
8,tt5753856,Netflix,Crime,2017-12-09,32511
9,tt5753856,Netflix,Crime,2017-12-11,35021
10,tt5753856,Netflix,Crime,2017-12-10,35928
11,tt5753856,Netflix,Crime,2017-12-13,35440
12,tt5753856,Netflix,Crime,2017-12-14,35496
13,tt5753856,Netflix,Crime,2017-12-12,35699
14,tt5753856,Netflix,Crime,2017-12-16,38597
15,tt5753856,Netflix,Crime,2017-12-17,40913
16,tt5753856,Netflix,Crime,2017-12-15,36455
17,tt5753856,Netflix,Crime,2017-12-18,37680
18,tt5753856,Netflix,Crime,2017-12-19,38671
19,tt5753856,Netflix,Crime,2017-12-20,35652
20,tt5753856,Netflix,Crime,2017-12-22,35482
21,tt5753856,Netflix,Crime,2017-12-23,39553
22,tt5753856,Netflix,Crime,2017-12-21,37394
23,tt5753856,Netflix,Crime,2017-12-24,36729
24,tt5753856,Netflix,Crime,2017-12-25,35319
25,tt5753856,Netflix,Crime,2017-12-26,38622
26,tt5753856,Netflix,Crime,2017-12-27,38935
27,tt5753856,Netflix,Crime,2017-12-28,38700
28,tt5753856,Netflix,Crime,2017-12-29,38454
29,tt5753856,Netflix,Crime,2017-12-31,37142
30,tt5753856,Netflix,Crime,2018-01-01,38414
31,tt5753856,Netflix,Crime,2017-12-30,38395
32,tt5753856,Netflix,Crime,2018-01-04,41332
33,tt5753856,Netflix,Crime,2018-01-02,41485
34,tt5753856,Netflix,Crime,2018-01-03,40341
35,tt5753856,Netflix,Crime,2018-01-05,36764
36,tt5753856,Netflix,Crime,2018-01-06,41645
37,tt5753856,Netflix,Crime,2018-01-07,40915
38,tt5753856,Netflix,Crime,2018-01-09,36138
39,tt5753856,Netflix,Crime,2018-01-08,39210
40,tt5753856,Netflix,Crime,2018-01-10,36943
41,tt5753856,Netflix,Crime,2018-01-11,35588
42,tt5753856,Netflix,Crime,2018-01-12,36792
43,tt5753856,Netflix,Crime,2018-01-13,37821
44,tt5753856,Netflix,Crime,2018-01-14,39762
45,tt5753856,Netflix,Crime,2018-01-16,34572
46,tt5753856,Netflix,Crime,2018-01-15,35474
47,tt5753856,Netflix,Crime,2018-01-17,34942
48,tt5753856,Netflix,Crime,2018-01-18,34163
49,tt5753856,Netflix,Crime,2018-01-19,35101
50,tt5753856,Netflix,Crime,2018-01-20,36079
51,tt5753856,Netflix,Crime,2018-01-22,34601
52,tt5753856,Netflix,Crime,2018-01-21,35867
53,tt5753856,Netflix,Crime,2018-01-24,30665
54,tt5753856,Netflix,Crime,2018-01-25,29691
55,tt5753856,Netflix,Crime,2018-01-23,32847
56,tt5753856,Netflix,Crime,2018-01-26,30851
57,tt5753856,Netflix,Crime,2018-01-27,30947
58,tt5753856,Netflix,Crime,2018-01-28,32456
59,tt5753856,Netflix,Crime,2018-01-31,29017
60,tt5753856,Netflix,Crime,2018-01-29,30293
61,tt5753856,Netflix,Crime,2018-01-30,30210
62,tt5753856,Netflix,Crime,2018-02-01,28219
63,tt5753856,Netflix,Crime,2018-02-02,28542
64,tt5753856,Netflix,Crime,2018-02-03,29423
65,tt5753856,Netflix,Crime,2018-02-06,26714
66,tt5753856,Netflix,Crime,2018-02-05,28777
67,tt5753856,Netflix,Crime,2018-02-04,30855
68,tt5753856,Netflix,Crime,2018-02-09,26341
69,tt5753856,Netflix,Crime,2018-02-07,27378
70,tt5753856,Netflix,Crime,2018-02-08,26726
71,tt5753856,Netflix,Crime,2018-02-10,27451
72,tt5753856,Netflix,Crime,2018-02-11,29449
73,tt5753856,Netflix,Crime,2018-02-12,26312
74,tt5753856,Netflix,Crime,2018-02-15,24393
75,tt5753856,Netflix,Crime,2018-02-14,26247
76,tt5753856,Netflix,Crime,2018-02-13,26690
77,tt5753856,Netflix,Crime,2018-02-16,25201
78,tt5753856,Netflix,Crime,2018-02-17,25270
79,tt5753856,Netflix,Crime,2018-02-18,24759
80,tt5753856,Netflix,Crime,2018-02-19,23364
81,tt5753856,Netflix,Crime,2018-02-21,23264
82,tt5753856,Netflix,Crime,2018-02-20,23569
83,tt5753856,Netflix,Crime,2018-02-22,23427
84,tt5753856,Netflix,Crime,2018-02-24,24716
85,tt5753856,Netflix,Crime,2018-02-23,22453
86,tt5753856,Netflix,Crime,2018-02-26,23530
87,tt5753856,Netflix,Crime,2018-02-25,24261
88,tt5753856,Netflix,Crime,2018-02-27,21242
89,tt5753856,Netflix,Crime,2018-03-02,22983
90,tt5753856,Netflix,Crime,2018-03-01,20392
91,tt5753856,Netflix,Crime,2018-02-28,22428
92,tt5753856,Netflix,Crime,2018-03-05,21444
93,tt5753856,Netflix,Crime,2018-03-03,22746
94,tt5753856,Netflix,Crime,2018-03-04,20907
95,tt5753856,Netflix,Crime,2018-03-06,22930
96,tt5753856,Netflix,Crime,2018-03-07,21790
97,tt5753856,Netflix,Crime,2018-03-08,20427
98,tt5753856,Netflix,Crime,2018-03-10,21667
99,tt5753856,Netflix,Crime,2018-03-09,22596
100,tt5753856,Netflix,Crime,2018-03-11,22898
101,tt5753856,Netflix,Crime,2018-03-14,20505
102,tt5753856,Netflix,Crime,2018-03-12,19999
103,tt5753856,Netflix,Crime,2018-03-13,19090
104,tt5753856,Netflix,Crime,2018-03-15,18607
105,tt5753856,Netflix,Crime,2018-03-16,20067
106,tt5753856,Netflix,Crime,2018-03-17,18661
107,tt5753856,Netflix,Crime,2018-03-18,13711
108,tt5753856,Netflix,Crime,2018-03-19,15236
109,tt5753856,Netflix,Crime,2018-03-20,16808
110,tt5753856,Netflix,Crime,2018-03-21,16724
111,tt5753856,Netflix,Crime,2018-03-22,15900
112,tt5753856,Netflix,Crime,2018-03-23,17482
113,tt5753856,Netflix,Crime,2018-03-24,18445
114,tt5753856,Netflix,Crime,2018-03-26,16954
115,tt5753856,Netflix,Crime,2018-03-25,17473
116,tt5753856,Netflix,Crime,2018-03-27,15459
117,tt5753856,Netflix,Crime,2018-03-28,17192
118,tt5753856,Netflix,Crime,2018-03-29,14412
119,tt5753856,Netflix,Crime,2018-03-30,15684
120,tt5753856,Netflix,Crime,2018-03-31,15459
121,tt5753856,Netflix,Crime,2018-04-01,16656
122,tt5753856,Netflix,Crime,2018-04-02,15842
123,tt5753856,Netflix,Crime,2018-04-04,15441
124,tt5753856,Netflix,Crime,2018-04-03,16078
125,tt5753856,Netflix,Crime,2018-04-05,14900
126,tt5753856,Netflix,Crime,2018-04-07,16447
127,tt5753856,Netflix,Crime,2018-04-06,14320
128,tt5753856,Netflix,Crime,2018-04-08,15643
129,tt5753856,Netflix,Crime,2018-04-09,14118
130,tt5753856,Netflix,Crime,2018-04-10,15596
131,tt5753856,Netflix,Crime,2018-04-12,12837
132,tt5753856,Netflix,Crime,2018-04-13,13486
133,tt5753856,Netflix,Crime,2018-04-11,14409
134,tt5753856,Netflix,Crime,2018-04-14,13913
135,tt5753856,Netflix,Crime,2018-04-16,13476
136,tt5753856,Netflix,Crime,2018-04-15,13643
137,tt5753856,Netflix,Crime,2018-04-18,12920
138,tt5753856,Netflix,Crime,2018-04-17,12728
139,tt5753856,Netflix,Crime,2018-04-19,10759
140,tt5753856,Netflix,Crime,2018-04-20,10098
141,tt5753856,Netflix,Crime,2018-04-21,13547
142,tt5753856,Netflix,Crime,2018-04-22,14371
143,tt5753856,Netflix,Crime,2018-04-23,12972
144,tt5753856,Netflix,Crime,2018-04-25,12693
145,tt5753856,Netflix,Crime,2018-04-24,13239
146,tt5753856,Netflix,Crime,2018-04-26,12257
147,tt5753856,Netflix,Crime,2018-04-27,11245
148,tt5753856,Netflix,Crime,2018-04-28,11710
149,tt5753856,Netflix,Crime,2018-04-29,12578
150,tt5753856,Netflix,Crime,2018-04-30,11472
151,tt5753856,Netflix,Crime,2018-05-01,13116
152,tt5753856,Netflix,Crime,2018-05-04,11148
153,tt5753856,Netflix,Crime,2018-05-03,12480
154,tt5753856,Netflix,Crime,2018-05-02,12367
155,tt5753856,Netflix,Crime,2018-05-06,12978
156,tt5753856,Netflix,Crime,2018-05-07,10096
157,tt5753856,Netflix,Crime,2018-05-05,11160
158,tt5753856,Netflix,Crime,2018-05-09,8702
159,tt5753856,Netflix,Crime,2018-05-10,10411
160,tt5753856,Netflix,Crime,2018-05-08,12244
161,tt5753856,Netflix,Crime,2018-05-11,12034
162,tt5753856,Netflix,Crime,2018-05-12,12659
163,tt5753856,Netflix,Crime,2018-05-13,14342
164,tt5753856,Netflix,Crime,2018-05-15,13620
165,tt5753856,Netflix,Crime,2018-05-14,13036
166,tt5753856,Netflix,Crime,2018-05-16,12012
167,tt5753856,Netflix,Crime,2018-05-17,13120
168,tt5753856,Netflix,Crime,2018-05-18,12595
169,tt5753856,Netflix,Crime,2018-05-19,13341
170,tt5753856,Netflix,Crime,2018-05-21,11924
171,tt5753856,Netflix,Crime,2018-05-22,10984
172,tt5753856,Netflix,Crime,2018-05-20,12048
173,tt5753856,Netflix,Crime,2018-05-23,11196
174,tt5753856,Netflix,Crime,2018-05-24,10877
175,tt5753856,Netflix,Crime,2018-05-25,9131
176,tt5753856,Netflix,Crime,2018-05-27,10885
177,tt5753856,Netflix,Crime,2018-05-26,10396
178,tt5753856,Netflix,Crime,2018-05-28,10075
179,tt5753856,Netflix,Crime,2018-05-30,11444
180,tt5753856,Netflix,Crime,2018-05-29,11547
181,tt5753856,Netflix,Crime,2018-05-31,11416
182,tt5753856,Netflix,Crime,2018-06-01,11229
183,tt5753856,Netflix,Crime,2018-06-02,10974
184,tt5753856,Netflix,Crime,2018-06-03,10771
185,tt5753856,Netflix,Crime,2018-06-04,10941
186,tt5753856,Netflix,Crime,2018-06-05,10696
187,tt5753856,Netflix,Crime,2018-06-06,9737
188,tt5753856,Netflix,Crime,2018-06-08,9055
189,tt5753856,Netflix,Crime,2018-06-07,9772
190,tt5753856,Netflix,Crime,2018-06-09,9984
191,tt5753856,Netflix,Crime,2018-06-11,10952
192,tt5753856,Netflix,Crime,2018-06-10,10249
193,tt5753856,Netflix,Crime,2018-06-12,11206
194,tt5753856,Netflix,Crime,2018-06-13,9962
195,tt5753856,Netflix,Crime,2018-06-14,10403
196,tt5753856,Netflix,Crime,2018-06-15,11671
197,tt5753856,Netflix,Crime,2018-06-16,9860
198,tt5753856,Netflix,Crime,2018-06-17,13924
199,tt5753856,Netflix,Crime,2018-06-18,15673
200,tt5753856,Netflix,Crime,2018-06-19,15362
201,tt5753856,Netflix,Crime,2018-06-20,11972
202,tt5753856,Netflix,Crime,2018-06-21,12265
203,tt5753856,Netflix,Crime,2018-06-22,12670
204,tt5753856,Netflix,Crime,2018-06-23,11733
205,tt5753856,Netflix,Crime,2018-06-24,10977
206,tt5753856,Netflix,Crime,2018-06-26,11245
207,tt5753856,Netflix,Crime,2018-06-25,10668
208,tt5753856,Netflix,Crime,2018-06-27,10411
209,tt5753856,Netflix,Crime,2018-06-29,10475
210,tt5753856,Netflix,Crime,2018-06-28,10804
211,tt5753856,Netflix,Crime,2018-06-30,10664
212,tt5753856,Netflix,Crime,2018-07-01,11041
213,tt5753856,Netflix,Crime,2018-07-02,10652
214,tt5753856,Netflix,Crime,2018-07-03,9623
215,tt5753856,Netflix,Crime,2018-07-06,10088
216,tt5753856,Netflix,Crime,2018-07-04,10430
217,tt5753856,Netflix,Crime,2018-07-05,10580
218,tt5753856,Netflix,Crime,2018-07-07,9989
219,tt5753856,Netflix,Crime,2018-07-09,10433
220,tt5753856,Netflix,Crime,2018-07-08,10483
221,tt5753856,Netflix,Crime,2018-07-10,10491
222,tt5753856,Netflix,Crime,2018-07-11,10466
223,tt5753856,Netflix,Crime,2018-07-12,9827
224,tt5753856,Netflix,Crime,2018-07-14,10340
225,tt5753856,Netflix,Crime,2018-07-15,10371
226,tt5753856,Netflix,Crime,2018-07-13,9286
227,tt5753856,Netflix,Crime,2018-07-17,10342
228,tt5753856,Netflix,Crime,2018-07-18,9612
229,tt5753856,Netflix,Crime,2018-07-16,9491
230,tt5753856,Netflix,Crime,2018-07-19,10425
231,tt5753856,Netflix,Crime,2018-07-20,9605
232,tt5753856,Netflix,Crime,2018-07-21,9118
233,tt5753856,Netflix,Crime,2018-07-22,10489
234,tt5753856,Netflix,Crime,2018-07-23,9335
235,tt5753856,Netflix,Crime,2018-07-24,9647
236,tt5753856,Netflix,Crime,2018-07-25,9372
237,tt5753856,Netflix,Crime,2018-07-27,8495
238,tt5753856,Netflix,Crime,2018-07-26,9845
239,tt5753856,Netflix,Crime,2018-07-28,9552
240,tt5753856,Netflix,Crime,2018-07-30,9460
241,tt5753856,Netflix,Crime,2018-07-29,10239
242,tt5753856,Netflix,Crime,2018-07-31,4851
243,tt5753856,Netflix,Crime,2018-08-01,8707
244,tt5753856,Netflix,Crime,2018-08-02,9689
245,tt5753856,Netflix,Crime,2018-08-03,9075
246,tt5753856,Netflix,Crime,2018-08-04,9025
247,tt5753856,Netflix,Crime,2018-08-05,9853
248,tt5753856,Netflix,Crime,2018-08-06,8769
249,tt5753856,Netflix,Crime,2018-08-07,9259
250,tt5753856,Netflix,Crime,2018-08-08,8751
251,tt5753856,Netflix,Crime,2018-08-09,9279
252,tt5753856,Netflix,Crime,2018-08-11,9570
253,tt5753856,Netflix,Crime,2018-08-10,7622
254,tt5753856,Netflix,Crime,2018-08-12,9979
255,tt5753856,Netflix,Crime,2018-08-14,8966
256,tt5753856,Netflix,Crime,2018-08-13,8610
257,tt5753856,Netflix,Crime,2018-08-16,7997
258,tt5753856,Netflix,Crime,2018-08-15,8749
259,tt5753856,Netflix,Crime,2018-08-17,8536
260,tt5753856,Netflix,Crime,2018-08-19,9375
261,tt5753856,Netflix,Crime,2018-08-18,8478
262,tt5753856,Netflix,Crime,2018-08-20,8808
263,tt5753856,Netflix,Crime,2018-08-21,9189
264,tt5753856,Netflix,Crime,2018-08-22,8416
265,tt5753856,Netflix,Crime,2018-08-24,9587
266,tt5753856,Netflix,Crime,2018-08-26,10071
267,tt5753856,Netflix,Crime,2018-08-30,9137
268,tt5753856,Netflix,Crime,2018-08-28,9424
269,tt5753856,Netflix,Crime,2018-09-03,9019
270,tt5753856,Netflix,Crime,2018-09-01,8501
271,tt5753856,Netflix,Crime,2018-09-02,9498
272,tt5753856,Netflix,Crime,2018-09-04,8702
273,tt5753856,Netflix,Crime,2018-09-06,7726
274,tt5753856,Netflix,Crime,2018-09-05,9062
275,tt5753856,Netflix,Crime,2018-09-07,8631
276,tt5753856,Netflix,Crime,2018-09-09,9098
277,tt5753856,Netflix,Crime,2018-09-08,8449
278,tt5753856,Netflix,Crime,2018-09-10,9254
279,tt5753856,Netflix,Crime,2018-09-11,8995
280,tt5753856,Netflix,Crime,2018-09-12,7874
281,tt5753856,Netflix,Crime,2018-09-13,8668
282,tt5753856,Netflix,Crime,2018-09-15,8371
283,tt5753856,Netflix,Crime,2018-09-14,8078
284,tt5753856,Netflix,Crime,2018-09-18,8266
285,tt5753856,Netflix,Crime,2018-09-16,9709
286,tt5753856,Netflix,Crime,2018-09-17,8341
287,tt5753856,Netflix,Crime,2018-09-19,8316
288,tt5753856,Netflix,Crime,2018-09-20,8484
289,tt5753856,Netflix,Crime,2018-09-21,8340
290,tt5753856,Netflix,Crime,2018-09-23,9560
291,tt5753856,Netflix,Crime,2018-09-22,7606
292,tt5753856,Netflix,Crime,2018-09-24,7919
293,tt5753856,Netflix,Crime,2018-09-25,8881
294,tt5753856,Netflix,Crime,2018-09-27,8666
295,tt5753856,Netflix,Crime,2018-09-26,7545
296,tt5753856,Netflix,Crime,2018-09-29,8996
297,tt5753856,Netflix,Crime,2018-09-28,7749
298,tt5753856,Netflix,Crime,2018-09-30,8733
299,tt5753856,Netflix,Crime,2018-10-02,8245
300,tt5753856,Netflix,Crime,2018-10-03,7725
301,tt5753856,Netflix,Crime,2018-10-01,7825
302,tt5753856,Netflix,Crime,2018-10-04,7860
303,tt5753856,Netflix,Crime,2018-10-05,8360
304,tt5753856,Netflix,Crime,2018-10-06,7945
305,tt5753856,Netflix,Crime,2018-10-09,8539
306,tt5753856,Netflix,Crime,2018-10-08,8594
307,tt5753856,Netflix,Crime,2018-10-07,9701
308,tt5753856,Netflix,Crime,2018-10-10,7599
309,tt5753856,Netflix,Crime,2018-10-12,8130
310,tt5753856,Netflix,Crime,2018-10-11,7178
311,tt5753856,Netflix,Crime,2018-10-13,8045
312,tt5753856,Netflix,Crime,2018-10-14,8305
313,tt5753856,Netflix,Crime,2018-10-15,8260
314,tt5753856,Netflix,Crime,2018-10-18,7595
315,tt5753856,Netflix,Crime,2018-10-16,7771
316,tt5753856,Netflix,Crime,2018-10-17,7204
317,tt5753856,Netflix,Crime,2018-10-20,8313
318,tt5753856,Netflix,Crime,2018-10-21,7983
319,tt5753856,Netflix,Crime,2018-10-19,7674
320,tt5753856,Netflix,Crime,2018-10-23,8160
321,tt5753856,Netflix,Crime,2018-10-24,7421
322,tt5753856,Netflix,Crime,2018-10-22,7469
323,tt5753856,Netflix,Crime,2018-10-27,7575
324,tt5753856,Netflix,Crime,2018-10-25,6720
325,tt5753856,Netflix,Crime,2018-10-26,7185
326,tt5753856,Netflix,Crime,2018-10-29,7830
327,tt5753856,Netflix,Crime,2018-10-30,7147
328,tt5753856,Netflix,Crime,2018-10-28,7770
329,tt5753856,Netflix,Crime,2018-11-01,7114
330,tt5753856,Netflix,Crime,2018-10-31,6430
331,tt5753856,Netflix,Crime,2018-11-02,7734
332,tt5753856,Netflix,Crime,2018-11-03,7284
333,tt5753856,Netflix,Crime,2018-11-05,6428
334,tt5753856,Netflix,Crime,2018-11-04,7964
335,tt5753856,Netflix,Crime,2018-11-06,7270
336,tt5753856,Netflix,Crime,2018-11-08,6247
337,tt5753856,Netflix,Crime,2018-11-07,6528
338,tt5753856,Netflix,Crime,2018-11-10,7786
339,tt5753856,Netflix,Crime,2018-11-09,6146
340,tt5753856,Netflix,Crime,2018-11-11,7933
341,tt5753856,Netflix,Crime,2018-11-13,7423
342,tt5753856,Netflix,Crime,2018-11-12,6525
343,tt5753856,Netflix,Crime,2018-11-14,6589
344,tt5753856,Netflix,Crime,2018-11-16,6884
345,tt5753856,Netflix,Crime,2018-11-15,7389
346,tt5753856,Netflix,Crime,2018-11-17,6911
347,tt5753856,Netflix,Crime,2018-11-18,9575
348,tt5753856,Netflix,Crime,2018-11-20,6482
349,tt5753856,Netflix,Crime,2018-11-19,7120
350,tt5753856,Netflix,Crime,2018-11-21,7595
351,tt5753856,Netflix,Crime,2018-11-22,7071
352,tt5753856,Netflix,Crime,2018-11-23,6911
353,tt5753856,Netflix,Crime,2018-11-26,8029
354,tt5753856,Netflix,Crime,2018-11-24,8253
355,tt5753856,Netflix,Crime,2018-11-25,7615
356,tt5753856,Netflix,Crime,2018-11-28,7547
357,tt5753856,Netflix,Crime,2018-11-29,7189
358,tt5753856,Netflix,Crime,2018-11-27,6012
359,tt5753856,Netflix,Crime,2018-11-30,6437
360,tt5753856,Netflix,Crime,2018-12-01,7601
361,tt5753856,Netflix,Crime,2018-12-02,7761
362,tt5753856,Netflix,Crime,2018-12-03,5717
363,tt5753856,Netflix,Crime,2018-12-04,7386
364,tt5753856,Netflix,Crime,2018-12-05,7083
365,tt5753856,Netflix,Crime,2018-12-06,6904
366,tt5753856,Netflix,Crime,2018-12-07,7434
367,tt5753856,Netflix,Crime,2018-12-08,7194
368,tt5753856,Netflix,Crime,2018-12-09,8374
369,tt5753856,Netflix,Crime,2018-12-10,6311
370,tt5753856,Netflix,Crime,2018-12-11,7675
371,tt5753856,Netflix,Crime,2018-12-12,6617
372,tt5753856,Netflix,Crime,2018-12-13,7996
373,tt5753856,Netflix,Crime,2018-12-14,6421
374,tt5753856,Netflix,Crime,2018-12-15,8393
375,tt5753856,Netflix,Crime,2018-12-17,8164
376,tt5753856,Netflix,Crime,2018-12-16,7043
377,tt5753856,Netflix,Crime,2018-12-18,6287
378,tt5753856,Netflix,Crime,2018-12-20,6338
379,tt5753856,Netflix,Crime,2018-12-19,7302
380,tt5753856,Netflix,Crime,2018-12-21,7281
381,tt5753856,Netflix,Crime,2018-12-22,7190
382,tt5753856,Netflix,Crime,2018-12-23,6442
383,tt5753856,Netflix,Crime,2018-12-24,8023
384,tt5753856,Netflix,Crime,2018-12-25,6102
385,tt5753856,Netflix,Crime,2018-12-26,7941
386,tt5753856,Netflix,Crime,2018-12-27,6504
387,tt5753856,Netflix,Crime,2018-12-28,7312
388,tt5753856,Netflix,Crime,2018-12-29,6736
389,tt5753856,Netflix,Crime,2018-12-30,6747
390,tt5753856,Netflix,Crime,2018-12-31,7981
391,tt5753856,Netflix,Crime,2019-01-01,7353
392,tt5753856,Netflix,Crime,2019-01-02,9747
393,tt5753856,Netflix,Crime,2019-01-03,8339
394,tt5753856,Netflix,Crime,2019-01-04,7988
395,tt5753856,Netflix,Crime,2019-01-05,9653
396,tt5753856,Netflix,Crime,2019-01-06,8042
397,tt5753856,Netflix,Crime,2019-01-07,8585
398,tt5753856,Netflix,Crime,2019-01-08,8166
399,tt5753856,Netflix,Crime,2019-01-09,6948
400,tt5753856,Netflix,Crime,2019-01-10,8155
401,tt5753856,Netflix,Crime,2019-01-11,7421
402,tt5753856,Netflix,Crime,2019-01-12,7522
403,tt5753856,Netflix,Crime,2019-01-13,7984
404,tt5753856,Netflix,Crime,2019-01-14,8976
405,tt5753856,Netflix,Crime,2019-01-15,7054
406,tt5753856,Netflix,Crime,2019-01-16,6715
407,tt5753856,Netflix,Crime,2019-01-17,8838
408,tt5753856,Netflix,Crime,2019-01-18,7186
409,tt5753856,Netflix,Crime,2019-01-19,7056
410,tt5753856,Netflix,Crime,2019-01-20,9140
411,tt5753856,Netflix,Crime,2019-01-21,7069
412,tt5753856,Netflix,Crime,2019-01-22,6710
413,tt5753856,Netflix,Crime,2019-01-23,6550
414,tt5753856,Netflix,Crime,2019-01-24,7933
415,tt5753856,Netflix,Crime,2019-01-25,6722
416,tt5753856,Netflix,Crime,2019-01-26,7935
417,tt5753856,Netflix,Crime,2019-01-28,8208
418,tt5753856,Netflix,Crime,2019-01-27,8433
419,tt5753856,Netflix,Crime,2019-01-29,7712
420,tt5753856,Netflix,Crime,2019-01-30,7267
421,tt5753856,Netflix,Crime,2019-01-31,8078
422,tt5753856,Netflix,Crime,2019-02-01,8169
423,tt5753856,Netflix,Crime,2019-02-02,8655
424,tt5753856,Netflix,Crime,2019-02-03,8200
425,tt5753856,Netflix,Crime,2019-02-04,7353
426,tt5753856,Netflix,Crime,2019-02-05,8830
427,tt5753856,Netflix,Crime,2019-02-06,7345
428,tt5753856,Netflix,Crime,2019-02-07,6934
429,tt5753856,Netflix,Crime,2019-02-08,6866
430,tt5753856,Netflix,Crime,2019-02-09,8575
431,tt5753856,Netflix,Crime,2019-02-10,8507
432,tt5753856,Netflix,Crime,2019-02-11,7243
433,tt5753856,Netflix,Crime,2019-02-12,7308
434,tt5753856,Netflix,Crime,2019-02-13,6976
435,tt5753856,Netflix,Crime,2019-02-14,7775
436,tt5753856,Netflix,Crime,2019-02-15,7741
437,tt5753856,Netflix,Crime,2019-02-16,7954
438,tt5753856,Netflix,Crime,2019-02-17,7950
439,tt5753856,Netflix,Crime,2019-02-18,7329
440,tt5753856,Netflix,Crime,2019-02-19,7738
441,tt5753856,Netflix,Crime,2019-02-20,7667
442,tt5753856,Netflix,Crime,2019-02-21,7347
443,tt5753856,Netflix,Crime,2019-02-22,6969
444,tt5753856,Netflix,Crime,2019-02-23,7198
445,tt5753856,Netflix,Crime,2019-02-24,7815
446,tt5753856,Netflix,Crime,2019-02-25,8227
447,tt5753856,Netflix,Crime,2019-02-26,7546
448,tt5753856,Netflix,Crime,2019-02-27,7090
449,tt5753856,Netflix,Crime,2019-02-28,6465
450,tt5753856,Netflix,Crime,2019-03-01,6399
451,tt5753856,Netflix,Crime,2019-03-02,6610
452,tt5753856,Netflix,Crime,2019-03-03,6930
453,tt5753856,Netflix,Crime,2019-03-04,8211
454,tt5753856,Netflix,Crime,2019-03-05,7465
455,tt5753856,Netflix,Crime,2019-03-06,7175
456,tt5753856,Netflix,Crime,2019-03-07,6941
457,tt5753856,Netflix,Crime,2019-03-08,6794
458,tt5753856,Netflix,Crime,2019-03-09,7280
459,tt5753856,Netflix,Crime,2019-03-10,7681
460,tt5753856,Netflix,Crime,2019-03-11,6999
461,tt5753856,Netflix,Crime,2019-03-12,7277
462,tt5753856,Netflix,Crime,2019-03-14,7027
463,tt5753856,Netflix,Crime,2019-03-16,7016
464,tt5753856,Netflix,Crime,2019-03-17,7581
465,tt5753856,Netflix,Crime,2019-03-18,6766
466,tt5753856,Netflix,Crime,2019-03-19,6466
467,tt5753856,Netflix,Crime,2019-03-20,6371
468,tt5753856,Netflix,Crime,2019-03-21,6385
469,tt5753856,Netflix,Crime,2019-03-22,7698
470,tt5753856,Netflix,Crime,2019-03-23,7188
471,tt5753856,Netflix,Crime,2019-03-24,7654
472,tt5753856,Netflix,Crime,2019-03-25,7006
473,tt5753856,Netflix,Crime,2019-03-26,6784
474,tt5753856,Netflix,Crime,2019-03-28,6100
475,tt5753856,Netflix,Crime,2019-03-30,6475
476,tt5753856,Netflix,Crime,2019-03-31,6825
477,tt5753856,Netflix,Crime,2019-04-01,6515
478,tt5753856,Netflix,Crime,2019-04-02,6061
479,tt5753856,Netflix,Crime,2019-04-03,7359
480,tt5753856,Netflix,Crime,2019-04-04,6940
481,tt5753856,Netflix,Crime,2019-04-05,7111
482,tt5753856,Netflix,Crime,2019-04-06,6932
483,tt5753856,Netflix,Crime,2019-04-07,7838
484,tt5753856,Netflix,Crime,2019-04-08,6412
485,tt5753856,Netflix,Crime,2019-04-09,6133
486,tt5753856,Netflix,Crime,2019-04-10,5638
487,tt5753856,Netflix,Crime,2019-04-11,5805
488,tt5753856,Netflix,Crime,2019-04-12,5953
489,tt5753856,Netflix,Crime,2019-04-13,6364
490,tt5753856,Netflix,Crime,2019-04-14,7627
491,tt5753856,Netflix,Crime,2019-04-15,7354
492,tt5753856,Netflix,Crime,2019-04-16,6508
493,tt5753856,Netflix,Crime,2019-04-17,6311
494,tt5753856,Netflix,Crime,2019-04-18,6182
495,tt5753856,Netflix,Crime,2019-04-19,6395
496,tt5753856,Netflix,Crime,2019-04-20,6723
497,tt5753856,Netflix,Crime,2019-04-21,6529
498,tt5753856,Netflix,Crime,2019-04-22,6891
499,tt5753856,Netflix,Crime,2019-04-23,7022
500,tt5753856,Netflix,Crime,2019-04-24,6470
501,tt5753856,Netflix,Crime,2019-04-25,5634
502,tt5753856,Netflix,Crime,2019-04-26,7273
503,tt5753856,Netflix,Crime,2019-04-27,7507
504,tt5753856,Netflix,Crime,2019-04-28,7897
505,tt5753856,Netflix,Crime,2019-04-29,7790
506,tt5753856,Netflix,Crime,2019-05-01,7249
507,tt5753856,Netflix,Crime,2019-05-02,6794
508,tt5753856,Netflix,Crime,2019-05-03,6787
509,tt5753856,Netflix,Crime,2019-05-04,7090
510,tt5753856,Netflix,Crime,2019-05-05,7402
511,tt5753856,Netflix,Crime,2019-05-06,7347
512,tt5753856,Netflix,Crime,2019-05-07,7153
513,tt5753856,Netflix,Crime,2019-05-08,7346
514,tt5753856,Netflix,Crime,2019-05-09,6970
515,tt5753856,Netflix,Crime,2019-05-10,6846
516,tt5753856,Netflix,Crime,2019-05-11,6873
517,tt5753856,Netflix,Crime,2019-05-12,7421
518,tt5753856,Netflix,Crime,2019-05-13,7783
519,tt5753856,Netflix,Crime,2019-05-14,7300
520,tt5753856,Netflix,Crime,2019-05-15,7143
521,tt5753856,Netflix,Crime,2019-05-16,6879
522,tt5753856,Netflix,Crime,2019-05-17,6653
523,tt5753856,Netflix,Crime,2019-05-18,6912
524,tt5753856,Netflix,Crime,2019-05-19,7219
525,tt5753856,Netflix,Crime,2019-05-20,7508
526,tt5753856,Netflix,Crime,2019-05-21,6993
527,tt5753856,Netflix,Crime,2019-05-22,6638
528,tt5753856,Netflix,Crime,2019-05-23,6631
529,tt5753856,Netflix,Crime,2019-05-24,5883
530,tt5753856,Netflix,Crime,2019-05-25,6687
531,tt5753856,Netflix,Crime,2019-05-26,7236
532,tt5753856,Netflix,Crime,2019-05-27,6165
533,tt5753856,Netflix,Crime,2019-05-28,6523
534,tt5753856,Netflix,Crime,2019-05-29,6799
535,tt5753856,Netflix,Crime,2019-05-31,6810
536,tt5753856,Netflix,Crime,2019-06-01,7612
537,tt5753856,Netflix,Crime,2019-06-02,7627
538,tt5753856,Netflix,Crime,2019-06-03,7424
539,tt5753856,Netflix,Crime,2019-06-04,7285
540,tt5753856,Netflix,Crime,2019-06-05,8063
541,tt5753856,Netflix,Crime,2019-06-06,7848
542,tt5753856,Netflix,Crime,2019-06-07,7640
543,tt5753856,Netflix,Crime,2019-06-08,7738
544,tt5753856,Netflix,Crime,2019-06-09,9004
545,tt5753856,Netflix,Crime,2019-06-10,7643
546,tt5753856,Netflix,Crime,2019-06-11,6594
547,tt5753856,Netflix,Crime,2019-06-12,7873
548,tt5753856,Netflix,Crime,2019-06-13,7257
549,tt5753856,Netflix,Crime,2019-06-14,7385
550,tt5753856,Netflix,Crime,2019-06-15,7571
551,tt5753856,Netflix,Crime,2019-06-16,8256
552,tt5753856,Netflix,Crime,2019-06-17,8136
553,tt5753856,Netflix,Crime,2019-06-18,8790
554,tt5753856,Netflix,Crime,2019-06-19,8667
555,tt5753856,Netflix,Crime,2019-06-20,8367
556,tt5753856,Netflix,Crime,2019-06-21,35856
557,tt5753856,Netflix,Crime,2019-06-22,103149
558,tt5753856,Netflix,Crime,2019-06-23,104993
559,tt5753856,Netflix,Crime,2019-06-24,95629
560,tt5753856,Netflix,Crime,2019-06-25,85994
561,tt5753856,Netflix,Crime,2019-06-26,76629
562,tt5753856,Netflix,Crime,2019-06-27,76780
563,tt5753856,Netflix,Crime,2019-06-28,74939
564,tt5753856,Netflix,Crime,2019-06-29,77611
565,tt5753856,Netflix,Crime,2019-06-30,83745
566,tt5753856,Netflix,Crime,2019-07-01,77185
567,tt5753856,Netflix,Crime,2019-07-02,70528
568,tt5753856,Netflix,Crime,2019-07-03,71918
569,tt5753856,Netflix,Crime,2019-07-04,69244
570,tt5753856,Netflix,Crime,2019-07-05,79044
571,tt5753856,Netflix,Crime,2019-07-06,73314
572,tt5753856,Netflix,Crime,2019-07-07,66644
573,tt5753856,Netflix,Crime,2019-07-08,56651
574,tt5753856,Netflix,Crime,2019-07-09,63343
575,tt5753856,Netflix,Crime,2019-07-10,64112
576,tt5753856,Netflix,Crime,2019-07-11,61026
577,tt5753856,Netflix,Crime,2019-07-12,62224
578,tt5753856,Netflix,Crime,2019-07-13,60287
579,tt5753856,Netflix,Crime,2019-07-15,60627
580,tt5753856,Netflix,Crime,2019-07-16,60497
581,tt5753856,Netflix,Crime,2019-07-17,58592
582,tt5753856,Netflix,Crime,2019-07-18,56893
583,tt5753856,Netflix,Crime,2019-07-19,54795
584,tt5753856,Netflix,Crime,2019-07-20,57451
585,tt5753856,Netflix,Crime,2019-07-21,60133
586,tt5753856,Netflix,Crime,2019-07-22,59322
587,tt5753856,Netflix,Crime,2019-07-23,54971
588,tt5753856,Netflix,Crime,2019-07-24,55033
589,tt5753856,Netflix,Crime,2019-07-25,50993
590,tt5753856,Netflix,Crime,2019-07-26,51062
591,tt5753856,Netflix,Crime,2019-07-27,50626
592,tt5753856,Netflix,Crime,2019-07-28,56635
593,tt5753856,Netflix,Crime,2019-07-29,52550
594,tt5753856,Netflix,Crime,2019-07-30,50262
595,tt5753856,Netflix,Crime,2019-07-31,50024
596,tt5753856,Netflix,Crime,2019-08-01,48199
597,tt5753856,Netflix,Crime,2019-08-02,45900
598,tt5753856,Netflix,Crime,2019-08-03,46736
599,tt5753856,Netflix,Crime,2019-08-04,50926
600,tt5753856,Netflix,Crime,2019-08-05,42961
601,tt5753856,Netflix,Crime,2019-08-06,46231
602,tt5753856,Netflix,Crime,2019-08-07,44082
603,tt5753856,Netflix,Crime,2019-08-08,40271
604,tt5753856,Netflix,Crime,2019-08-09,41156
605,tt5753856,Netflix,Crime,2019-08-10,44310
606,tt5753856,Netflix,Crime,2019-08-11,45844
607,tt5753856,Netflix,Crime,2019-08-12,42327
608,tt5753856,Netflix,Crime,2019-08-13,40907
609,tt5753856,Netflix,Crime,2019-08-14,39951
610,tt5753856,Netflix,Crime,2019-08-15,37221
611,tt5753856,Netflix,Crime,2019-08-16,35978
612,tt5753856,Netflix,Crime,2019-08-17,38362
613,tt5753856,Netflix,Crime,2019-08-18,40291
614,tt5753856,Netflix,Crime,2019-08-19,36247
615,tt5753856,Netflix,Crime,2019-08-20,36361
616,tt5753856,Netflix,Crime,2019-08-21,35571
617,tt5753856,Netflix,Crime,2019-08-22,34885
618,tt5753856,Netflix,Crime,2019-08-23,33598
619,tt5753856,Netflix,Crime,2019-08-24,33238
620,tt5753856,Netflix,Crime,2019-08-25,35794
621,tt5753856,Netflix,Crime,2019-08-26,33838
622,tt5753856,Netflix,Crime,2019-08-27,35782
623,tt5753856,Netflix,Crime,2019-08-28,32934
624,tt5753856,Netflix,Crime,2019-08-29,35570
625,tt5753856,Netflix,Crime,2019-08-30,32827
626,tt5753856,Netflix,Crime,2019-08-31,34369
627,tt5753856,Netflix,Crime,2019-09-03,31668
628,tt5753856,Netflix,Crime,2019-09-04,30659
629,tt5753856,Netflix,Crime,2019-09-05,30601
630,tt5753856,Netflix,Crime,2019-09-06,30224
631,tt5753856,Netflix,Crime,2019-09-07,31131
632,tt5753856,Netflix,Crime,2019-09-08,33203
633,tt5753856,Netflix,Crime,2019-09-09,31108
634,tt5753856,Netflix,Crime,2019-09-10,31749
635,tt5753856,Netflix,Crime,2019-09-11,32119
636,tt5753856,Netflix,Crime,2019-09-12,31252
637,tt5753856,Netflix,Crime,2019-09-13,29400
638,tt5753856,Netflix,Crime,2019-09-14,29526
639,tt5753856,Netflix,Crime,2019-09-15,31964
640,tt5753856,Netflix,Crime,2019-09-16,29867
641,tt5753856,Netflix,Crime,2019-09-17,28140
642,tt5753856,Netflix,Crime,2019-09-18,28652
643,tt5753856,Netflix,Crime,2019-09-19,27841
644,tt5753856,Netflix,Crime,2019-09-20,28907
645,tt5753856,Netflix,Crime,2019-09-21,29082
646,tt5753856,Netflix,Crime,2019-09-22,29670
647,tt5753856,Netflix,Crime,2019-09-23,28459
648,tt5753856,Netflix,Crime,2019-09-24,28830
649,tt5753856,Netflix,Crime,2019-09-25,27586
650,tt5753856,Netflix,Crime,2019-09-26,27803
651,tt5753856,Netflix,Crime,2019-09-27,27999
652,tt5753856,Netflix,Crime,2019-09-28,27927
653,tt5753856,Netflix,Crime,2019-09-29,30072
654,tt5753856,Netflix,Crime,2019-09-30,27794
655,tt5753856,Netflix,Crime,2019-10-01,26812
656,tt5753856,Netflix,Crime,2019-10-02,26459
657,tt5753856,Netflix,Crime,2019-10-03,26970
658,tt5753856,Netflix,Crime,2019-10-04,25732
659,tt5753856,Netflix,Crime,2019-10-05,27841
660,tt5753856,Netflix,Crime,2019-10-06,29035
661,tt5753856,Netflix,Crime,2019-10-07,26854
662,tt5753856,Netflix,Crime,2019-10-08,26646
663,tt5753856,Netflix,Crime,2019-10-09,26366
664,tt5753856,Netflix,Crime,2019-10-10,25834
665,tt5753856,Netflix,Crime,2019-10-11,25613
666,tt5753856,Netflix,Crime,2019-10-12,27648
667,tt5753856,Netflix,Crime,2019-10-13,28978
668,tt5753856,Netflix,Crime,2019-10-14,26526
669,tt5753856,Netflix,Crime,2019-10-15,25818
670,tt5753856,Netflix,Crime,2019-10-16,24982
671,tt5753856,Netflix,Crime,2019-10-17,24277
672,tt5753856,Netflix,Crime,2019-10-18,24473
673,tt5753856,Netflix,Crime,2019-10-19,25058
674,tt5753856,Netflix,Crime,2019-10-20,27581
675,tt5753856,Netflix,Crime,2019-10-21,25262
676,tt5753856,Netflix,Crime,2019-10-22,25276
677,tt5753856,Netflix,Crime,2019-10-23,24709
678,tt5753856,Netflix,Crime,2019-10-24,23346
679,tt5753856,Netflix,Crime,2019-10-25,24513
680,tt5753856,Netflix,Crime,2019-10-27,26055
681,tt5753856,Netflix,Crime,2019-10-28,25087
682,tt5753856,Netflix,Crime,2019-10-29,23065
683,tt5753856,Netflix,Crime,2019-10-30,23393
684,tt5753856,Netflix,Crime,2019-10-31,23659
685,tt5753856,Netflix,Crime,2019-11-01,23149
686,tt5753856,Netflix,Crime,2019-11-02,24474
687,tt5753856,Netflix,Crime,2019-11-03,25185
688,tt5753856,Netflix,Crime,2019-11-04,25060
689,tt5753856,Netflix,Crime,2019-11-05,20632
690,tt5753856,Netflix,Crime,2019-11-06,23943
691,tt5753856,Netflix,Crime,2019-11-07,18813
692,tt5753856,Netflix,Crime,2019-11-08,17042
693,tt5753856,Netflix,Crime,2019-11-09,21590
694,tt5753856,Netflix,Crime,2019-11-10,20144
695,tt5753856,Netflix,Crime,2019-11-11,16526
696,tt5753856,Netflix,Crime,2019-11-12,14890
697,tt5753856,Netflix,Crime,2019-11-13,16869
698,tt5753856,Netflix,Crime,2019-11-14,13766
699,tt5753856,Netflix,Crime,2019-11-15,13877
700,tt5753856,Netflix,Crime,2019-11-16,14417
701,tt5753856,Netflix,Crime,2019-11-17,16364
702,tt5753856,Netflix,Crime,2019-11-18,17815
703,tt5753856,Netflix,Crime,2019-11-19,16101
704,tt5753856,Netflix,Crime,2019-11-20,15900
705,tt5753856,Netflix,Crime,2019-11-21,15721
706,tt5753856,Netflix,Crime,2019-11-22,15661
707,tt5753856,Netflix,Crime,2019-11-23,19400
708,tt5753856,Netflix,Crime,2019-11-24,20286
709,tt5753856,Netflix,Crime,2019-11-25,20107
710,tt5753856,Netflix,Crime,2019-11-26,18170
711,tt5753856,Netflix,Crime,2019-11-27,17569
712,tt5753856,Netflix,Crime,2019-11-28,18886
713,tt5753856,Netflix,Crime,2019-11-29,15997
714,tt5753856,Netflix,Crime,2019-11-30,19867
715,tt5753856,Netflix,Crime,2019-12-01,19817
716,tt5753856,Netflix,Crime,2019-12-02,16177
717,tt5753856,Netflix,Crime,2019-12-03,17834
718,tt5753856,Netflix,Crime,2019-12-04,15798
719,tt5753856,Netflix,Crime,2019-12-05,14780
720,tt5753856,Netflix,Crime,2019-12-06,17551
721,tt5753856,Netflix,Crime,2019-12-07,18021
722,tt5753856,Netflix,Crime,2019-12-08,15092
723,tt5753856,Netflix,Crime,2019-12-09,18628
724,tt5753856,Netflix,Crime,2019-12-10,16741
725,tt5753856,Netflix,Crime,2019-12-11,13549
726,tt5753856,Netflix,Crime,2019-12-12,15482
727,tt5753856,Netflix,Crime,2019-12-13,16074
728,tt5753856,Netflix,Crime,2019-12-14,14211
729,tt5753856,Netflix,Crime,2019-12-15,17960
730,tt5753856,Netflix,Crime,2019-12-16,16311
731,tt5753856,Netflix,Crime,2019-12-17,11360
732,tt5753856,Netflix,Crime,2019-12-18,15275
733,tt5753856,Netflix,Crime,2019-12-19,15156
734,tt5753856,Netflix,Crime,2019-12-20,11658
735,tt5753856,Netflix,Crime,2019-12-21,15851
736,tt5753856,Netflix,Crime,2019-12-22,17145
737,tt5753856,Netflix,Crime,2019-12-23,14032
738,tt5753856,Netflix,Crime,2019-12-24,14596
739,tt5753856,Netflix,Crime,2019-12-25,14395
740,tt5753856,Netflix,Crime,2019-12-26,12291
741,tt5753856,Netflix,Crime,2019-12-27,14688
742,tt5753856,Netflix,Crime,2019-12-28,14769
743,tt5753856,Netflix,Crime,2019-12-29,13655
744,tt5753856,Netflix,Crime,2019-12-30,14618
745,tt5753856,Netflix,Crime,2019-12-31,13083
746,tt5753856,Netflix,Crime,2020-01-01,12339
747,tt5753856,Netflix,Crime,2020-01-02,14768
748,tt5753856,Netflix,Crime,2020-01-03,14547
749,tt5753856,Netflix,Crime,2020-01-04,13916
750,tt5753856,Netflix,Crime,2020-01-05,14629
751,tt5753856,Netflix,Crime,2020-01-06,14374
752,tt5753856,Netflix,Crime,2020-01-07,14416
753,tt5753856,Netflix,Crime,2020-01-08,12439
754,tt5753856,Netflix,Crime,2020-01-09,14156
755,tt5753856,Netflix,Crime,2020-01-10,14286
756,tt5753856,Netflix,Crime,2020-01-11,12893
757,tt5753856,Netflix,Crime,2020-01-12,14860
758,tt5753856,Netflix,Crime,2020-01-13,13588
759,tt5753856,Netflix,Crime,2020-01-14,12848
760,tt5753856,Netflix,Crime,2020-01-15,10787
761,tt5753856,Netflix,Crime,2020-01-16,13512
762,tt5753856,Netflix,Crime,2020-01-17,12373
763,tt5753856,Netflix,Crime,2020-01-18,11125
764,tt5753856,Netflix,Crime,2020-01-19,12653
765,tt5753856,Netflix,Crime,2020-01-20,11692
766,tt5753856,Netflix,Crime,2020-01-21,12347
767,tt5753856,Netflix,Crime,2020-01-22,11356
768,tt5753856,Netflix,Crime,2020-01-23,12725
769,tt5753856,Netflix,Crime,2020-01-24,11765
770,tt5753856,Netflix,Crime,2020-01-25,15215
771,tt5753856,Netflix,Crime,2020-01-26,12484
772,tt5753856,Netflix,Crime,2020-01-27,13322
773,tt5753856,Netflix,Crime,2020-01-28,12235
774,tt5753856,Netflix,Crime,2020-01-29,11461
775,tt5753856,Netflix,Crime,2020-01-30,9890
776,tt5753856,Netflix,Crime,2020-01-31,14017
777,tt5753856,Netflix,Crime,2020-02-01,13281
778,tt5753856,Netflix,Crime,2020-02-02,13780
779,tt5753856,Netflix,Crime,2020-02-03,10115
780,tt5753856,Netflix,Crime,2020-02-04,13301
781,tt5753856,Netflix,Crime,2020-02-05,12023
782,tt5753856,Netflix,Crime,2020-02-06,11088
783,tt5753856,Netflix,Crime,2020-02-07,10719
784,tt5753856,Netflix,Crime,2020-02-08,12730
785,tt5753856,Netflix,Crime,2020-02-09,13549
786,tt5753856,Netflix,Crime,2020-02-10,12109
787,tt5753856,Netflix,Crime,2020-02-11,11533
788,tt5753856,Netflix,Crime,2020-02-12,11287
789,tt5753856,Netflix,Crime,2020-02-13,11845
790,tt5753856,Netflix,Crime,2020-02-14,10260
791,tt5753856,Netflix,Crime,2020-02-15,11946
792,tt5753856,Netflix,Crime,2020-02-16,12158
793,tt5753856,Netflix,Crime,2020-02-17,12596
794,tt5753856,Netflix,Crime,2020-02-18,10625
795,tt5753856,Netflix,Crime,2020-02-19,10780
796,tt5753856,Netflix,Crime,2020-02-20,10467
797,tt5753856,Netflix,Crime,2020-02-21,11278
798,tt5753856,Netflix,Crime,2020-02-22,10682
799,tt5753856,Netflix,Crime,2020-02-23,11998
800,tt5753856,Netflix,Crime,2020-02-24,11571
801,tt5753856,Netflix,Crime,2020-02-25,11124
802,tt5753856,Netflix,Crime,2020-02-26,10200
803,tt5753856,Netflix,Crime,2020-02-27,10224
804,tt5753856,Netflix,Crime,2020-02-28,11229
805,tt5753856,Netflix,Crime,2020-02-29,12143
806,tt5753856,Netflix,Crime,2020-03-01,12215
807,tt5753856,Netflix,Crime,2020-03-02,9116
808,tt5753856,Netflix,Crime,2020-03-03,11363
809,tt5753856,Netflix,Crime,2020-03-04,9551
810,tt5753856,Netflix,Crime,2020-03-05,10407
811,tt5753856,Netflix,Crime,2020-03-06,9038
812,tt5753856,Netflix,Crime,2020-03-07,10042
813,tt5753856,Netflix,Crime,2020-03-08,12124
814,tt5753856,Netflix,Crime,2020-03-09,11594
815,tt5753856,Netflix,Crime,2020-03-10,10358
816,tt5753856,Netflix,Crime,2020-03-11,11454
817,tt5753856,Netflix,Crime,2020-03-12,10570
818,tt5753856,Netflix,Crime,2020-03-13,10058
819,tt5753856,Netflix,Crime,2020-03-14,13240
820,tt5753856,Netflix,Crime,2020-03-15,13524
821,tt5753856,Netflix,Crime,2020-03-16,11621
822,tt5753856,Netflix,Crime,2020-03-17,13440
823,tt5753856,Netflix,Crime,2020-03-18,12633
824,tt5753856,Netflix,Crime,2020-03-19,12481
825,tt5753856,Netflix,Crime,2020-03-20,14608
826,tt5753856,Netflix,Crime,2020-03-21,14360
827,tt5753856,Netflix,Crime,2020-03-22,14571
828,tt5753856,Netflix,Crime,2020-03-23,12782
829,tt5753856,Netflix,Crime,2020-03-24,14950
830,tt5753856,Netflix,Crime,2020-03-25,13935
831,tt5753856,Netflix,Crime,2020-03-26,14042
832,tt5753856,Netflix,Crime,2020-03-27,14463
833,tt5753856,Netflix,Crime,2020-03-28,16218
834,tt5753856,Netflix,Crime,2020-03-29,16492
835,tt5753856,Netflix,Crime,2020-03-30,17902
836,tt5753856,Netflix,Crime,2020-03-31,16784
837,tt5753856,Netflix,Crime,2020-04-01,15185
838,tt5753856,Netflix,Crime,2020-04-02,16354
839,tt5753856,Netflix,Crime,2020-04-03,16222
840,tt5753856,Netflix,Crime,2020-04-04,16411
841,tt5753856,Netflix,Crime,2020-04-05,15724
842,tt5753856,Netflix,Crime,2020-04-06,16269
843,tt5753856,Netflix,Crime,2020-04-07,15969
844,tt5753856,Netflix,Crime,2020-04-08,14532
845,tt5753856,Netflix,Crime,2020-04-09,17601
846,tt5753856,Netflix,Crime,2020-04-10,16092
847,tt5753856,Netflix,Crime,2020-04-11,17537
848,tt5753856,Netflix,Crime,2020-04-12,15992
849,tt5753856,Netflix,Crime,2020-04-13,17281
850,tt5753856,Netflix,Crime,2020-04-14,15934
851,tt5753856,Netflix,Crime,2020-04-15,18446
852,tt5753856,Netflix,Crime,2020-04-16,16630
853,tt5753856,Netflix,Crime,2020-04-17,19356
854,tt5753856,Netflix,Crime,2020-04-18,17733
855,tt5753856,Netflix,Crime,2020-04-19,18280
856,tt5753856,Netflix,Crime,2020-04-20,19084
857,tt5753856,Netflix,Crime,2020-04-21,15056
858,tt5753856,Netflix,Crime,2020-04-22,18744
859,tt5753856,Netflix,Crime,2020-04-23,16340
860,tt5753856,Netflix,Crime,2020-04-24,18710
861,tt5753856,Netflix,Crime,2020-04-25,16293
862,tt5753856,Netflix,Crime,2020-04-26,19771
863,tt5753856,Netflix,Crime,2020-04-27,18836
864,tt5753856,Netflix,Crime,2020-04-28,19565
865,tt5753856,Netflix,Crime,2020-04-29,17899
866,tt5753856,Netflix,Crime,2020-04-30,16008
867,tt5753856,Netflix,Crime,2020-05-01,14745
868,tt5753856,Netflix,Crime,2020-05-02,17943
869,tt5753856,Netflix,Crime,2020-05-03,15133
870,tt5753856,Netflix,Crime,2020-05-04,19877
871,tt5753856,Netflix,Crime,2020-05-05,22781
872,tt5753856,Netflix,Crime,2020-05-06,24418
873,tt5753856,Netflix,Crime,2020-05-07,20839
874,tt5753856,Netflix,Crime,2020-05-08,21778
875,tt5753856,Netflix,Crime,2020-05-09,18097
876,tt5753856,Netflix,Crime,2020-05-10,20259
877,tt5753856,Netflix,Crime,2020-05-11,24134
878,tt5753856,Netflix,Crime,2020-05-12,20068
879,tt5753856,Netflix,Crime,2020-05-13,20406
880,tt5753856,Netflix,Crime,2020-05-14,18371
881,tt5753856,Netflix,Crime,2020-05-15,19327
882,tt5753856,Netflix,Crime,2020-05-16,20074
883,tt5753856,Netflix,Crime,2020-05-17,18946
884,tt5753856,Netflix,Crime,2020-05-18,22577
885,tt5753856,Netflix,Crime,2020-05-19,20638
886,tt5753856,Netflix,Crime,2020-05-20,19678
887,tt5753856,Netflix,Crime,2020-05-21,18105
888,tt5753856,Netflix,Crime,2020-05-22,18919
889,tt5753856,Netflix,Crime,2020-05-23,20407
890,tt5753856,Netflix,Crime,2020-05-24,19269
891,tt5753856,Netflix,Crime,2020-05-25,23176
892,tt5753856,Netflix,Crime,2020-05-26,21813
893,tt5753856,Netflix,Crime,2020-05-27,25246
894,tt5753856,Netflix,Crime,2020-05-28,24862
895,tt5753856,Netflix,Crime,2020-05-29,28195
896,tt5753856,Netflix,Crime,2020-05-30,27272
897,tt5753856,Netflix,Crime,2020-05-31,25864
898,tt5753856,Netflix,Crime,2020-06-01,24585
899,tt5753856,Netflix,Crime,2020-06-02,27080
900,tt5753856,Netflix,Crime,2020-06-03,23779
901,tt5753856,Netflix,Crime,2020-06-04,21990
902,tt5753856,Netflix,Crime,2020-06-05,28319
903,tt5753856,Netflix,Crime,2020-06-06,27133
904,tt5753856,Netflix,Crime,2020-06-07,25878
905,tt5753856,Netflix,Crime,2020-06-08,25943
906,tt5753856,Netflix,Crime,2020-06-09,29422
907,tt5753856,Netflix,Crime,2020-06-10,25731
908,tt5753856,Netflix,Crime,2020-06-11,25060
909,tt5753856,Netflix,Crime,2020-06-13,28916
910,tt5753856,Netflix,Crime,2020-06-12,27583
911,tt5753856,Netflix,Crime,2020-06-14,32712
912,tt5753856,Netflix,Crime,2020-06-11,25060
913,tt5753856,Netflix,Crime,2020-06-15,33371
914,tt5753856,Netflix,Crime,2020-06-17,37796
915,tt5753856,Netflix,Crime,2020-06-16,38551
916,tt5753856,Netflix,Crime,2020-06-18,35445
917,tt5753856,Netflix,Crime,2020-06-19,34737
918,tt5753856,Netflix,Crime,2020-06-20,35417
919,tt5753856,Netflix,Crime,2020-06-21,35072
920,tt5753856,Netflix,Crime,2020-06-22,29738
921,tt5753856,Netflix,Crime,2020-06-23,26293
922,tt5753856,Netflix,Crime,2020-06-25,32086
923,tt5753856,Netflix,Crime,2020-06-26,36652
924,tt5753856,Netflix,Crime,2020-06-24,30435
925,tt5753856,Netflix,Crime,2020-06-27,246199
926,tt5753856,Netflix,Crime,2020-06-30,267399
927,tt5753856,Netflix,Crime,2020-06-28,402367
928,tt5753856,Netflix,Crime,2020-06-29,316233
929,tt5753856,Netflix,Crime,2020-07-01,240085
930,tt5753856,Netflix,Crime,2020-07-03,239415
931,tt5753856,Netflix,Crime,2020-07-02,248986
932,tt5753856,Netflix,Crime,2020-07-04,228965
933,tt5753856,Netflix,Crime,2020-07-05,214596
934,tt5753856,Netflix,Crime,2020-07-06,225253
935,tt5753856,Netflix,Crime,2020-07-07,207271
936,tt5753856,Netflix,Crime,2020-07-09,170560
937,tt5753856,Netflix,Crime,2020-07-08,174063
938,tt5753856,Netflix,Crime,2020-07-11,177246
939,tt5753856,Netflix,Crime,2020-07-10,176137
940,tt5753856,Netflix,Crime,2020-07-12,177666
941,tt5753856,Netflix,Crime,2020-07-13,180758
942,tt5753856,Netflix,Crime,2020-07-14,182360
943,tt5753856,Netflix,Crime,2020-07-17,143560
944,tt5753856,Netflix,Crime,2020-07-18,136287
945,tt5753856,Netflix,Crime,2020-07-16,152007
946,tt5753856,Netflix,Crime,2020-07-15,169559
947,tt5753856,Netflix,Crime,2020-07-20,157666
948,tt5753856,Netflix,Crime,2020-07-19,160326
949,tt5753856,Netflix,Crime,2020-07-22,146156
950,tt5753856,Netflix,Crime,2020-07-21,148869
951,tt5753856,Netflix,Crime,2020-07-23,145535
952,tt5753856,Netflix,Crime,2020-07-24,142874
953,tt5753856,Netflix,Crime,2020-07-25,152297
954,tt5753856,Netflix,Crime,2020-07-26,146457
955,tt5753856,Netflix,Crime,2020-07-27,139307
956,tt5753856,Netflix,Crime,2020-07-28,142205
957,tt5753856,Netflix,Crime,2020-07-29,133521
958,tt5753856,Netflix,Crime,2020-08-01,127864
959,tt5753856,Netflix,Crime,2020-07-31,131925
960,tt5753856,Netflix,Crime,2020-07-30,135994
961,tt5753856,Netflix,Crime,2020-08-02,128335
962,tt5753856,Netflix,Crime,2020-08-04,125054
963,tt5753856,Netflix,Crime,2020-08-03,126431
964,tt5753856,Netflix,Crime,2020-08-08,116636
965,tt5753856,Netflix,Crime,2020-08-05,128519
966,tt5753856,Netflix,Crime,2020-08-06,115570
967,tt5753856,Netflix,Crime,2020-08-07,114481
968,tt5753856,Netflix,Crime,2020-08-09,116740
969,tt5753856,Netflix,Crime,2020-08-11,110859
970,tt5753856,Netflix,Crime,2020-08-10,113838
971,tt5753856,Netflix,Crime,2020-08-15,109418
972,tt5753856,Netflix,Crime,2020-08-12,113510
973,tt5753856,Netflix,Crime,2020-08-14,97348
974,tt5753856,Netflix,Crime,2020-08-13,110116
975,tt5753856,Netflix,Crime,2020-08-19,92535
976,tt5753856,Netflix,Crime,2020-08-16,106517
977,tt5753856,Netflix,Crime,2020-08-17,106483
978,tt5753856,Netflix,Crime,2020-08-18,100950
979,tt5753856,Netflix,Crime,2020-08-20,104427
980,tt5753856,Netflix,Crime,2020-08-22,100155
981,tt5753856,Netflix,Crime,2020-08-23,100853
982,tt5753856,Netflix,Crime,2020-08-21,94091
983,tt5753856,Netflix,Crime,2020-08-25,94127
984,tt5753856,Netflix,Crime,2020-08-24,104010
985,tt5753856,Netflix,Crime,2020-08-26,97376
