18:00,1.34347,1.34525,1.34347,1.34492,7321,0
19:00,1.34492,1.34532,1.34425,1.34468,5638,0
20:00,1.34469,1.34536,1.34445,1.34515,5185,2
21:00,1.34513,1.34518,1.34393,1.34439,4358,0
22:00,1.34439,1.34448,1.34386,1.34421,4217,0
23:00,1.34421,1.34443,1.34384,1.34419,1967,0
0:00,1.34425,1.34457,1.34259,1.34279,4469,1
1:00,1.34286,1.34394,1.34286,1.34392,2400,0
2:00,1.34392,1.34491,1.34376,1.3446,2219,0
3:00,1.34461,1.3453,1.34444,1.34476,3624,0
4:00,1.34476,1.3453,1.34429,1.34508,2843,0
5:00,1.34509,1.34587,1.34498,1.34554,3064,0
6:00,1.34553,1.3458,1.34532,1.34575,1911,1
7:00,1.34576,1.34612,1.3451,1.346,2576,1
8:00,1.34601,1.3467,1.34592,1.34656,3162,1
9:00,1.34656,1.34718,1.3463,1.34686,4723,1
10:00,1.34685,1.3508,1.34682,1.35059,8635,0
11:00,1.35058,1.35117,1.3499,1.35015,7388,0
12:00,1.35015,1.35033,1.34893,1.34958,7010,1
13:00,1.34957,1.351,1.34957,1.35089,5462,1
14:00,1.35091,1.35187,1.35073,1.35155,6222,1
15:00,1.35154,1.35272,1.35119,1.35246,6531,0
16:00,1.35246,1.35265,1.35132,1.35165,5799,1
17:00,1.35165,1.35435,1.35081,1.35284,8882,0
18:00,1.35283,1.35288,1.35117,1.35266,8462,2
19:00,1.35266,1.35356,1.35214,1.35229,5295,2
20:00,1.35232,1.35249,1.35178,1.35242,3844,2
21:00,1.35242,1.35242,1.3515,1.35165,2975,2
22:00,1.35166,1.35171,1.34992,1.34996,3858,1
23:00,1.34997,1.35135,1.34944,1.35045,3382,0
3:00,1.35118,1.35212,1.3511,1.35126,4289,0
4:00,1.35125,1.35156,1.35075,1.35117,2997,0
5:00,1.35117,1.35224,1.35116,1.35165,3331,0
6:00,1.35166,1.3519,1.35116,1.35128,2323,1
7:00,1.35129,1.35224,1.35123,1.35219,2760,1
8:00,1.35218,1.35248,1.35169,1.35207,3544,1
9:00,1.35208,1.35365,1.35199,1.35337,7058,1
10:00,1.35336,1.35576,1.35327,1.35528,9192,0
11:00,1.35526,1.35659,1.35411,1.35476,7975,0
12:00,1.35476,1.35581,1.35395,1.35563,8437,0
13:00,1.35562,1.35609,1.3539,1.355,7830,1
14:00,1.355,1.35672,1.3549,1.35611,7367,0
15:00,1.35612,1.35647,1.35525,1.35566,6753,0
16:00,1.35566,1.35575,1.35442,1.35473,8406,1
17:00,1.35473,1.35839,1.35415,1.35781,9879,1
18:00,1.35781,1.3597,1.35731,1.3594,8924,0
19:00,1.3594,1.36001,1.35809,1.35838,5914,0
20:00,1.35837,1.35896,1.35809,1.35888,4624,0
21:00,1.35889,1.35957,1.35889,1.35955,3371,0
22:00,1.35955,1.35996,1.35935,1.35958,4097,0
23:00,1.35957,1.35979,1.35911,1.35923,3055,0
0:00,1.35908,1.35914,1.35886,1.35894,1294,0
1:00,1.35894,1.35976,1.35894,1.35935,3273,0
2:00,1.35934,1.35983,1.35883,1.35947,3305,0
3:00,1.35947,1.36046,1.35877,1.36019,3708,0
4:00,1.36017,1.36019,1.35879,1.35896,3732,1
5:00,1.35897,1.35967,1.35886,1.3594,1963,0
6:00,1.35941,1.3603,1.35939,1.35981,2710,0
7:00,1.3598,1.36066,1.35964,1.36051,2456,2
8:00,1.3605,1.36121,1.35934,1.35949,4732,2
9:00,1.35948,1.35991,1.35874,1.35937,6106,2
10:00,1.35937,1.3601,1.3588,1.35927,7008,2
11:00,1.35928,1.35964,1.35816,1.35848,6719,2
12:00,1.35848,1.35919,1.35694,1.35747,7521,2
13:00,1.35747,1.35776,1.35594,1.35618,7170,2
14:00,1.35617,1.35684,1.35559,1.35629,5647,2
15:00,1.35629,1.35664,1.35537,1.35612,6398,2
16:00,1.35611,1.35616,1.35287,1.35324,7850,2
17:00,1.35319,1.35319,1.34934,1.35138,10190,0
18:00,1.35138,1.35251,1.35062,1.35191,6757,0
19:00,1.35191,1.35263,1.35169,1.35254,4215,2
20:00,1.35253,1.35255,1.35162,1.35216,3351,0
21:00,1.35216,1.35249,1.35021,1.35164,7722,0
22:00,1.35162,1.35225,1.35092,1.35101,4484,0
23:00,1.35101,1.35173,1.35081,1.35154,2800,0
0:00,1.3511,1.35148,1.35095,1.35096,976,0
1:00,1.35096,1.35138,1.35077,1.35101,2713,0
2:00,1.35101,1.35112,1.35048,1.35102,3023,0
3:00,1.35102,1.35149,1.3507,1.35109,3432,0
4:00,1.35109,1.35204,1.35106,1.35191,3160,0
5:00,1.35192,1.352,1.35141,1.35174,2783,0
6:00,1.35174,1.35226,1.35172,1.35192,2535,1
7:00,1.35192,1.35201,1.35129,1.35156,3069,1
8:00,1.35157,1.35297,1.35149,1.35209,4372,1
9:00,1.35207,1.35261,1.35151,1.35174,5370,1
10:00,1.35175,1.354,1.35156,1.35398,6482,0
11:00,1.35393,1.35495,1.35336,1.35438,6972,0
12:00,1.35437,1.35548,1.35392,1.35477,6272,0
13:00,1.35476,1.35547,1.35436,1.35546,6270,2
14:00,1.35547,1.3559,1.35462,1.35469,5214,0
15:00,1.35468,1.35474,1.35328,1.35337,8462,1
16:00,1.35338,1.35498,1.35304,1.35455,8006,0
17:00,1.35455,1.35577,1.354,1.35518,8576,0
18:00,1.35517,1.35556,1.35361,1.35366,7872,0
19:00,1.35367,1.35504,1.35356,1.35456,4826,0
20:00,1.35457,1.355,1.3537,1.35414,4205,0
21:00,1.35414,1.35552,1.35411,1.3554,3248,0
22:00,1.3554,1.35554,1.35488,1.3552,3268,0
23:00,1.3552,1.35531,1.3549,1.35502,2533,0
0:00,1.35459,1.35506,1.35458,1.35478,858,0
1:00,1.35477,1.35536,1.35447,1.35508,2571,0
2:00,1.35507,1.3566,1.35488,1.35631,3726,0
3:00,1.35632,1.35639,1.3554,1.35556,2562,0
4:00,1.35554,1.35607,1.35548,1.35594,2637,0
5:00,1.35593,1.35677,1.35582,1.3565,2801,0
6:00,1.3565,1.35654,1.35607,1.35649,2686,0
7:00,1.3565,1.35726,1.35648,1.35693,3557,2
8:00,1.35693,1.35762,1.35559,1.35574,4835,2
9:00,1.35573,1.35615,1.35477,1.35478,6347,2
10:00,1.35477,1.35524,1.35376,1.35408,7282,0
11:00,1.35408,1.35441,1.35226,1.35295,6387,1
12:00,1.35287,1.3541,1.3526,1.35383,6167,1
13:00,1.35384,1.35475,1.35369,1.3547,4347,1
14:00,1.3547,1.35571,1.35443,1.35538,5175,0
15:00,1.35537,1.35818,1.35476,1.35648,11565,2
16:00,1.3565,1.35662,1.35423,1.35457,10879,1
17:00,1.35456,1.3567,1.35438,1.35617,10121,0
18:00,1.35618,1.35693,1.3557,1.35608,7820,0
19:00,1.35609,1.35678,1.35579,1.35633,4644,0
20:00,1.35635,1.35684,1.35603,1.35678,3290,0
21:00,1.35678,1.35724,1.35645,1.35649,3205,0
22:00,1.35649,1.35687,1.35635,1.35666,3445,0
23:00,1.35666,1.35668,1.35628,1.35642,2912,1
0:00,1.35565,1.35686,1.35542,1.35682,821,0
1:00,1.35685,1.35781,1.35682,1.35753,2403,0
2:00,1.35753,1.35767,1.35691,1.35714,2372,0
3:00,1.35715,1.35849,1.35699,1.35784,3734,2
4:00,1.35784,1.35831,1.35674,1.35711,3444,2
5:00,1.3571,1.35714,1.35626,1.35676,2380,2
6:00,1.35676,1.35677,1.35564,1.35584,2779,2
7:00,1.35583,1.35642,1.35515,1.35552,3001,2
8:00,1.35553,1.35581,1.35453,1.35462,3133,2
9:00,1.35463,1.35481,1.35382,1.35382,5882,0
10:00,1.35382,1.3544,1.35316,1.35408,6030,0
11:00,1.35407,1.35415,1.35249,1.35271,4594,1
12:00,1.35271,1.35485,1.35225,1.35453,6531,0
13:00,1.35454,1.35536,1.3538,1.35397,6002,1
14:00,1.35397,1.35528,1.35387,1.35463,6762,0
15:00,1.35462,1.35492,1.35351,1.35419,6149,1
16:00,1.35421,1.3555,1.35395,1.35523,6876,1
17:00,1.35522,1.35807,1.35485,1.35802,6940,2
18:00,1.358,1.35843,1.35622,1.35646,6503,0
19:00,1.35647,1.35674,1.35553,1.35582,5145,0
20:00,1.35582,1.35661,1.35568,1.35635,3919,0
21:00,1.35634,1.35664,1.35601,1.35638,3535,0
22:00,1.3564,1.35652,1.3559,1.35646,3097,0
23:00,1.35645,1.35679,1.35643,1.35666,2055,0
0:00,1.35642,1.35699,1.35641,1.35688,926,0
1:00,1.35688,1.35707,1.35663,1.35692,2008,0
2:00,1.35692,1.35715,1.35633,1.35658,2727,0
3:00,1.35659,1.35716,1.35568,1.35697,4748,0
4:00,1.35698,1.35811,1.35697,1.35805,4339,0
5:00,1.35804,1.35816,1.35755,1.35777,2666,2
6:00,1.35776,1.35781,1.35696,1.35706,2265,2
7:00,1.35706,1.35765,1.35696,1.35739,2649,2
8:00,1.35738,1.35751,1.35609,1.3561,4324,2
9:00,1.35609,1.35661,1.35433,1.3546,7039,2
10:00,1.3546,1.35474,1.35155,1.35181,8016,1
11:00,1.35181,1.35318,1.35132,1.35294,6661,0
12:00,1.35292,1.35347,1.35222,1.35315,5173,2
13:00,1.35315,1.35395,1.35258,1.35368,5029,2
14:00,1.35368,1.35412,1.3521,1.35227,4807,0
15:00,1.35227,1.35238,1.35104,1.3516,5896,0
16:00,1.35161,1.35264,1.35048,1.35095,6913,1
17:00,1.35095,1.35285,1.35068,1.35236,7298,0
18:00,1.35235,1.35236,1.35105,1.35161,6150,1
19:00,1.3516,1.35321,1.3516,1.35261,4828,0
20:00,1.3526,1.35367,1.35202,1.35353,3588,0
21:00,1.35354,1.35378,1.35299,1.35332,4321,0
22:00,1.35332,1.35395,1.3531,1.35391,3619,0
23:00,1.3539,1.3541,1.3536,1.35382,2338,0
0:00,1.35381,1.35412,1.35368,1.35399,596,0
1:00,1.35399,1.35399,1.35291,1.35294,2478,0
2:00,1.35294,1.35376,1.35281,1.35319,3524,0
3:00,1.35323,1.35355,1.35254,1.35353,5429,0
4:00,1.35352,1.35375,1.35338,1.35367,2538,2
5:00,1.35365,1.35374,1.3532,1.35323,1595,2
6:00,1.35322,1.35343,1.35315,1.3532,2899,2
7:00,1.3532,1.35325,1.35162,1.35179,3531,0
8:00,1.3518,1.35214,1.3512,1.3516,5104,0
9:00,1.3516,1.35308,1.35066,1.35076,6944,0
10:00,1.35077,1.35194,1.35065,1.35143,6435,0
11:00,1.35143,1.35259,1.34925,1.34975,7303,0
12:00,1.34975,1.35432,1.34811,1.35399,12193,0
13:00,1.35399,1.35613,1.35395,1.35525,11620,2
14:00,1.35526,1.35585,1.35258,1.35269,9388,0
15:00,1.35268,1.35367,1.35198,1.35252,8957,0
16:00,1.35252,1.35394,1.35075,1.35134,9914,1
17:00,1.35135,1.35362,1.35108,1.35325,9372,2
18:00,1.35326,1.3533,1.35043,1.35112,8622,0
19:00,1.3511,1.35196,1.35095,1.35163,5455,0
20:00,1.35161,1.35207,1.35138,1.35175,5160,0
21:00,1.35176,1.35184,1.35037,1.351,7285,0
22:00,1.35097,1.35137,1.3506,1.35117,5589,0
23:00,1.35117,1.3512,1.35047,1.3506,2646,0
0:00,1.35066,1.35085,1.35054,1.35059,1039,0
1:00,1.35059,1.35129,1.35056,1.35111,2605,0
2:00,1.35111,1.35118,1.3501,1.35099,4915,2
3:00,1.35099,1.35161,1.35071,1.35121,5283,2
4:00,1.35121,1.35149,1.35096,1.35135,3648,2
5:00,1.35135,1.35153,1.34969,1.35035,6205,2
6:00,1.35035,1.35038,1.34845,1.34899,3980,0
7:00,1.34898,1.35037,1.34873,1.34997,4368,2
8:00,1.34997,1.34997,1.34869,1.34877,4094,0
9:00,1.34879,1.34929,1.34727,1.34842,5859,0
10:00,1.3484,1.34892,1.34739,1.34771,6559,0
11:00,1.34772,1.34933,1.34737,1.34863,7045,0
12:00,1.34863,1.34967,1.34857,1.34926,6448,0
13:00,1.34927,1.34969,1.34596,1.3462,5814,1
14:00,1.34601,1.34908,1.34574,1.34838,12075,1
15:00,1.34837,1.35246,1.348,1.3524,13952,1
16:00,1.35238,1.35438,1.35218,1.35403,8946,0
17:00,1.35404,1.35471,1.35323,1.35345,9330,0
18:00,1.35343,1.35541,1.35327,1.35414,6787,0
19:00,1.35411,1.35446,1.35353,1.35441,4909,0
20:00,1.3544,1.35505,1.35327,1.35331,5551,0
21:00,1.35332,1.35386,1.3529,1.35385,4371,0
22:00,1.35385,1.3539,1.35322,1.35347,3368,1
23:00,1.35347,1.35397,1.35297,1.35384,3186,1
0:00,1.35326,1.35415,1.35323,1.35376,2165,1
1:00,1.35371,1.35426,1.35354,1.35403,3208,1
2:00,1.35404,1.35641,1.35392,1.3558,5897,0
3:00,1.3558,1.35582,1.35447,1.35459,4601,0
4:00,1.35459,1.35503,1.35409,1.35463,3693,0
5:00,1.35462,1.35505,1.35444,1.35482,2881,0
6:00,1.35482,1.35489,1.35441,1.35485,3331,0
7:00,1.35486,1.35505,1.35391,1.35421,2944,1
8:00,1.35422,1.35498,1.35398,1.35421,3829,1
9:00,1.3542,1.35558,1.354,1.35447,7758,1
10:00,1.35448,1.35945,1.35371,1.35902,12220,1
11:00,1.35903,1.36198,1.35902,1.36115,10177,1
12:00,1.36115,1.36215,1.3608,1.36128,6340,1
13:00,1.36129,1.36402,1.36121,1.36388,7242,0
14:00,1.36387,1.36387,1.36257,1.36311,6357,0
15:00,1.36312,1.36922,1.36106,1.36563,13493,0
16:00,1.36562,1.36767,1.36443,1.36713,12081,1
17:00,1.36713,1.36899,1.36645,1.36882,10350,0
18:00,1.36881,1.36931,1.36768,1.36871,9438,1
19:00,1.3687,1.36994,1.36775,1.36909,6650,1
20:00,1.3691,1.37224,1.36896,1.37172,7777,1
21:00,1.37172,1.3736,1.37142,1.3735,6453,0
22:00,1.37354,1.37355,1.37286,1.37311,3978,0
23:00,1.3731,1.37435,1.37256,1.37256,5815,1
0:00,1.37253,1.37384,1.37251,1.37377,1679,0
1:00,1.37378,1.37417,1.37298,1.37304,3198,0
2:00,1.37311,1.37405,1.37292,1.37371,5190,0
3:00,1.37371,1.37485,1.37337,1.37409,6499,0
4:00,1.37409,1.37476,1.37308,1.37314,5170,1
5:00,1.37314,1.37404,1.37309,1.37395,3822,1
6:00,1.37395,1.37425,1.37333,1.37424,3975,0
7:00,1.37425,1.37543,1.37378,1.37467,6116,0
8:00,1.37467,1.37688,1.3732,1.37397,6435,1
9:00,1.37395,1.3757,1.37309,1.37544,6552,0
10:00,1.37547,1.37595,1.37318,1.37413,7734,1
11:00,1.37415,1.38077,1.37403,1.37907,8694,0
12:00,1.37907,1.3819,1.37817,1.37964,9808,2
13:00,1.37963,1.37994,1.37702,1.37711,7158,1
14:00,1.37712,1.3789,1.37648,1.37872,5488,0
15:00,1.37873,1.37986,1.37746,1.37975,6477,0
16:00,1.37973,1.3804,1.37904,1.37998,7301,0
17:00,1.37998,1.38016,1.37784,1.38008,7039,0
18:00,1.38009,1.38081,1.37957,1.38033,6996,0
19:00,1.38034,1.38165,1.38018,1.38099,4441,0
20:00,1.381,1.38129,1.38,1.38053,5129,0
21:00,1.3806,1.38093,1.37904,1.37934,4799,0
22:00,1.37935,1.37991,1.37912,1.37968,2623,0
23:00,1.37967,1.37982,1.37933,1.37942,2146,0
0:00,1.37865,1.37984,1.37863,1.37955,1742,0
1:00,1.37955,1.38,1.37913,1.37933,2710,0
2:00,1.37933,1.38034,1.37907,1.37948,4306,0
3:00,1.37949,1.38001,1.37832,1.37988,4266,0
4:00,1.37988,1.38049,1.37929,1.37993,5071,0
5:00,1.37993,1.37993,1.37822,1.37823,3502,1
6:00,1.37823,1.37933,1.37823,1.37902,3407,0
7:00,1.37901,1.37929,1.37868,1.37877,3128,0
8:00,1.37875,1.38025,1.37838,1.37917,6270,2
9:00,1.37918,1.37987,1.37751,1.37867,11218,2
10:00,1.37866,1.3795,1.37705,1.37754,9212,0
11:00,1.37752,1.37873,1.37551,1.37646,9512,2
12:00,1.37647,1.37667,1.37414,1.37486,9030,1
13:00,1.37487,1.3759,1.37438,1.37463,5413,1
14:00,1.37465,1.37652,1.37446,1.37626,6774,0
15:00,1.37624,1.3765,1.37525,1.37634,6953,0
16:00,1.37636,1.37687,1.37489,1.37538,9645,1
17:00,1.37537,1.37775,1.37529,1.37737,8940,0
18:00,1.3774,1.37756,1.37634,1.37725,6935,1
19:00,1.37725,1.37787,1.37675,1.37715,5189,1
20:00,1.37716,1.3796,1.3771,1.37936,5000,0
21:00,1.37935,1.37988,1.37908,1.37929,6282,0
22:00,1.37932,1.37967,1.37917,1.3795,4020,1
23:00,1.3795,1.3795,1.37884,1.37895,3199,1
0:00,1.37903,1.37944,1.37856,1.37861,1716,1
1:00,1.37862,1.3799,1.37862,1.37965,4697,0
2:00,1.37965,1.38356,1.37932,1.38214,7503,2
3:00,1.38215,1.38225,1.38128,1.38153,5876,2
4:00,1.38154,1.38193,1.37906,1.37916,4790,2
5:00,1.37917,1.37979,1.37852,1.37885,5124,2
6:00,1.37885,1.37936,1.3775,1.37759,5069,0
7:00,1.37759,1.37829,1.37683,1.37748,5554,0
8:00,1.37747,1.37782,1.37598,1.37656,6015,1
9:00,1.37653,1.37827,1.37561,1.37585,9208,1
10:00,1.37585,1.37829,1.37585,1.37767,8951,1
11:00,1.37767,1.37948,1.37727,1.37935,7208,0
12:00,1.37932,1.38021,1.3786,1.37961,7039,0
13:00,1.37961,1.38064,1.37845,1.37848,7754,1
14:00,1.37849,1.3789,1.37775,1.37778,6179,1
15:00,1.37778,1.37998,1.37752,1.37925,7878,1
16:00,1.37925,1.38051,1.37894,1.37982,8874,1
17:00,1.37984,1.38374,1.37924,1.38338,11907,0
18:00,1.38338,1.38448,1.38213,1.3823,10033,1
19:00,1.3823,1.38493,1.38207,1.38492,5884,0
20:00,1.38493,1.3942,1.3848,1.39192,10915,2
21:00,1.39192,1.39196,1.38758,1.38789,8785,2
22:00,1.3879,1.38809,1.38521,1.38545,8968,2
23:00,1.38546,1.38563,1.3821,1.38264,5625,0
0:00,1.3826,1.38339,1.38054,1.38067,2426,1
1:00,1.38067,1.3831,1.38061,1.38241,3287,0
2:00,1.38242,1.38382,1.38131,1.38195,7491,0
3:00,1.38195,1.38247,1.38109,1.38177,7913,0
4:00,1.38178,1.38241,1.38127,1.3818,6886,0
5:00,1.3818,1.38191,1.38048,1.38072,5408,1
6:00,1.38073,1.38232,1.38058,1.3822,4870,0
7:00,1.38219,1.38335,1.38212,1.38329,5463,0
8:00,1.38329,1.38433,1.38249,1.38426,6013,0
9:00,1.38426,1.38471,1.3804,1.383,8634,1
10:00,1.383,1.3846,1.38219,1.38221,8528,1
11:00,1.38219,1.38455,1.38203,1.38422,5893,0
12:00,1.38421,1.38635,1.38289,1.38611,6347,1
13:00,1.3861,1.38884,1.38529,1.38826,7291,0
14:00,1.38826,1.38903,1.38658,1.38679,7757,0
15:00,1.38678,1.38715,1.38543,1.38625,8427,1
16:00,1.38624,1.38861,1.38603,1.38839,9702,0
17:00,1.38837,1.38936,1.3864,1.38808,11264,0
18:00,1.38809,1.39125,1.38764,1.38869,11412,0
19:00,1.38869,1.3906,1.38746,1.38765,7164,0
20:00,1.38764,1.38843,1.38643,1.38768,6041,1
21:00,1.38771,1.38941,1.38768,1.38927,4062,0
22:00,1.38926,1.38949,1.38758,1.38897,5583,0
23:00,1.38895,1.38993,1.38889,1.38921,3686,0
0:00,1.38901,1.38982,1.38876,1.3892,2587,0
1:00,1.38922,1.38988,1.38875,1.38919,3643,1
2:00,1.3892,1.39046,1.38868,1.38932,4965,1
3:00,1.38931,1.38999,1.38884,1.38959,5373,1
4:00,1.38959,1.3904,1.38908,1.38947,5484,1
5:00,1.38947,1.39235,1.38909,1.39198,5081,2
6:00,1.39197,1.39199,1.39104,1.39155,4567,0
7:00,1.39156,1.39167,1.3903,1.39063,4310,0
8:00,1.39065,1.39137,1.38975,1.38985,6093,1
9:00,1.38986,1.39195,1.38916,1.39187,8042,0
10:00,1.39185,1.394,1.39131,1.39346,9057,2
11:00,1.39346,1.39444,1.3904,1.39136,10012,2
12:00,1.39138,1.39191,1.38967,1.39036,7214,2
13:00,1.39036,1.3911,1.38644,1.38879,7659,2
14:00,1.38879,1.38879,1.3856,1.38628,7062,0
15:00,1.38627,1.38871,1.38511,1.38586,10981,0
16:00,1.38586,1.38811,1.38501,1.38773,9475,2
17:00,1.38773,1.3882,1.38386,1.38445,10796,1
18:00,1.38445,1.38577,1.38435,1.38531,7807,1
19:00,1.38532,1.38668,1.38523,1.38589,6192,0
20:00,1.38589,1.3872,1.38521,1.3872,4908,0
21:00,1.3872,1.38802,1.38705,1.38713,4300,0
22:00,1.38714,1.38739,1.3861,1.38621,3566,0
23:00,1.38621,1.38724,1.38458,1.38498,10816,1
0:00,1.38863,1.38953,1.38773,1.38871,1337,2
1:00,1.38877,1.38924,1.38737,1.389,3892,2
2:00,1.38901,1.38901,1.38757,1.38781,5788,2
3:00,1.38781,1.38814,1.38565,1.38617,6692,0
4:00,1.38617,1.38734,1.38586,1.38724,5589,0
5:00,1.38725,1.38742,1.38644,1.38713,3685,0
6:00,1.38713,1.38739,1.38568,1.3864,4588,1
7:00,1.3864,1.38682,1.3857,1.38662,4341,1
8:00,1.38662,1.38688,1.38568,1.38619,5568,1
9:00,1.3862,1.38952,1.38594,1.38867,7592,1
10:00,1.38864,1.39006,1.38859,1.38984,7028,0
11:00,1.38984,1.39106,1.38934,1.38969,6365,0
12:00,1.3897,1.39153,1.38958,1.39039,5842,0
13:00,1.39039,1.39098,1.3895,1.39004,5277,0
14:00,1.39004,1.3908,1.38884,1.38919,5698,1
15:00,1.38918,1.3927,1.38844,1.3922,6886,1
16:00,1.39221,1.39287,1.39137,1.39257,7465,1
17:00,1.39256,1.39697,1.39241,1.39678,8466,0
18:00,1.39678,1.39682,1.39399,1.39403,8462,0
19:00,1.39403,1.39618,1.39295,1.39572,7426,1
20:00,1.39573,1.39627,1.39487,1.39626,4998,1
21:00,1.39627,1.39876,1.39595,1.39816,5156,0
22:00,1.39819,1.39903,1.39801,1.39872,4059,0
23:00,1.39873,1.39881,1.39819,1.3987,3184,0
0:00,1.39822,1.39895,1.39784,1.39823,1971,1
1:00,1.39822,1.39866,1.39806,1.3983,3561,0
2:00,1.39831,1.40018,1.39795,1.3986,5037,0
3:00,1.39861,1.40026,1.39841,1.39927,5304,2
4:00,1.39927,1.39956,1.39785,1.39862,4655,0
5:00,1.39862,1.39927,1.3978,1.39813,8152,0
6:00,1.39812,1.39888,1.39769,1.39847,4765,2
7:00,1.39848,1.39852,1.39715,1.39791,4469,0
8:00,1.39793,1.3994,1.39708,1.39754,7737,2
9:00,1.39754,1.39767,1.3959,1.39634,9026,2
10:00,1.39634,1.39655,1.39411,1.39531,10171,2
11:00,1.39531,1.39553,1.39385,1.39463,6896,0
12:00,1.39462,1.39551,1.39343,1.39514,7254,0
13:00,1.39513,1.39565,1.39301,1.39314,8129,0
14:00,1.39315,1.39528,1.39151,1.39506,9430,1
15:00,1.39506,1.39665,1.39436,1.39555,8866,1
16:00,1.39554,1.39968,1.39501,1.39924,10762,0
17:00,1.39924,1.40265,1.39845,1.40179,13015,2
18:00,1.40179,1.40199,1.39633,1.39654,10922,1
19:00,1.39654,1.39889,1.39651,1.39786,6919,1
20:00,1.39785,1.39875,1.39744,1.39797,5921,1
21:00,1.39797,1.40008,1.39793,1.39994,5524,0
22:00,1.39993,1.39994,1.39926,1.39963,3520,1
23:00,1.39963,1.40017,1.39958,1.39989,3092,1
0:00,1.40031,1.40032,1.39977,1.40004,1083,1
1:00,1.40005,1.40176,1.39966,1.40111,4138,0
2:00,1.40113,1.40141,1.39999,1.4006,4753,1
3:00,1.40059,1.40246,1.40024,1.40219,5582,1
4:00,1.4022,1.40427,1.40194,1.40331,7770,0
5:00,1.40329,1.40363,1.40146,1.40344,5607,0
6:00,1.40343,1.40482,1.40256,1.40294,6518,0
7:00,1.40294,1.40329,1.40207,1.40324,4908,0
8:00,1.40324,1.40402,1.40232,1.40249,7654,1
9:00,1.40249,1.40386,1.40193,1.40319,9054,1
10:00,1.40315,1.40893,1.40274,1.40845,12097,0
11:00,1.40842,1.4118,1.40738,1.40927,13348,1
12:00,1.40927,1.41032,1.40848,1.40965,9775,1
13:00,1.40965,1.41479,1.40939,1.41359,10325,1
14:00,1.41358,1.41611,1.41302,1.41496,11114,1
15:00,1.41495,1.41959,1.41487,1.41813,14082,1
16:00,1.41814,1.42178,1.41787,1.42142,13474,0
17:00,1.42142,1.42408,1.42034,1.42215,14031,2
18:00,1.42214,1.42267,1.41886,1.4197,11535,0
19:00,1.41971,1.42083,1.41857,1.41946,8499,1
20:00,1.41947,1.42271,1.41926,1.42246,9697,0
21:00,1.42247,1.42263,1.42078,1.42149,6854,0
22:00,1.42149,1.42155,1.42018,1.42075,5500,1
23:00,1.42076,1.42621,1.42045,1.42347,5596,0
0:00,1.42407,1.42501,1.42354,1.42396,2376,0
1:00,1.42395,1.42398,1.4218,1.42194,4333,1
2:00,1.42195,1.42275,1.42141,1.42243,6285,1
3:00,1.42243,1.42428,1.4215,1.42428,6835,1
4:00,1.42428,1.42697,1.42347,1.42667,9382,1
5:00,1.42667,1.43046,1.42649,1.42916,10365,0
6:00,1.42917,1.42995,1.42856,1.42925,6582,0
7:00,1.42924,1.43014,1.42842,1.42976,6627,0
8:00,1.42978,1.43278,1.42647,1.42925,11957,2
9:00,1.42923,1.42923,1.42444,1.42536,15790,0
10:00,1.42535,1.42692,1.42324,1.4246,13742,1
11:00,1.42459,1.42924,1.42406,1.42864,10653,0
12:00,1.42865,1.42867,1.42512,1.42627,9460,0
13:00,1.42628,1.42782,1.42494,1.4256,8883,1
14:00,1.42559,1.42697,1.42527,1.42529,8453,1
15:00,1.4253,1.43134,1.42503,1.43115,17207,0
16:00,1.43115,1.43446,1.4276,1.42966,20691,0
17:00,1.42962,1.43181,1.42827,1.4301,14621,2
18:00,1.43011,1.4308,1.42599,1.42619,11295,0
19:00,1.42619,1.42769,1.42388,1.42551,7740,0
20:00,1.42552,1.42747,1.42371,1.42403,8858,2
21:00,1.42404,1.42411,1.40823,1.41243,22483,0
22:00,1.4124,1.41606,1.41178,1.41403,14002,0
23:00,1.41405,1.41695,1.4132,1.41391,7679,0
0:00,1.41391,1.41393,1.41065,1.41084,1790,1
1:00,1.41088,1.41528,1.41088,1.41486,5003,1
2:00,1.41486,1.41647,1.41449,1.41635,7249,1
3:00,1.41636,1.41906,1.41581,1.41855,9841,2
4:00,1.41854,1.4188,1.41681,1.41825,13769,0
5:00,1.41824,1.41876,1.41787,1.41868,6670,0
6:00,1.41868,1.41901,1.41791,1.41794,7174,0
7:00,1.41794,1.4182,1.41646,1.41804,6577,1
8:00,1.41804,1.42275,1.4176,1.42225,9863,1
9:00,1.42226,1.42615,1.42193,1.42429,14463,0
10:00,1.42432,1.4264,1.42173,1.42349,12993,1
11:00,1.4235,1.4284,1.42273,1.426,11384,2
12:00,1.42599,1.42601,1.42389,1.42391,9524,0
13:00,1.42392,1.42677,1.42373,1.42473,9968,2
14:00,1.42472,1.42506,1.42372,1.42429,8702,2
15:00,1.4243,1.42528,1.42207,1.42277,10703,2
16:00,1.42276,1.42312,1.41928,1.42147,16735,2
17:00,1.42147,1.42179,1.41471,1.41815,14699,0
18:00,1.41817,1.41898,1.41438,1.41767,12083,0
19:00,1.41767,1.41949,1.41704,1.41908,8870,0
20:00,1.41907,1.42009,1.41841,1.42002,5943,2
21:00,1.42001,1.42071,1.41559,1.41561,9001,0
22:00,1.4156,1.41593,1.41357,1.41461,6672,0
23:00,1.41457,1.41662,1.41413,1.41574,4741,2
0:00,1.41316,1.41426,1.41279,1.41408,1120,0
1:00,1.41408,1.41521,1.41408,1.41501,3974,2
2:00,1.41503,1.41577,1.41333,1.4154,6751,2
3:00,1.41541,1.41547,1.41233,1.41275,8859,0
4:00,1.41274,1.41318,1.41099,1.41227,8758,1
5:00,1.41226,1.4146,1.41201,1.41419,7339,2
6:00,1.4142,1.41478,1.41344,1.41369,4591,2
7:00,1.41369,1.41421,1.41286,1.41323,6021,0
8:00,1.41323,1.41428,1.41225,1.41297,8207,0
9:00,1.41296,1.41407,1.41108,1.41261,10972,0
10:00,1.41262,1.41362,1.41041,1.41253,9985,2
11:00,1.41254,1.41303,1.40929,1.41071,10238,0
12:00,1.41072,1.41224,1.40888,1.4089,8923,2
13:00,1.40891,1.40896,1.40576,1.40616,8401,1
14:00,1.40616,1.4076,1.40566,1.40704,9060,0
15:00,1.40705,1.40937,1.40679,1.40788,10124,0
16:00,1.40788,1.40961,1.40732,1.40834,10064,2
17:00,1.40835,1.40922,1.40606,1.40626,9792,0
18:00,1.40627,1.40652,1.40246,1.40419,13000,1
19:00,1.40419,1.40695,1.40338,1.40688,6809,0
20:00,1.40688,1.40759,1.40588,1.40639,5154,0
21:00,1.40639,1.40792,1.40608,1.4076,4835,0
22:00,1.4076,1.40778,1.40709,1.40739,4028,0
23:00,1.40738,1.40758,1.40675,1.40757,3244,2
0:00,1.40722,1.40739,1.40675,1.40699,1198,2
1:00,1.40694,1.40767,1.40685,1.40719,3621,2
2:00,1.4072,1.40766,1.40562,1.40633,6176,0
3:00,1.40632,1.40738,1.40542,1.40709,6268,2
4:00,1.40709,1.40709,1.40359,1.40428,8478,0
5:00,1.40427,1.4058,1.40417,1.40546,8026,2
6:00,1.40546,1.40601,1.40359,1.40406,8208,2
7:00,1.40406,1.40466,1.4035,1.40372,7458,0
8:00,1.40371,1.40415,1.40134,1.40157,8191,0
9:00,1.40157,1.40266,1.39849,1.39946,9915,0
10:00,1.39944,1.40261,1.39792,1.40245,12249,1
11:00,1.40245,1.40765,1.40199,1.40715,11681,1
12:00,1.40718,1.41046,1.40638,1.40843,11524,1
13:00,1.40841,1.41272,1.40811,1.41267,10180,0
14:00,1.41263,1.41365,1.41104,1.41158,8991,0
15:00,1.41159,1.41492,1.41044,1.41398,10697,0
16:00,1.41398,1.41532,1.41281,1.4132,13036,0
17:00,1.41319,1.41419,1.41056,1.41114,13320,0
18:00,1.41114,1.41346,1.40976,1.41223,12001,1
19:00,1.41222,1.41469,1.41152,1.41419,8502,0
20:00,1.41419,1.41426,1.41234,1.41403,7222,1
21:00,1.41404,1.41652,1.41347,1.41519,8507,0
22:00,1.41519,1.41553,1.41365,1.414,5278,1
23:00,1.41396,1.41484,1.41391,1.41482,4132,1
0:00,1.41441,1.41508,1.41384,1.41504,1723,0
1:00,1.41504,1.41572,1.41387,1.41544,4839,0
2:00,1.41544,1.41695,1.41474,1.41595,7339,0
3:00,1.41595,1.41638,1.41448,1.41552,9121,0
4:00,1.41552,1.4157,1.4135,1.41545,9468,1
5:00,1.41543,1.41834,1.41537,1.41781,10397,0
6:00,1.41782,1.41795,1.41697,1.41704,6630,0
7:00,1.41704,1.41888,1.41655,1.41881,6401,0
8:00,1.4188,1.4212,1.41829,1.42099,10304,2
9:00,1.42096,1.42124,1.41822,1.41847,12986,0
10:00,1.41847,1.41966,1.41567,1.41774,12308,2
11:00,1.41778,1.41869,1.41262,1.41273,11553,1
12:00,1.41281,1.4149,1.4121,1.4148,10916,0
13:00,1.4148,1.41606,1.41356,1.41601,8065,0
14:00,1.41599,1.41716,1.4146,1.41706,7792,0
15:00,1.41707,1.41832,1.41535,1.41752,10377,0
16:00,1.41755,1.41828,1.41503,1.41755,10831,0
17:00,1.41753,1.4223,1.41636,1.42195,13495,0
18:00,1.42196,1.42323,1.41817,1.41873,14807,0
19:00,1.41872,1.42016,1.41776,1.41834,9761,0
20:00,1.41834,1.41931,1.41747,1.41834,8989,0
21:00,1.41835,1.42104,1.41502,1.4175,19045,1
22:00,1.41749,1.42015,1.4173,1.41976,12407,0
23:00,1.41978,1.4203,1.4184,1.41924,4262,1
0:00,1.41901,1.41976,1.4186,1.41959,2086,0
1:00,1.41959,1.42035,1.41944,1.41982,2658,0
2:00,1.41983,1.42128,1.41964,1.42037,5330,0
3:00,1.42039,1.42119,1.41847,1.42046,7402,0
4:00,1.42046,1.42107,1.41948,1.41955,5389,2
5:00,1.41955,1.42033,1.41918,1.41975,4334,2
6:00,1.41974,1.41998,1.41874,1.41929,4429,0
7:00,1.41929,1.41969,1.41864,1.41898,4164,0
8:00,1.41899,1.41913,1.41616,1.41699,9069,0
9:00,1.41699,1.41989,1.41585,1.41952,12718,1
10:00,1.41952,1.42645,1.41947,1.4248,14079,0
11:00,1.42484,1.42739,1.42384,1.42479,11810,2
12:00,1.42478,1.42494,1.42303,1.42309,8196,0
13:00,1.42304,1.42445,1.42152,1.42172,8738,0
14:00,1.42172,1.4231,1.42014,1.42197,9804,0
15:00,1.42198,1.42366,1.42111,1.4226,10573,0
16:00,1.42261,1.42267,1.41888,1.42044,10066,1
17:00,1.42043,1.42509,1.4197,1.42365,14049,0
18:00,1.42365,1.42497,1.42224,1.42438,11654,0
19:00,1.42438,1.42613,1.42226,1.42297,9304,1
20:00,1.42297,1.42539,1.42275,1.42525,6729,1
21:00,1.42526,1.42699,1.42494,1.42628,8149,0
22:00,1.42628,1.42775,1.42607,1.42716,10189,0
23:00,1.42716,1.42772,1.42606,1.42622,6916,0
0:00,1.42648,1.42723,1.4254,1.42616,2357,0
1:00,1.42616,1.42712,1.42592,1.42652,2892,0
2:00,1.42652,1.42673,1.42542,1.42658,4337,0
3:00,1.42658,1.42776,1.42546,1.42629,8820,0
4:00,1.42628,1.42676,1.42502,1.42532,8089,0
5:00,1.42532,1.4271,1.42517,1.42704,4777,2
6:00,1.42705,1.42716,1.42571,1.4258,4388,0
7:00,1.4258,1.42636,1.42529,1.42572,4088,0
8:00,1.42571,1.42638,1.42477,1.42599,7584,0
9:00,1.42598,1.42725,1.424,1.42471,8735,0
10:00,1.4247,1.42597,1.42219,1.42276,11394,2
11:00,1.42276,1.42293,1.42071,1.42156,9516,0
12:00,1.42155,1.42245,1.42016,1.42186,7845,0
13:00,1.42187,1.42327,1.42111,1.42218,6701,2
14:00,1.42219,1.42275,1.42155,1.42163,6914,2
15:00,1.42164,1.42251,1.41426,1.41564,15443,0
16:00,1.41565,1.41701,1.41354,1.41389,14955,0
17:00,1.41383,1.41393,1.41007,1.41223,15375,1
18:00,1.41223,1.41359,1.41132,1.41245,12581,0
19:00,1.41245,1.41676,1.4124,1.41549,10816,0
20:00,1.4155,1.41735,1.4148,1.41506,10021,2
21:00,1.41504,1.41513,1.41233,1.41265,10575,2
22:00,1.41266,1.41295,1.41115,1.41212,9622,2
23:00,1.41211,1.41225,1.4113,1.41213,5130,2
0:00,1.41036,1.41067,1.40932,1.40935,1575,0
1:00,1.40935,1.41127,1.40816,1.41097,7343,0
2:00,1.41099,1.41224,1.41046,1.41222,7070,2
3:00,1.41222,1.41222,1.41022,1.41127,7044,0
4:00,1.41125,1.4121,1.40965,1.41187,6956,0
5:00,1.41187,1.4126,1.41112,1.4113,5506,0
6:00,1.4113,1.41209,1.41099,1.41167,4793,0
7:00,1.41165,1.41282,1.41132,1.41224,4660,0
8:00,1.41223,1.41225,1.41046,1.4106,6247,0
9:00,1.4106,1.41163,1.40877,1.40891,10186,0
10:00,1.40892,1.41371,1.40892,1.41316,11874,0
11:00,1.41317,1.41499,1.41115,1.41156,10516,0
12:00,1.41158,1.4132,1.41074,1.4108,6846,2
13:00,1.41081,1.41082,1.40395,1.40486,10094,2
14:00,1.40486,1.4058,1.40246,1.40349,9649,0
15:00,1.40353,1.40543,1.40353,1.4041,9506,2
16:00,1.40409,1.40414,1.39903,1.39914,11022,1
17:00,1.39914,1.40283,1.39864,1.40156,13119,0
18:00,1.40155,1.4021,1.39987,1.40196,11288,0
19:00,1.40196,1.40349,1.40084,1.40315,8633,2
20:00,1.40316,1.40317,1.40084,1.40187,9424,2
21:00,1.40181,1.40181,1.39886,1.40002,9782,0
22:00,1.40002,1.40255,1.39637,1.39641,20625,0
23:00,1.39644,1.39836,1.39543,1.39567,12245,0
0:00,1.3955,1.39708,1.39548,1.39658,1913,2
1:00,1.39661,1.39671,1.39416,1.39432,6024,1
2:00,1.39433,1.39719,1.3937,1.39692,10649,2
3:00,1.39692,1.39755,1.39482,1.39547,12134,0
4:00,1.39546,1.39609,1.39383,1.39569,13475,0
5:00,1.39568,1.39664,1.39539,1.39576,9404,0
6:00,1.39578,1.39658,1.394,1.3942,9510,1
7:00,1.39421,1.39713,1.39418,1.3966,9720,0
8:00,1.39661,1.39839,1.39574,1.39766,9443,0
9:00,1.39763,1.39848,1.39416,1.39599,14698,0
10:00,1.39599,1.39859,1.39586,1.3982,15195,0
11:00,1.39819,1.39987,1.39702,1.39923,12453,2
12:00,1.39923,1.39939,1.39528,1.39636,10686,2
13:00,1.39637,1.39725,1.39164,1.39326,11949,2
14:00,1.39326,1.39326,1.38628,1.38657,14874,0
15:00,1.38658,1.38828,1.38359,1.38556,15435,1
16:00,1.38557,1.38876,1.38535,1.38763,14530,0
17:00,1.38762,1.39086,1.3853,1.39074,17940,1
18:00,1.39073,1.3963,1.39044,1.39493,14978,1
19:00,1.39493,1.39766,1.39463,1.39565,13191,0
20:00,1.39564,1.39795,1.39512,1.39733,10916,2
21:00,1.39733,1.39734,1.3952,1.39571,9601,0
22:00,1.39567,1.39655,1.39419,1.39478,10517,0
23:00,1.39479,1.39505,1.39401,1.39502,6390,0
0:00,1.39445,1.39604,1.39442,1.39555,2633,0
1:00,1.39556,1.3959,1.39504,1.39569,4011,0
2:00,1.39569,1.3965,1.39509,1.3956,6689,0
3:00,1.3956,1.39678,1.39469,1.39657,5894,0
4:00,1.39657,1.3968,1.39518,1.39577,6450,0
5:00,1.39577,1.39649,1.39564,1.39618,6187,0
6:00,1.39618,1.39688,1.39577,1.39654,3738,0
7:00,1.39653,1.39672,1.3957,1.39616,4377,0
8:00,1.39616,1.39664,1.39487,1.39647,7033,0
9:00,1.39647,1.39931,1.39507,1.39538,10821,2
10:00,1.39537,1.39577,1.39183,1.39481,12508,2
11:00,1.39479,1.39516,1.39214,1.39217,10151,2
12:00,1.39218,1.39233,1.3872,1.38737,9392,1
13:00,1.38737,1.39075,1.38729,1.38897,9581,0
14:00,1.38892,1.39082,1.38772,1.39056,8617,0
15:00,1.39056,1.39222,1.39,1.39054,8337,0
16:00,1.39055,1.39371,1.38847,1.39371,11544,2
17:00,1.39368,1.39372,1.38729,1.38828,15054,0
18:00,1.38828,1.3903,1.38702,1.38795,13147,2
19:00,1.38795,1.38804,1.38554,1.3873,11941,0
20:00,1.38732,1.38745,1.38479,1.38651,11973,1
21:00,1.38651,1.38856,1.3859,1.38802,9212,0
22:00,1.38802,1.38853,1.38685,1.38783,9877,0
23:00,1.38783,1.3883,1.38691,1.38804,5232,0
0:00,1.38704,1.38744,1.3869,1.38705,1408,1
1:00,1.38705,1.38795,1.3869,1.38779,4396,1
2:00,1.3878,1.38894,1.38751,1.38817,6032,0
3:00,1.38818,1.38979,1.38801,1.38896,6778,0
4:00,1.38896,1.38963,1.38869,1.38909,5186,0
5:00,1.38909,1.38986,1.38869,1.38869,6097,0
6:00,1.38868,1.38888,1.3871,1.3878,7205,0
7:00,1.38779,1.39074,1.38763,1.39047,7249,0
8:00,1.39045,1.3917,1.3886,1.38896,8075,0
9:00,1.38896,1.39161,1.38768,1.38802,11735,0
10:00,1.388,1.3889,1.38467,1.38481,11135,1
11:00,1.38483,1.38633,1.38451,1.38597,9609,1
12:00,1.38597,1.39019,1.38527,1.38969,9807,0
13:00,1.38967,1.39077,1.38697,1.38782,9694,1
14:00,1.38782,1.40101,1.38697,1.39877,19814,0
15:00,1.39877,1.40382,1.39844,1.40374,16343,0
16:00,1.40373,1.40658,1.40306,1.40394,14965,2
17:00,1.40394,1.40407,1.39899,1.40036,16333,2
18:00,1.40034,1.40048,1.39153,1.39258,18207,0
19:00,1.39262,1.39301,1.38784,1.39004,16211,0
20:00,1.39004,1.39404,1.38856,1.39356,15374,0
21:00,1.39355,1.39476,1.39187,1.39214,10470,0
22:00,1.39212,1.39254,1.38975,1.3898,10738,1
23:00,1.38977,1.39146,1.38952,1.39109,5388,1
0:00,1.39108,1.39269,1.39082,1.39184,1764,1
1:00,1.39183,1.3938,1.39183,1.3935,4208,0
2:00,1.39351,1.39357,1.392,1.39281,5747,0
3:00,1.39282,1.39461,1.39267,1.39329,8280,0
4:00,1.39328,1.39372,1.39189,1.3936,8404,0
5:00,1.39359,1.39444,1.39325,1.39355,6561,0
6:00,1.39354,1.39402,1.39281,1.39297,4205,1
7:00,1.39298,1.39501,1.39235,1.39431,4912,0
8:00,1.3943,1.39721,1.39351,1.39644,7065,0
9:00,1.39646,1.39867,1.3956,1.39777,10949,2
10:00,1.39779,1.39794,1.39414,1.39647,11319,2
11:00,1.39654,1.39669,1.39071,1.3918,10418,2
12:00,1.3918,1.39254,1.38924,1.38974,10043,2
13:00,1.38974,1.39006,1.38219,1.38361,12235,2
14:00,1.38361,1.38371,1.37897,1.38137,13417,0
15:00,1.38137,1.38411,1.38137,1.38356,14082,2
16:00,1.38356,1.38403,1.37966,1.38134,14280,0
17:00,1.38133,1.38269,1.37857,1.38044,15664,0
18:00,1.38044,1.38192,1.37793,1.37902,16047,0
19:00,1.37902,1.37995,1.37639,1.37853,15449,1
20:00,1.37852,1.38171,1.37775,1.38023,13371,1
21:00,1.38023,1.38111,1.37963,1.38058,13386,1
22:00,1.38057,1.38308,1.38026,1.38204,12100,0
23:00,1.38203,1.38321,1.38192,1.38239,5509,0
0:00,1.38061,1.38265,1.38061,1.38264,1250,0
1:00,1.38265,1.38265,1.38165,1.3823,3333,0
2:00,1.38232,1.38316,1.38123,1.38254,5928,1
3:00,1.38254,1.38384,1.38235,1.38305,6607,1
4:00,1.38305,1.3846,1.38295,1.38437,3972,1
5:00,1.38437,1.38591,1.38404,1.38587,3531,0
6:00,1.38587,1.38717,1.38576,1.38636,5014,0
7:00,1.38635,1.38691,1.38544,1.38625,4216,0
8:00,1.38624,1.38642,1.38452,1.38587,5309,0
9:00,1.38586,1.38615,1.383,1.38321,9564,1
10:00,1.38321,1.38752,1.38233,1.38546,10795,0
11:00,1.38546,1.3872,1.38419,1.38442,9411,0
12:00,1.38442,1.38652,1.38315,1.38624,7026,0
13:00,1.38623,1.38751,1.38507,1.38529,7444,2
14:00,1.38529,1.38574,1.38288,1.38346,7805,0
15:00,1.38347,1.38453,1.38071,1.38106,8711,0
16:00,1.38108,1.38339,1.38051,1.38291,11175,2
17:00,1.38292,1.38329,1.37954,1.38082,13630,1
18:00,1.38084,1.38227,1.38004,1.38175,10650,1
19:00,1.38174,1.38258,1.38079,1.38161,7087,1
20:00,1.3816,1.38296,1.3816,1.38272,5301,0
21:00,1.38272,1.38317,1.38224,1.38254,4756,1
22:00,1.38256,1.38396,1.38225,1.38337,7494,0
23:00,1.38337,1.38388,1.38298,1.3837,4223,0
0:00,1.38342,1.38386,1.38323,1.38363,1041,0
1:00,1.38363,1.3853,1.38356,1.38483,3204,0
2:00,1.38484,1.38485,1.38351,1.38355,4645,0
3:00,1.38354,1.38463,1.38318,1.3844,4908,0
4:00,1.38441,1.3845,1.38331,1.38392,4454,1
5:00,1.38394,1.38486,1.3835,1.38406,4668,1
6:00,1.38406,1.38491,1.38385,1.38476,5618,1
7:00,1.38475,1.38545,1.38431,1.38516,5421,0
8:00,1.38516,1.38687,1.38516,1.38555,6284,0
9:00,1.38556,1.38705,1.3842,1.38562,10436,0
10:00,1.38563,1.38718,1.3838,1.38533,11377,1
11:00,1.38532,1.39004,1.38532,1.38837,10973,0
12:00,1.38836,1.39236,1.38823,1.39156,10762,2
13:00,1.39157,1.39168,1.38995,1.3902,7021,0
14:00,1.39019,1.39175,1.38935,1.38955,7931,2
15:00,1.38957,1.38967,1.38508,1.38666,10102,1
16:00,1.38665,1.39033,1.38665,1.39001,11074,2
17:00,1.38999,1.39031,1.38752,1.38807,11318,0
18:00,1.38808,1.3903,1.38749,1.38905,9148,2
19:00,1.38906,1.3894,1.38632,1.38643,6395,1
20:00,1.38643,1.38815,1.38639,1.38699,5646,1
21:00,1.38699,1.38783,1.38687,1.38767,4762,0
22:00,1.38767,1.389,1.38767,1.38855,6297,0
23:00,1.38855,1.38966,1.38851,1.38915,3910,0
0:00,1.38883,1.38898,1.3882,1.38856,1444,1
1:00,1.38855,1.38878,1.38825,1.38836,2341,1
2:00,1.38835,1.38913,1.38828,1.38842,4008,1
3:00,1.38843,1.38935,1.38819,1.38854,5197,1
4:00,1.38854,1.39156,1.38834,1.39151,7300,2
5:00,1.39151,1.39204,1.39057,1.39175,7331,2
6:00,1.39175,1.39193,1.3893,1.38945,6169,0
7:00,1.38945,1.39106,1.38927,1.38999,5548,2
8:00,1.38997,1.39072,1.38937,1.38983,5065,2
9:00,1.3898,1.39063,1.38893,1.38954,7840,2
10:00,1.38953,1.39053,1.38739,1.38926,8812,2
11:00,1.38926,1.38969,1.38543,1.38705,8195,0
12:00,1.38705,1.3877,1.38609,1.3871,6681,0
13:00,1.38711,1.38711,1.38415,1.38475,7219,0
14:00,1.38474,1.38656,1.38467,1.38634,5936,0
15:00,1.38636,1.3893,1.37992,1.38325,16560,1
16:00,1.38325,1.38552,1.38239,1.38359,16194,1
17:00,1.38361,1.39722,1.3835,1.39588,19981,0
18:00,1.39587,1.39828,1.39406,1.39528,15316,0
19:00,1.39528,1.3983,1.39425,1.39767,11677,1
20:00,1.39767,1.40062,1.39734,1.39831,11428,1
21:00,1.39831,1.40004,1.39785,1.3985,9189,1
22:00,1.39852,1.40161,1.3984,1.40159,9102,2
23:00,1.40155,1.40156,1.39943,1.39975,4633,1
0:00,1.39963,1.40075,1.39947,1.4004,1191,0
1:00,1.40041,1.4016,1.39931,1.40137,3450,0
2:00,1.40139,1.40158,1.3998,1.4003,6285,0
3:00,1.4003,1.40208,1.4002,1.40071,7527,0
4:00,1.40071,1.40129,1.39994,1.40074,5903,0
5:00,1.40074,1.40143,1.40035,1.40131,4286,1
6:00,1.40132,1.40203,1.40091,1.40102,4836,1
7:00,1.40103,1.4017,1.4006,1.40138,4285,1
8:00,1.40138,1.40194,1.4006,1.40131,5606,1
9:00,1.40131,1.4058,1.40111,1.40527,13422,0
10:00,1.40527,1.4055,1.40363,1.40481,11807,0
11:00,1.40481,1.40767,1.40392,1.40597,8949,0
12:00,1.40597,1.40759,1.40461,1.406,8717,0
13:00,1.40601,1.4064,1.40367,1.4045,7730,1
14:00,1.40449,1.40694,1.40441,1.40638,8728,0
15:00,1.40638,1.40957,1.40599,1.40774,11440,0
16:00,1.40774,1.40931,1.40491,1.40927,11573,2
17:00,1.40927,1.40991,1.4047,1.40549,15484,0
18:00,1.4055,1.40758,1.40451,1.40607,11141,0
19:00,1.40609,1.40628,1.40221,1.4045,11319,1
20:00,1.40451,1.40754,1.40432,1.40733,8707,1
21:00,1.40734,1.40914,1.40725,1.40913,7150,0
22:00,1.40914,1.41033,1.40891,1.40981,7450,0
23:00,1.4098,1.41004,1.40865,1.40989,4130,0
0:00,1.4096,1.40992,1.40875,1.40898,2441,1
1:00,1.40899,1.41083,1.40897,1.41035,1756,1
2:00,1.41035,1.41067,1.4097,1.41011,4481,1
3:00,1.4101,1.41122,1.40982,1.41108,4116,1
4:00,1.41108,1.41237,1.41048,1.41219,7355,1
5:00,1.41219,1.41221,1.41121,1.41186,5295,1
6:00,1.41186,1.41442,1.41153,1.41365,9074,2
7:00,1.41365,1.41425,1.41293,1.41314,5368,2
8:00,1.41311,1.41409,1.41249,1.41279,4776,2
9:00,1.41279,1.4135,1.41134,1.41169,8454,0
10:00,1.41169,1.41335,1.41118,1.41186,10314,0
11:00,1.41189,1.41322,1.40968,1.40973,10113,2
12:00,1.40972,1.41023,1.40658,1.40672,10069,0
13:00,1.40673,1.40775,1.40575,1.40609,8297,2
14:00,1.40608,1.40615,1.40357,1.40474,9694,0
15:00,1.40474,1.40485,1.40244,1.40258,10908,0
16:00,1.40257,1.40481,1.40046,1.40377,13267,0
17:00,1.40374,1.40596,1.40273,1.40387,12660,0
18:00,1.40387,1.40726,1.40382,1.40516,10560,2
19:00,1.40516,1.40541,1.404,1.40432,7297,2
20:00,1.40433,1.40462,1.40096,1.40107,7608,0
21:00,1.40112,1.40229,1.3996,1.40205,9606,0
22:00,1.40205,1.40259,1.40103,1.4011,5087,1
23:00,1.40112,1.40321,1.40112,1.4031,3409,0
0:00,1.40128,1.4033,1.40128,1.40312,1356,0
1:00,1.40313,1.40372,1.40289,1.4031,3257,0
2:00,1.40309,1.40462,1.40286,1.40402,5547,0
3:00,1.40401,1.40489,1.40372,1.40479,5356,2
4:00,1.40479,1.40486,1.40422,1.40432,3670,2
5:00,1.40431,1.40459,1.40387,1.40388,4053,2
6:00,1.40388,1.4041,1.40284,1.40308,4459,2
7:00,1.40308,1.40359,1.40119,1.40155,5029,0
8:00,1.40155,1.40269,1.40123,1.40262,5329,2
9:00,1.40262,1.40325,1.3999,1.40118,8335,0
10:00,1.40118,1.40215,1.39921,1.39965,7697,1
11:00,1.39965,1.40219,1.3994,1.40157,6476,0
12:00,1.40157,1.4029,1.4007,1.40277,5939,2
13:00,1.40276,1.40304,1.40196,1.40245,6073,2
14:00,1.40244,1.40274,1.39984,1.40053,5740,2
15:00,1.40054,1.40079,1.39619,1.39628,9187,1
16:00,1.39628,1.39763,1.39582,1.39713,7166,1
17:00,1.39714,1.39966,1.39678,1.3993,7799,1
18:00,1.3993,1.40083,1.39859,1.40063,6275,0
19:00,1.40063,1.40211,1.39978,1.40126,4067,0
20:00,1.40127,1.40195,1.40043,1.40061,3162,0
21:00,1.40061,1.40108,1.40006,1.40018,4367,0
22:00,1.40018,1.40081,1.39963,1.39983,4874,0
23:00,1.3998,1.40011,1.39935,1.3996,4645,2
0:00,1.39965,1.40027,1.39941,1.39957,1862,2
1:00,1.39957,1.40036,1.39878,1.39914,2648,2
2:00,1.39916,1.39992,1.39892,1.39906,5006,2
3:00,1.39906,1.39936,1.3969,1.39771,7428,0
4:00,1.39772,1.39838,1.39717,1.39719,4569,0
5:00,1.39718,1.39751,1.39671,1.39721,3441,0
6:00,1.39722,1.39816,1.39702,1.39767,4428,2
7:00,1.39767,1.39837,1.39707,1.39753,3492,0
8:00,1.39753,1.39793,1.39644,1.397,5320,0
9:00,1.39698,1.39795,1.39377,1.39485,10091,0
10:00,1.39484,1.39665,1.39306,1.39544,9955,1
11:00,1.39544,1.40147,1.39473,1.40031,12505,2
12:00,1.40035,1.40097,1.39814,1.39901,9779,0
13:00,1.39901,1.39912,1.39644,1.39845,8330,0
14:00,1.39848,1.39954,1.39715,1.39929,7881,0
15:00,1.39931,1.40128,1.39674,1.39711,10603,1
16:00,1.39712,1.40125,1.39687,1.39842,11137,1
17:00,1.39842,1.40061,1.39748,1.40041,10654,0
18:00,1.40041,1.40228,1.39872,1.40196,9995,2
19:00,1.40197,1.40237,1.39993,1.40017,7526,2
20:00,1.40019,1.40039,1.39821,1.39896,6366,0
21:00,1.39897,1.39927,1.3982,1.39846,5261,0
22:00,1.39848,1.3994,1.39803,1.39907,5093,0
23:00,1.39907,1.3997,1.39896,1.39943,2561,0
0:00,1.3995,1.39958,1.39921,1.39953,866,0
1:00,1.39955,1.40007,1.39906,1.39981,2175,0
2:00,1.3998,1.40077,1.39935,1.39954,5556,0
3:00,1.39954,1.40006,1.39865,1.39981,5889,2
4:00,1.39978,1.40016,1.39843,1.39873,5022,0
5:00,1.39873,1.39928,1.39822,1.39876,5146,0
6:00,1.39875,1.39885,1.39796,1.39807,5192,0
7:00,1.39805,1.39809,1.39715,1.39774,4625,0
8:00,1.39773,1.39893,1.39762,1.39892,4298,0
9:00,1.39891,1.40001,1.39736,1.3977,7892,2
10:00,1.39764,1.39772,1.39478,1.39568,9147,0
11:00,1.39564,1.39729,1.39276,1.39681,9753,2
12:00,1.39681,1.39683,1.39318,1.39514,7672,0
13:00,1.39516,1.39525,1.39043,1.39247,8302,0
14:00,1.39245,1.39424,1.39169,1.39184,9979,0
15:00,1.39184,1.39273,1.39075,1.39241,10033,1
16:00,1.39241,1.3963,1.3921,1.39434,13833,1
17:00,1.39433,1.39903,1.3941,1.39779,13407,0
18:00,1.39778,1.3983,1.39336,1.39436,10168,0
19:00,1.39436,1.39681,1.39428,1.39661,6435,0
20:00,1.3966,1.39694,1.39564,1.39579,5531,0
21:00,1.39577,1.40079,1.39291,1.39345,19525,2
22:00,1.39342,1.39346,1.39057,1.39189,13121,2
23:00,1.39186,1.39279,1.39141,1.39166,4317,0
0:00,1.39168,1.39168,1.39043,1.39085,1666,0
1:00,1.39088,1.39138,1.39079,1.39095,2706,0
2:00,1.39095,1.39096,1.38967,1.39047,5000,0
3:00,1.39046,1.39138,1.38975,1.39124,7516,0
4:00,1.39123,1.39143,1.39073,1.39104,5596,2
5:00,1.39105,1.39111,1.39046,1.391,4372,2
6:00,1.39099,1.39136,1.39059,1.39066,3963,2
7:00,1.39066,1.39136,1.39039,1.39041,4451,0
8:00,1.39042,1.3907,1.38778,1.38834,5667,0
9:00,1.38834,1.38948,1.38687,1.38854,7907,0
10:00,1.38849,1.39163,1.38737,1.38961,10522,0
11:00,1.38954,1.39051,1.38741,1.38873,10959,0
12:00,1.38873,1.39013,1.38814,1.38869,7608,0
13:00,1.3887,1.3891,1.38562,1.38769,6817,1
14:00,1.3877,1.39108,1.3875,1.38821,11733,1
15:00,1.3882,1.39202,1.38758,1.39194,13570,0
16:00,1.39195,1.39583,1.39093,1.3932,12631,1
17:00,1.39322,1.39555,1.39244,1.3944,12334,0
18:00,1.39441,1.39469,1.39303,1.39376,10210,1
19:00,1.39375,1.3988,1.39371,1.39595,7520,0
20:00,1.39595,1.39694,1.39519,1.39553,7047,0
21:00,1.39553,1.39647,1.39528,1.39559,5736,0
22:00,1.39559,1.39612,1.39455,1.395,6698,0
23:00,1.39501,1.39583,1.39494,1.39539,3932,0
0:00,1.3954,1.39591,1.39517,1.39553,2372,0
1:00,1.39552,1.396,1.39492,1.39507,2992,0
2:00,1.39508,1.39562,1.39452,1.39556,4785,0
3:00,1.39556,1.39598,1.39445,1.39556,5359,0
4:00,1.39555,1.39566,1.39444,1.39546,4730,2
5:00,1.39543,1.39602,1.39442,1.39471,5533,2
6:00,1.39471,1.39545,1.39435,1.39475,4671,0
7:00,1.39477,1.39519,1.39392,1.39431,5004,0
8:00,1.3943,1.39488,1.39345,1.39366,5605,0
9:00,1.39366,1.39408,1.39235,1.39398,7093,0
10:00,1.39397,1.39941,1.39284,1.39865,10320,0
11:00,1.39865,1.3988,1.39606,1.3968,8354,0
12:00,1.3968,1.39869,1.3962,1.39704,7094,0
13:00,1.39705,1.39819,1.39041,1.39806,9663,0
14:00,1.39801,1.4,1.39735,1.39905,8082,0
15:00,1.39906,1.39954,1.39734,1.39813,8616,0
16:00,1.39813,1.39943,1.39609,1.39816,8631,0
17:00,1.39817,1.40049,1.39662,1.39722,11779,0
18:00,1.39724,1.39888,1.39593,1.39781,10035,0
19:00,1.3978,1.39843,1.39705,1.39816,6131,2
20:00,1.39816,1.39817,1.39622,1.39653,5039,1
21:00,1.39652,1.39701,1.3961,1.39684,4260,0
22:00,1.39683,1.39766,1.39628,1.39651,4978,1
23:00,1.39651,1.39712,1.39619,1.3969,4823,0
0:00,1.39853,1.39861,1.39637,1.39658,1597,1
1:00,1.39662,1.39723,1.39637,1.39687,3673,1
2:00,1.39688,1.39743,1.39635,1.39731,5816,1
3:00,1.39731,1.39867,1.39697,1.39813,7092,1
4:00,1.39813,1.40085,1.39812,1.40026,5865,1
5:00,1.40026,1.40053,1.39958,1.39971,4106,1
6:00,1.39971,1.40035,1.39928,1.40012,3190,1
7:00,1.40011,1.40182,1.40003,1.40178,5266,1
8:00,1.40177,1.4027,1.40137,1.40241,6741,0
9:00,1.40243,1.40449,1.40083,1.40328,10050,0
10:00,1.40327,1.40468,1.40227,1.40428,10012,0
11:00,1.40428,1.40693,1.40399,1.40611,8765,2
12:00,1.40612,1.40616,1.40463,1.40582,7630,2
13:00,1.40582,1.4067,1.40443,1.40461,7298,2
14:00,1.40462,1.40478,1.40226,1.40335,7789,0
15:00,1.40334,1.40474,1.39916,1.39925,9995,2
16:00,1.39927,1.39968,1.39505,1.39634,13172,2
17:00,1.39633,1.39665,1.39275,1.39378,14480,1
18:00,1.39378,1.39632,1.39345,1.39501,10805,0
19:00,1.39501,1.39663,1.39443,1.39651,7303,0
20:00,1.39652,1.3969,1.3956,1.39632,5281,0
21:00,1.39632,1.39674,1.3958,1.39669,4917,0
22:00,1.39668,1.39693,1.39606,1.39629,5314,0
23:00,1.39629,1.39725,1.39615,1.39655,2935,0
0:00,1.39678,1.3968,1.39603,1.39648,1200,0
1:00,1.3964,1.39657,1.3958,1.39614,2875,0
2:00,1.39617,1.39741,1.39607,1.39687,5942,0
3:00,1.39686,1.39734,1.39614,1.39687,5197,0
4:00,1.39687,1.39725,1.39657,1.39679,4170,0
5:00,1.39679,1.39681,1.39537,1.39563,5747,1
6:00,1.39563,1.39605,1.3952,1.39558,4107,1
7:00,1.39558,1.39646,1.39544,1.39621,3534,0
8:00,1.39622,1.39704,1.39548,1.39649,5215,0
9:00,1.39649,1.39858,1.396,1.39851,9300,0
10:00,1.39848,1.3996,1.39724,1.39814,9706,2
11:00,1.39814,1.39847,1.39494,1.39518,8868,0
12:00,1.39517,1.39719,1.39444,1.39647,8524,2
13:00,1.39646,1.39711,1.39446,1.39461,7096,2
14:00,1.3946,1.39509,1.39345,1.39372,7522,2
15:00,1.39372,1.39423,1.39102,1.39103,16017,0
16:00,1.39103,1.39239,1.389,1.3897,15081,0
17:00,1.3897,1.39053,1.3857,1.38789,16621,1
18:00,1.38789,1.39066,1.38719,1.39021,15196,0
19:00,1.3902,1.39316,1.38895,1.39238,11691,0
20:00,1.39238,1.39397,1.39212,1.3932,7778,2
21:00,1.39321,1.39338,1.39137,1.39154,6370,0
22:00,1.39155,1.39225,1.39028,1.39037,7621,0
23:00,1.39038,1.39112,1.39006,1.3909,3541,0
0:00,1.39074,1.39092,1.39047,1.3908,501,0
1:00,1.39079,1.39143,1.39024,1.39045,3371,0
2:00,1.39043,1.39104,1.38973,1.39026,5606,0
3:00,1.39027,1.39139,1.3901,1.39074,6695,0
4:00,1.39074,1.39109,1.38902,1.38937,5114,1
5:00,1.38937,1.3903,1.38892,1.38997,5305,0
6:00,1.38998,1.39029,1.38967,1.39015,2842,0
7:00,1.39015,1.39027,1.38956,1.39011,3586,0
8:00,1.39012,1.39158,1.38876,1.39084,5839,2
9:00,1.39083,1.39097,1.3894,1.38968,7754,0
10:00,1.38968,1.38973,1.38717,1.38946,9722,0
11:00,1.38946,1.39144,1.38823,1.38908,10829,2
12:00,1.38908,1.38963,1.38713,1.38748,9613,0
13:00,1.38746,1.38969,1.38314,1.38449,11939,2
14:00,1.38446,1.38451,1.38065,1.38205,12102,0
15:00,1.38206,1.38311,1.38076,1.38218,12121,0
16:00,1.38217,1.38344,1.38024,1.3808,13518,2
17:00,1.38082,1.38115,1.37707,1.378,16844,0
18:00,1.37801,1.38067,1.37741,1.37928,13540,2
19:00,1.37927,1.38019,1.37783,1.37843,9358,2
20:00,1.37841,1.37847,1.37766,1.37816,6753,2
21:00,1.37817,1.3789,1.37673,1.37701,6275,2
22:00,1.37702,1.37724,1.37563,1.37656,8510,2
23:00,1.37658,1.37706,1.37577,1.37589,3873,0
0:00,1.37569,1.37616,1.37523,1.37555,1355,0
1:00,1.37548,1.37575,1.37488,1.3754,2410,0
2:00,1.37539,1.37565,1.37437,1.37503,5183,0
3:00,1.37503,1.37527,1.37426,1.37516,5517,0
4:00,1.37516,1.37527,1.37419,1.37477,5388,1
5:00,1.37478,1.37588,1.37466,1.37568,4190,0
6:00,1.37568,1.37599,1.37453,1.3749,4349,1
7:00,1.37491,1.37548,1.37485,1.37529,3885,0
8:00,1.3753,1.37695,1.37487,1.37671,5033,2
9:00,1.37673,1.37699,1.37464,1.3749,8841,0
10:00,1.3749,1.37691,1.37441,1.37666,10012,2
11:00,1.37665,1.37668,1.37389,1.37397,10075,0
12:00,1.37395,1.37527,1.37266,1.37407,9143,1
13:00,1.37408,1.37523,1.37315,1.37448,7796,0
14:00,1.37449,1.37561,1.37366,1.37416,10393,0
15:00,1.37418,1.37737,1.37395,1.3772,10994,2
16:00,1.37719,1.37783,1.37371,1.37371,13841,0
17:00,1.37381,1.37623,1.37144,1.37198,17968,1
18:00,1.37199,1.37586,1.37112,1.37523,15015,0
19:00,1.37521,1.37568,1.37281,1.37346,12367,0
20:00,1.37346,1.37376,1.37144,1.37249,11833,1
21:00,1.3725,1.37729,1.37226,1.37681,16430,0
22:00,1.3768,1.37845,1.37556,1.37741,12712,0
23:00,1.3774,1.37812,1.37731,1.37748,5045,0
0:00,1.37737,1.3779,1.37697,1.37768,1360,0
1:00,1.37769,1.37772,1.37688,1.37746,2661,0
2:00,1.37743,1.37811,1.37656,1.37781,5293,0
3:00,1.37781,1.37927,1.37725,1.37871,6154,0
4:00,1.37872,1.37894,1.37771,1.37801,6561,0
5:00,1.37799,1.37863,1.37773,1.37847,4744,2
6:00,1.37848,1.37911,1.37817,1.37817,3913,0
7:00,1.37818,1.37925,1.37773,1.37892,4939,2
8:00,1.37893,1.37906,1.37751,1.37784,6174,0
9:00,1.37785,1.3783,1.37607,1.37689,10106,0
10:00,1.37689,1.37808,1.37549,1.37803,10787,0
11:00,1.37806,1.37877,1.3771,1.37728,9146,0
12:00,1.37727,1.37902,1.37602,1.37902,10497,0
13:00,1.37901,1.38085,1.37833,1.3788,13277,0
14:00,1.37877,1.3816,1.37827,1.37866,11913,0
15:00,1.37865,1.38016,1.37587,1.37899,12885,2
16:00,1.37895,1.37933,1.37603,1.37704,15211,0
17:00,1.37701,1.37944,1.37644,1.37685,16055,0
18:00,1.37684,1.37813,1.37617,1.37681,13899,0
19:00,1.37683,1.3772,1.37562,1.37712,10525,1
20:00,1.37711,1.37776,1.3763,1.37775,8056,1
21:00,1.37774,1.37896,1.3775,1.37893,7110,0
22:00,1.37894,1.37928,1.37817,1.37896,7592,0
23:00,1.37895,1.38032,1.37881,1.37978,4951,0
0:00,1.37895,1.38137,1.37894,1.38038,4327,2
1:00,1.38037,1.38124,1.37772,1.37942,5830,0
2:00,1.37941,1.38055,1.37927,1.38005,5486,0
3:00,1.38005,1.38069,1.37955,1.37963,4438,0
4:00,1.37963,1.37963,1.37836,1.37875,4229,0
5:00,1.37875,1.37935,1.37806,1.37928,3808,2
6:00,1.37928,1.37936,1.37865,1.37928,4003,0
7:00,1.37927,1.38001,1.3786,1.37897,4686,0
8:00,1.37897,1.37952,1.37801,1.37824,6142,0
9:00,1.37826,1.37905,1.37671,1.37686,13470,1
10:00,1.37686,1.38164,1.3766,1.38057,14168,0
11:00,1.38056,1.38225,1.3784,1.38158,11289,0
12:00,1.38157,1.38345,1.38103,1.38214,10581,2
13:00,1.38215,1.38259,1.3806,1.38158,10831,0
14:00,1.38159,1.38223,1.38045,1.38106,9970,0
15:00,1.38106,1.38187,1.38026,1.38028,10064,1
16:00,1.38028,1.38207,1.37978,1.38172,12494,0
17:00,1.38172,1.38593,1.3806,1.38466,15468,0
18:00,1.38466,1.38768,1.38405,1.38544,13335,2
19:00,1.38543,1.38588,1.38429,1.38451,8922,2
20:00,1.38451,1.38526,1.3822,1.38327,7739,0
21:00,1.38327,1.38414,1.3824,1.38302,7279,1
22:00,1.38301,1.38462,1.383,1.38457,7209,0
23:00,1.38458,1.3848,1.38425,1.38475,3695,0
0:00,1.38482,1.38491,1.38408,1.38429,1147,0
1:00,1.38431,1.38517,1.38422,1.38483,4766,0
2:00,1.38485,1.38604,1.38455,1.38536,5242,0
3:00,1.38537,1.38622,1.38528,1.38531,6015,0
4:00,1.3853,1.38558,1.38418,1.38441,3831,0
5:00,1.3844,1.38513,1.38412,1.38438,4610,2
6:00,1.38439,1.38466,1.38383,1.38385,3969,0
7:00,1.38385,1.38474,1.38361,1.38452,4280,2
8:00,1.38452,1.38503,1.38277,1.38301,5534,0
9:00,1.38302,1.38364,1.38161,1.38244,8716,1
10:00,1.38243,1.38427,1.38159,1.38248,9119,1
11:00,1.38247,1.38535,1.38231,1.38484,8644,1
12:00,1.38484,1.38604,1.38425,1.3853,8260,1
13:00,1.38529,1.38988,1.38528,1.38967,14036,0
14:00,1.38967,1.39169,1.3894,1.39131,10412,0
15:00,1.39134,1.39288,1.38974,1.39052,11681,0
16:00,1.39052,1.39158,1.38878,1.38973,14983,2
17:00,1.38977,1.38999,1.38799,1.3882,14109,0
18:00,1.38821,1.3897,1.38727,1.38858,12627,0
19:00,1.38856,1.38887,1.38706,1.38782,9058,1
20:00,1.38781,1.38965,1.3878,1.38919,7795,0
21:00,1.38918,1.38997,1.38869,1.38877,6648,0
22:00,1.38877,1.38892,1.38821,1.38877,6380,0
23:00,1.38876,1.38917,1.38862,1.38874,2960,0
0:00,1.38874,1.39022,1.38833,1.38956,4133,0
1:00,1.38967,1.39063,1.38923,1.38985,6397,0
2:00,1.38982,1.39036,1.38927,1.38948,7631,0
3:00,1.38948,1.39001,1.38901,1.38925,6585,0
4:00,1.38925,1.38941,1.38842,1.38909,6712,1
5:00,1.38909,1.38948,1.38876,1.38917,6889,0
6:00,1.38917,1.38968,1.38907,1.38919,5017,0
7:00,1.38919,1.38958,1.38815,1.38829,5874,0
8:00,1.38829,1.39116,1.38827,1.39003,7773,2
9:00,1.39004,1.39011,1.38726,1.38736,10051,0
10:00,1.38737,1.38791,1.38677,1.38713,7845,0
11:00,1.38712,1.38787,1.38456,1.38642,9974,0
12:00,1.38641,1.38884,1.38597,1.38754,10941,0
13:00,1.38754,1.38762,1.38558,1.38561,8760,1
14:00,1.38558,1.3877,1.38524,1.3873,10242,0
15:00,1.38733,1.38819,1.38536,1.38808,13198,0
16:00,1.38808,1.39001,1.38728,1.38829,12045,0
17:00,1.3883,1.38999,1.38658,1.38942,15129,2
18:00,1.38941,1.38961,1.38789,1.38855,10942,0
19:00,1.38856,1.38874,1.3874,1.38863,9995,0
20:00,1.38862,1.38966,1.38818,1.38913,7473,0
21:00,1.38912,1.3901,1.38864,1.38959,7081,0
22:00,1.38958,1.39059,1.38927,1.39038,7736,0
23:00,1.39038,1.39058,1.38995,1.39042,3925,0
0:00,1.38966,1.39041,1.38963,1.39005,1864,0
1:00,1.39005,1.39053,1.38969,1.39036,3697,0
2:00,1.39036,1.39072,1.38996,1.39031,4656,0
3:00,1.39029,1.39054,1.38962,1.39038,4826,0
4:00,1.39038,1.39077,1.38996,1.39029,4027,0
5:00,1.39029,1.3906,1.38986,1.39058,5193,2
6:00,1.39058,1.39088,1.39006,1.39026,3404,2
7:00,1.39026,1.39042,1.38982,1.38996,4888,2
8:00,1.38994,1.39028,1.3887,1.38896,5532,0
9:00,1.38896,1.39092,1.38842,1.39059,8167,2
10:00,1.39058,1.39067,1.38821,1.38841,11050,0
11:00,1.38841,1.38867,1.38608,1.38622,10777,0
12:00,1.38623,1.38846,1.38592,1.38727,7724,0
13:00,1.38727,1.38779,1.38519,1.38621,7067,0
14:00,1.38621,1.38979,1.38593,1.3875,11514,0
15:00,1.38751,1.38973,1.38722,1.38851,17499,2
16:00,1.38852,1.38878,1.38607,1.38625,16662,2
17:00,1.38624,1.38647,1.3823,1.38282,15498,2
18:00,1.38282,1.38354,1.38122,1.38225,12502,2
19:00,1.38225,1.38255,1.38078,1.38145,8681,2
20:00,1.38143,1.38175,1.38043,1.38125,7400,2
21:00,1.38126,1.38202,1.37809,1.37976,9500,0
22:00,1.37976,1.38153,1.37956,1.38141,9093,0
23:00,1.38141,1.38163,1.38076,1.3812,5240,2
0:00,1.38077,1.38147,1.38068,1.38129,1541,2
1:00,1.38133,1.38146,1.38015,1.3803,5025,0
2:00,1.38029,1.38068,1.37979,1.37995,6293,0
3:00,1.37995,1.38015,1.37875,1.37948,7418,0
4:00,1.37948,1.3803,1.37915,1.38029,4018,0
5:00,1.38029,1.38059,1.37993,1.3804,4913,0
6:00,1.3804,1.38067,1.37932,1.37998,5775,1
7:00,1.37998,1.38072,1.37986,1.38062,4542,1
8:00,1.38062,1.38091,1.38017,1.38038,4816,1
9:00,1.38037,1.3821,1.37964,1.38204,8159,0
10:00,1.38205,1.38304,1.38022,1.38131,9131,0
11:00,1.38132,1.38187,1.38009,1.38105,9258,1
12:00,1.38109,1.38186,1.38016,1.38135,8504,1
13:00,1.38134,1.38241,1.38046,1.38226,7380,0
14:00,1.38225,1.38332,1.38193,1.38308,9972,0
15:00,1.38307,1.38473,1.38114,1.38381,17075,1
16:00,1.38381,1.38615,1.38332,1.38591,16294,0
17:00,1.38593,1.38885,1.38535,1.38669,14404,0
18:00,1.38669,1.38743,1.38608,1.38612,10862,2
19:00,1.38612,1.38697,1.38482,1.38515,7983,0
20:00,1.38515,1.38605,1.38483,1.385,5336,0
21:00,1.38501,1.38565,1.38476,1.38476,5276,0
22:00,1.38475,1.38508,1.38407,1.38461,7111,0
23:00,1.3846,1.3854,1.38431,1.38486,3717,0
0:00,1.38508,1.38566,1.38504,1.38525,1592,0
1:00,1.38525,1.3857,1.38506,1.38548,2580,0
2:00,1.38548,1.38582,1.38526,1.38557,3093,0
3:00,1.38557,1.38628,1.38518,1.38614,4979,0
4:00,1.38614,1.38638,1.38551,1.38589,3614,0
5:00,1.38589,1.38603,1.38554,1.38592,2619,0
6:00,1.38591,1.38617,1.3855,1.38603,3956,1
7:00,1.38603,1.38605,1.38547,1.38576,6165,1
8:00,1.38577,1.38623,1.38537,1.38623,4388,0
9:00,1.3862,1.38744,1.38544,1.38697,7107,0
10:00,1.38698,1.38808,1.38648,1.38766,8964,0
11:00,1.38767,1.38791,1.38543,1.3855,7670,0
12:00,1.38548,1.38631,1.38522,1.38609,6854,0
13:00,1.38607,1.3862,1.38404,1.3853,7690,1
14:00,1.38531,1.38957,1.38521,1.38927,9943,0
15:00,1.38928,1.39029,1.38834,1.38995,8661,0
16:00,1.38996,1.39052,1.38796,1.38943,10882,0
17:00,1.38944,1.39056,1.3886,1.38966,10411,0
18:00,1.38966,1.39001,1.38816,1.38911,8224,1
19:00,1.3891,1.3904,1.38851,1.38993,5512,0
20:00,1.38993,1.3917,1.38969,1.39066,7018,0
21:00,1.39063,1.3911,1.39009,1.3908,4784,0
22:00,1.39081,1.391,1.39006,1.39045,2915,0
23:00,1.39048,1.39068,1.39022,1.39038,1014,0
0:00,1.39036,1.39051,1.39019,1.39031,1754,0
1:00,1.39031,1.39069,1.39016,1.39041,1986,0
2:00,1.39041,1.39119,1.39028,1.39062,4242,0
3:00,1.39066,1.39091,1.39001,1.39041,3241,0
4:00,1.39042,1.39085,1.3898,1.38992,5168,0
5:00,1.38992,1.39019,1.3898,1.3899,4765,2
6:00,1.3899,1.39001,1.38887,1.389,4710,0
7:00,1.38899,1.38924,1.38868,1.389,3490,0
8:00,1.38902,1.38963,1.38794,1.38841,5368,0
9:00,1.3884,1.38935,1.38783,1.38892,6959,0
10:00,1.38892,1.38971,1.3885,1.38902,7563,0
11:00,1.389,1.38978,1.38738,1.38817,7349,1
12:00,1.38818,1.39019,1.38792,1.38932,6984,1
13:00,1.38933,1.38953,1.38837,1.38898,6979,1
14:00,1.38899,1.39618,1.38892,1.39503,13281,0
15:00,1.39503,1.39698,1.39488,1.39605,13539,0
16:00,1.39609,1.39734,1.39396,1.39675,14532,0
17:00,1.39676,1.39877,1.39516,1.39859,13129,2
18:00,1.39859,1.39928,1.39696,1.39883,11704,2
19:00,1.39885,1.39936,1.3966,1.39706,10156,0
20:00,1.39705,1.39793,1.39686,1.39735,6360,0
21:00,1.39735,1.3977,1.39574,1.39575,9103,0
22:00,1.39576,1.39668,1.39575,1.39611,3993,1
23:00,1.39629,1.39682,1.39569,1.39625,2593,1
0:00,1.39641,1.39694,1.39613,1.3969,2023,1
1:00,1.3969,1.39717,1.39658,1.3971,2619,1
2:00,1.39708,1.39812,1.39687,1.39756,4605,0
3:00,1.39757,1.39935,1.39742,1.39908,5461,0
4:00,1.39907,1.39952,1.39867,1.39922,5393,2
5:00,1.39922,1.39928,1.39775,1.39835,3804,2
6:00,1.39834,1.39893,1.39799,1.39873,3123,2
7:00,1.39874,1.39924,1.39728,1.39751,4106,2
8:00,1.39751,1.39786,1.39679,1.39722,5741,2
9:00,1.39723,1.39736,1.39537,1.39594,6798,0
10:00,1.39594,1.39666,1.39403,1.39533,11834,0
11:00,1.39533,1.39638,1.39432,1.39493,8699,1
12:00,1.39494,1.39675,1.39471,1.39629,7526,0
13:00,1.39629,1.3978,1.39547,1.39771,8879,0
14:00,1.39768,1.39908,1.39563,1.39564,11004,0
15:00,1.39566,1.39757,1.39468,1.39658,12014,0
16:00,1.39663,1.39698,1.39534,1.39609,11964,0
17:00,1.39609,1.39668,1.39247,1.39445,13203,1
18:00,1.39447,1.39631,1.39438,1.39574,11129,0
19:00,1.39575,1.39771,1.39524,1.39734,6598,0
20:00,1.39734,1.39772,1.39671,1.39736,6989,0
21:00,1.39735,1.39738,1.39644,1.39675,5700,0
22:00,1.39676,1.39707,1.3961,1.39615,4360,0
23:00,1.39618,1.39646,1.39579,1.39639,1029,0
0:00,1.39633,1.39644,1.39599,1.39627,2570,0
1:00,1.39627,1.39718,1.39616,1.39688,2990,0
2:00,1.39688,1.39742,1.39674,1.39734,5329,0
3:00,1.39733,1.39762,1.39676,1.39689,5351,0
4:00,1.39691,1.39772,1.39685,1.39759,4310,0
5:00,1.39761,1.39835,1.39728,1.3982,4181,0
6:00,1.39819,1.3985,1.39794,1.39828,3593,2
7:00,1.39829,1.3984,1.39684,1.39728,5311,0
8:00,1.39728,1.39835,1.39681,1.39729,5286,0
9:00,1.39728,1.39882,1.39724,1.39755,8418,2
10:00,1.39756,1.39853,1.39613,1.39613,8703,2
11:00,1.39615,1.39641,1.3921,1.39386,10861,0
12:00,1.39386,1.39492,1.39288,1.3934,8999,0
13:00,1.3934,1.39404,1.39238,1.3928,9139,1
14:00,1.3928,1.39427,1.39276,1.39349,11198,0
15:00,1.3935,1.39715,1.39285,1.39567,12380,0
16:00,1.39563,1.39869,1.39545,1.39805,13809,2
17:00,1.39805,1.39869,1.39431,1.39467,13811,0
18:00,1.39467,1.39521,1.39247,1.3941,11009,0
19:00,1.39409,1.39651,1.39381,1.39641,9061,2
20:00,1.3964,1.39641,1.39272,1.39321,7970,0
21:00,1.39318,1.39409,1.39266,1.39366,5471,0
22:00,1.39365,1.39392,1.39307,1.39349,4897,0
23:00,1.39339,1.39393,1.39334,1.3937,1657,2
0:00,1.3937,1.39385,1.39341,1.39351,3775,2
1:00,1.39352,1.39364,1.39321,1.39361,2214,2
2:00,1.39361,1.3938,1.39259,1.39271,4378,0
3:00,1.3927,1.39288,1.39104,1.39255,5830,0
4:00,1.39255,1.39315,1.39239,1.39243,5318,1
5:00,1.39242,1.39331,1.39238,1.39281,4061,1
6:00,1.3928,1.39341,1.39268,1.39298,3695,1
7:00,1.39299,1.39359,1.39263,1.39343,3745,1
8:00,1.39343,1.39523,1.3933,1.39478,5627,0
9:00,1.39477,1.39538,1.39333,1.39382,7732,1
10:00,1.39383,1.39731,1.39304,1.39681,9197,0
11:00,1.39682,1.398,1.39649,1.39663,8048,2
12:00,1.39663,1.3971,1.39556,1.39602,8622,0
13:00,1.39602,1.39674,1.39537,1.3967,7875,2
14:00,1.3967,1.39741,1.39567,1.39568,9727,2
15:00,1.39568,1.39581,1.39258,1.39328,13696,2
16:00,1.39326,1.39348,1.3892,1.38943,12810,1
17:00,1.38942,1.39213,1.38889,1.39168,13039,1
18:00,1.39167,1.39359,1.39134,1.39358,9739,0
19:00,1.39357,1.3939,1.39298,1.39376,6837,0
20:00,1.39374,1.39452,1.39328,1.3937,6057,0
21:00,1.3937,1.39446,1.39365,1.39432,5124,0
22:00,1.39431,1.39488,1.39369,1.39428,5206,0
0:00,1.39414,1.39483,1.39404,1.39431,1686,0
1:00,1.39432,1.39457,1.39397,1.39428,2751,0
2:00,1.39425,1.39427,1.39328,1.39338,5249,2
3:00,1.39335,1.39339,1.39248,1.3928,6399,0
4:00,1.3928,1.39347,1.39234,1.3929,5747,0
5:00,1.3929,1.39343,1.39285,1.39293,4601,0
6:00,1.39293,1.39294,1.3913,1.3914,4987,1
7:00,1.39139,1.39199,1.39123,1.39182,5010,1
8:00,1.39183,1.39248,1.39164,1.39215,5678,1
9:00,1.39215,1.39324,1.39199,1.39228,10274,1
10:00,1.39227,1.39504,1.39211,1.39457,11626,1
11:00,1.39457,1.39834,1.39427,1.39732,11349,1
12:00,1.3973,1.40454,1.39727,1.4023,14922,0
13:00,1.40232,1.40463,1.40102,1.40455,12106,0
14:00,1.40455,1.40876,1.40419,1.40649,15367,2
15:00,1.40649,1.40677,1.40463,1.40606,12743,2
16:00,1.40608,1.40678,1.40331,1.40417,11638,2
17:00,1.40417,1.40442,1.40176,1.40279,13416,1
18:00,1.40277,1.4042,1.40253,1.40375,11588,0
19:00,1.40376,1.40512,1.40369,1.4046,6772,2
20:00,1.4046,1.40514,1.4032,1.40495,6891,2
21:00,1.40496,1.40499,1.40283,1.40287,7966,0
22:00,1.40287,1.40343,1.40215,1.40234,3456,0
23:00,1.40247,1.40279,1.40216,1.40251,1235,1
0:00,1.40247,1.40274,1.40215,1.40237,2734,1
1:00,1.40236,1.4028,1.40225,1.4024,3015,1
2:00,1.40241,1.40334,1.40191,1.40328,4732,0
3:00,1.40328,1.40476,1.40309,1.40402,5121,0
4:00,1.40401,1.4042,1.40338,1.40356,3185,0
5:00,1.40356,1.40386,1.40329,1.40376,3067,0
6:00,1.40375,1.40375,1.40244,1.40254,3348,1
7:00,1.40254,1.40288,1.40204,1.40267,3432,1
8:00,1.40268,1.40475,1.40262,1.40428,5531,0
9:00,1.40428,1.40593,1.40342,1.40505,10005,0
10:00,1.40505,1.40643,1.40465,1.40638,11454,2
11:00,1.40638,1.40659,1.40178,1.40279,11718,2
12:00,1.4028,1.40347,1.4019,1.40209,8717,2
13:00,1.40209,1.40209,1.40043,1.401,9377,2
14:00,1.40097,1.40116,1.39847,1.39893,11710,1
15:00,1.39891,1.40058,1.39864,1.39894,13204,1
16:00,1.39896,1.40106,1.39821,1.40099,12741,2
17:00,1.40098,1.40191,1.40027,1.401,12635,2
18:00,1.40099,1.40196,1.39833,1.39912,11332,0
19:00,1.39911,1.4011,1.39908,1.4007,7569,0
20:00,1.40072,1.40101,1.39976,1.39994,5634,0
21:00,1.39995,1.40089,1.3995,1.3997,5571,0
22:00,1.3997,1.40011,1.39919,1.39979,3850,0
23:00,1.39967,1.40009,1.39961,1.40003,1155,0
0:00,1.40003,1.4003,1.39975,1.40006,1651,0
1:00,1.40006,1.40045,1.39988,1.40033,2276,0
2:00,1.40034,1.40123,1.40012,1.40092,3718,0
3:00,1.40092,1.4013,1.40021,1.40086,4825,0
4:00,1.40085,1.40091,1.40011,1.40064,4476,0
5:00,1.40064,1.4017,1.4006,1.40121,3263,0
6:00,1.40122,1.40178,1.40104,1.40146,2314,0
7:00,1.40147,1.40162,1.40081,1.40083,2630,1
8:00,1.40083,1.40132,1.40025,1.40103,4168,1
9:00,1.40103,1.40308,1.40103,1.40259,8483,1
10:00,1.40259,1.40424,1.40217,1.40312,9737,0
11:00,1.40313,1.40746,1.40174,1.40579,12623,0
12:00,1.40581,1.40746,1.40553,1.40556,10573,0
13:00,1.40557,1.40654,1.40427,1.40472,11552,1
14:00,1.40473,1.40597,1.40413,1.40538,12461,1
15:00,1.4054,1.40732,1.40477,1.40669,12560,0
16:00,1.4067,1.40781,1.40586,1.40734,10160,0
17:00,1.40734,1.40745,1.40601,1.40635,11584,1
18:00,1.40635,1.40694,1.40562,1.40685,10294,0
19:00,1.40686,1.40844,1.40609,1.40759,9500,0
20:00,1.40768,1.41337,1.40578,1.41303,24535,0
21:00,1.41302,1.41496,1.41282,1.41474,16271,0
22:00,1.41475,1.41502,1.41397,1.414,6157,1
23:00,1.41382,1.41445,1.41324,1.41372,1833,1
0:00,1.41372,1.41406,1.41361,1.41378,1623,1
1:00,1.41379,1.41437,1.41373,1.41424,2710,1
2:00,1.41423,1.41696,1.41406,1.41692,7463,0
3:00,1.41691,1.41699,1.41604,1.41628,5234,0
4:00,1.41628,1.41667,1.41576,1.41594,4811,0
5:00,1.41595,1.41635,1.41544,1.41618,3814,0
6:00,1.41617,1.41636,1.41547,1.41553,3000,0
7:00,1.41552,1.41583,1.41443,1.41444,4380,1
8:00,1.41445,1.4151,1.41397,1.41482,5589,0
9:00,1.41483,1.41776,1.41473,1.41623,11359,0
10:00,1.41627,1.41749,1.41532,1.41675,12684,0
11:00,1.41674,1.41799,1.41393,1.41394,13546,0
12:00,1.41396,1.41506,1.41325,1.41485,10950,0
13:00,1.41484,1.41687,1.41443,1.41572,11903,0
14:00,1.41575,1.42162,1.41271,1.4128,18597,2
15:00,1.41279,1.4134,1.41072,1.41222,16011,2
16:00,1.41221,1.41301,1.40926,1.41016,15423,0
17:00,1.41017,1.41061,1.40753,1.40974,14817,0
18:00,1.40974,1.41158,1.40808,1.41039,16729,0
19:00,1.4104,1.4117,1.40927,1.41031,11209,0
20:00,1.41032,1.41181,1.41002,1.41099,8455,0
21:00,1.41096,1.41175,1.41044,1.411,10707,0
22:00,1.411,1.41113,1.40946,1.40946,5060,1
23:00,1.40956,1.41082,1.40948,1.40994,3233,1
0:00,1.40992,1.41137,1.40992,1.4113,3807,0
1:00,1.4113,1.41143,1.41038,1.41117,4594,0
2:00,1.41118,1.41223,1.41042,1.41218,8054,0
3:00,1.41217,1.41224,1.41106,1.41175,6214,0
4:00,1.41175,1.41223,1.41117,1.41125,5662,0
5:00,1.41125,1.41204,1.41081,1.41172,4243,2
6:00,1.41174,1.41191,1.41139,1.41157,3380,0
7:00,1.41154,1.41165,1.41088,1.41098,3134,0
8:00,1.411,1.41258,1.41096,1.41157,6595,2
9:00,1.41158,1.41217,1.40968,1.41003,10821,0
10:00,1.41004,1.4118,1.40943,1.41038,13595,0
11:00,1.4104,1.41061,1.40874,1.40929,10665,1
12:00,1.40932,1.4103,1.40845,1.41018,9385,1
13:00,1.41018,1.41223,1.41003,1.4118,11898,1
14:00,1.41177,1.41487,1.41177,1.41327,14595,1
15:00,1.41328,1.41529,1.41323,1.41483,13884,1
16:00,1.41482,1.41713,1.4148,1.41613,14454,2
17:00,1.41611,1.41646,1.41386,1.41476,12535,0
18:00,1.41477,1.41542,1.41422,1.41473,11041,0
19:00,1.41476,1.41566,1.41412,1.41507,8208,2
20:00,1.41507,1.41525,1.41384,1.41438,7774,0
21:00,1.4144,1.41464,1.41354,1.41376,10448,0
22:00,1.41378,1.41389,1.41288,1.41297,6057,1
0:00,1.41319,1.41496,1.41298,1.41476,1016,0
1:00,1.41476,1.41571,1.41453,1.41523,1881,0
2:00,1.41523,1.41549,1.41453,1.41471,2651,1
3:00,1.41472,1.41612,1.41445,1.41604,4867,0
4:00,1.41603,1.41624,1.41546,1.41622,3662,0
5:00,1.41622,1.41637,1.41591,1.41624,2617,0
6:00,1.41625,1.41709,1.41623,1.41642,3143,0
7:00,1.41643,1.41672,1.41589,1.4159,2241,1
8:00,1.41591,1.41606,1.41514,1.41526,3036,1
9:00,1.41525,1.4167,1.41516,1.4162,6940,1
10:00,1.41619,1.41941,1.41556,1.41893,10059,0
11:00,1.41892,1.41984,1.41781,1.41949,8478,1
12:00,1.41949,1.42227,1.41937,1.42155,8467,0
13:00,1.42155,1.42289,1.42102,1.42226,8212,0
14:00,1.42226,1.42339,1.42164,1.42262,8901,0
15:00,1.42262,1.42286,1.41933,1.41934,9894,1
16:00,1.41934,1.42139,1.41894,1.42055,13602,0
17:00,1.42056,1.42321,1.41935,1.42225,13210,1
18:00,1.42224,1.4244,1.42183,1.42356,11870,0
19:00,1.42356,1.4236,1.42207,1.42218,9633,0
20:00,1.42217,1.42326,1.42217,1.42289,7453,0
21:00,1.42289,1.42348,1.42247,1.42252,7329,0
22:00,1.42252,1.42327,1.42232,1.42279,7411,0
23:00,1.42279,1.42315,1.42256,1.42299,3247,0
0:00,1.4228,1.42302,1.42244,1.42277,1349,0
1:00,1.42277,1.4234,1.42276,1.42334,2995,0
2:00,1.42333,1.42381,1.42311,1.4237,2449,0
3:00,1.4237,1.42381,1.4227,1.42304,5272,0
4:00,1.42305,1.42344,1.4223,1.42232,4522,0
5:00,1.42234,1.42311,1.42222,1.42277,4247,0
6:00,1.42277,1.42366,1.42274,1.42341,3928,2
7:00,1.42339,1.42364,1.42296,1.4231,4123,0
8:00,1.42312,1.42323,1.42248,1.42302,3676,0
9:00,1.42303,1.42436,1.42236,1.42378,7940,2
10:00,1.42377,1.42432,1.41809,1.41823,12471,2
11:00,1.41817,1.41841,1.41469,1.41478,11869,2
12:00,1.41478,1.41562,1.41239,1.4126,10024,0
13:00,1.4126,1.41364,1.41075,1.41115,8419,0
14:00,1.41112,1.41155,1.40898,1.40915,11085,0
15:00,1.40914,1.41166,1.40654,1.41151,12948,1
16:00,1.41152,1.41496,1.41111,1.41478,13753,0
17:00,1.41479,1.41603,1.41342,1.41423,15105,1
18:00,1.41424,1.41631,1.41344,1.41562,10913,0
19:00,1.41562,1.4173,1.41522,1.41681,7285,2
20:00,1.41681,1.41725,1.41556,1.41609,8040,0
21:00,1.41609,1.41631,1.41519,1.4152,7630,0
22:00,1.4152,1.41567,1.41476,1.41515,10710,1
23:00,1.41514,1.41607,1.41514,1.41579,3112,1
0:00,1.41513,1.4164,1.4151,1.41611,2781,1
1:00,1.4161,1.41654,1.416,1.41646,3758,1
2:00,1.41646,1.41843,1.4163,1.41757,3714,0
3:00,1.41757,1.4182,1.41728,1.41759,4862,0
4:00,1.4176,1.41837,1.4173,1.41803,6010,0
5:00,1.41803,1.41888,1.41785,1.41859,3595,0
6:00,1.4186,1.41893,1.41824,1.41891,2955,0
7:00,1.4189,1.41914,1.41817,1.41896,3666,0
8:00,1.41895,1.41996,1.41858,1.41919,5987,2
9:00,1.41916,1.41983,1.41676,1.41771,9699,2
