field,graduationYear,loanAmount,selectiveCollege,sex,Default
STEM,2006,23159.580541329404,0,Male,No
HUMANITIES,2010,47498.061207041384,0,Male,Yes
HUMANITIES,2012,29637.519526112945,0,Female,No
STEM,2008,25369.577158653992,1,Female,No
BUSINESS,2013,42398.55457352316,0,Male,Yes
HUMANITIES,2012,39253.38425947692,1,Female,Yes
STEM,2005,48903.96685083156,1,Male,No
STEM,2007,30687.019114359813,1,Male,No
STEM,2005,31999.816866264042,0,Male,No
HUMANITIES,2005,45120.419947729264,0,Female,Yes
HUMANITIES,2010,45361.04660111097,0,Female,Yes
STEM,2011,43964.542940202344,0,Male,No
HUMANITIES,2005,34951.636119273004,1,Female,Yes
STEM,2005,38592.2330620692,0,Male,No
HUMANITIES,2011,57839.423435927296,1,Male,Yes
HUMANITIES,2009,36271.031144523426,0,Female,Yes
STEM,2014,37824.208252545875,0,Male,No
STEM,2010,35670.221758406115,0,Male,No
HUMANITIES,2012,41279.54629916999,0,Female,Yes
STEM,2011,27487.58605002578,1,Female,No
BUSINESS,2006,48087.34625092958,0,Male,No
HUMANITIES,2009,41454.52126357209,0,Female,No
HUMANITIES,2008,41053.16566171373,0,Female,No
BUSINESS,2011,41744.16200136058,0,Female,Yes
HUMANITIES,2011,46151.765748548445,0,Male,No
STEM,2007,39444.734102357965,0,Male,No
STEM,2006,48911.736990630685,0,Male,No
STEM,2011,31393.341678495017,0,Male,No
HUMANITIES,2012,31454.16422457401,0,Male,Yes
BUSINESS,2013,43869.009430462436,0,Female,Yes
STEM,2005,40487.9518473924,0,Male,No
STEM,2010,33587.7036958434,0,Male,No
HUMANITIES,2006,35881.93486681262,1,Male,Yes
BUSINESS,2012,44019.562584479485,0,Female,No
BUSINESS,2005,42308.64803302512,0,Female,No
STEM,2009,26954.885692082484,0,Male,No
STEM,2013,45271.898854861895,0,Male,No
STEM,2007,26307.088247034553,1,Female,No
HUMANITIES,2008,47828.78387070194,0,Female,Yes
STEM,2011,38454.71004041834,0,Female,No
STEM,2013,21883.122918672634,1,Male,No
HUMANITIES,2012,40516.743784645296,0,Female,Yes
BUSINESS,2007,39817.52098191489,0,Male,No
STEM,2005,52714.44792926575,0,Male,No
HUMANITIES,2011,34715.14285731612,0,Female,Yes
BUSINESS,2013,30839.717980583056,1,Female,No
STEM,2007,37738.955182178404,0,Female,No
BUSINESS,2006,42487.99639672292,0,Female,No
STEM,2008,39549.89355777613,0,Male,No
HUMANITIES,2011,30621.134101560794,0,Female,No
STEM,2010,44084.65775844299,0,Male,No
BUSINESS,2012,36937.071336334164,0,Female,No
HUMANITIES,2010,41915.79358629838,1,Female,Yes
BUSINESS,2010,46392.16171023633,0,Female,No
HUMANITIES,2006,53768.60691708646,1,Female,Yes
HUMANITIES,2012,32881.032107878935,0,Male,Yes
STEM,2011,41432.44811646207,0,Male,No
HUMANITIES,2012,33111.21720978738,0,Male,Yes
STEM,2013,43423.00051418784,0,Male,No
BUSINESS,2012,34957.72199095496,0,Male,No
BUSINESS,2009,34065.01106657042,1,Male,No
BUSINESS,2007,35939.141596452166,0,Female,No
HUMANITIES,2005,44252.41764838222,1,Male,No
STEM,2011,31308.22363640241,0,Female,No
BUSINESS,2013,44872.254268042496,1,Male,No
STEM,2011,36958.594542317915,0,Male,No
STEM,2008,41431.33414748579,0,Male,No
BUSINESS,2012,44604.89902605118,0,Male,No
STEM,2014,45381.05622158334,0,Male,No
STEM,2011,42956.15730565413,0,Male,No
BUSINESS,2010,27996.56513653361,0,Female,No
HUMANITIES,2013,44543.68442135128,0,Female,Yes
STEM,2006,35265.23578662376,0,Male,No
STEM,2012,38888.880587158215,0,Male,No
HUMANITIES,2006,33193.66293535295,0,Male,Yes
STEM,2006,30241.669476626135,0,Male,No
STEM,2012,37205.71824813022,0,Female,No
STEM,2014,34982.8390566475,1,Female,No
BUSINESS,2006,41631.53950271343,0,Male,No
BUSINESS,2013,47325.88615658031,0,Male,Yes
HUMANITIES,2009,40585.93609340651,0,Female,No
BUSINESS,2006,49034.60235828665,0,Female,No
BUSINESS,2005,37345.0228275401,0,Female,No
STEM,2011,40836.19708816453,0,Male,No
STEM,2005,45175.21378291109,0,Male,No
BUSINESS,2007,40748.85301570462,1,Male,No
HUMANITIES,2012,35719.75220886756,0,Female,Yes
HUMANITIES,2008,46091.70450682041,0,Female,No
STEM,2011,37970.957354181075,1,Male,No
HUMANITIES,2009,36445.805029096446,0,Female,Yes
STEM,2005,30203.636392430733,0,Male,No
STEM,2009,40879.75447090556,0,Male,No
STEM,2010,44200.5033149753,0,Male,No
STEM,2006,42747.83362872842,0,Male,No
BUSINESS,2008,42539.047128651786,0,Female,No
HUMANITIES,2011,41027.99322243483,0,Male,Yes
BUSINESS,2008,38000.28859776199,0,Male,No
STEM,2008,37603.66696741225,0,Male,No
STEM,2005,37864.3021855309,0,Male,No
STEM,2013,32848.225466200885,0,Female,No
HUMANITIES,2011,36667.929792451236,0,Male,Yes
STEM,2014,47035.89828657375,0,Male,No
STEM,2012,45983.27050582999,0,Male,No
STEM,2012,37563.71295697748,0,Male,No
BUSINESS,2007,37940.66834712037,0,Female,No
HUMANITIES,2006,42124.52900867814,1,Female,Yes
HUMANITIES,2008,47071.190651530975,0,Male,No
HUMANITIES,2008,46413.67617840054,0,Male,No
HUMANITIES,2006,43861.21022177069,0,Female,No
HUMANITIES,2010,31483.10358324807,0,Female,Yes
HUMANITIES,2006,45961.72563767453,0,Male,No
HUMANITIES,2005,48690.42415367458,0,Male,Yes
STEM,2006,36981.71134781524,0,Female,No
STEM,2009,33951.87736461068,0,Male,No
HUMANITIES,2007,26639.96052795863,1,Male,No
HUMANITIES,2012,22424.733885963447,0,Female,Yes
BUSINESS,2010,41946.5051395568,1,Male,No
STEM,2011,27588.934498602823,0,Male,No
STEM,2011,41505.65310453054,0,Male,Yes
BUSINESS,2008,33621.53335384245,0,Female,No
BUSINESS,2012,44478.90879506382,0,Female,No
BUSINESS,2013,39751.869368584565,0,Female,No
STEM,2007,33838.14274769579,0,Female,No
BUSINESS,2009,50211.295712096806,0,Female,No
STEM,2010,30372.299632758182,1,Male,Yes
HUMANITIES,2014,50143.13930649788,0,Female,Yes
STEM,2014,54964.83169189576,0,Male,No
HUMANITIES,2007,44307.19007746041,0,Female,Yes
STEM,2006,47459.32194386649,0,Male,No
STEM,2006,34385.94506186366,1,Female,No
HUMANITIES,2007,29112.55905808645,0,Female,Yes
HUMANITIES,2013,47489.30221092609,0,Male,Yes
HUMANITIES,2013,45929.45260246164,1,Female,Yes
HUMANITIES,2013,39984.975753834806,0,Female,Yes
HUMANITIES,2008,37521.458349521854,0,Female,No
STEM,2011,33159.235530000944,1,Male,No
HUMANITIES,2012,40384.25623635375,0,Female,Yes
HUMANITIES,2012,34602.43854785842,0,Male,Yes
HUMANITIES,2009,37069.512738595535,0,Male,No
STEM,2008,34319.659472662446,0,Female,No
BUSINESS,2014,58865.35323920943,0,Female,Yes
STEM,2012,49060.3854542016,0,Male,No
STEM,2012,42669.69772463927,0,Male,No
BUSINESS,2011,29108.077023098092,0,Male,Yes
BUSINESS,2009,42606.556194793324,1,Female,No
BUSINESS,2005,29483.841033878267,1,Female,No
STEM,2005,49558.409530816134,0,Male,No
STEM,2008,47549.24275769338,0,Male,No
HUMANITIES,2008,39095.96684004702,1,Female,Yes
STEM,2008,40152.21975256729,0,Female,No
STEM,2009,48572.982545743434,0,Male,No
BUSINESS,2008,48029.29883601093,0,Male,No
HUMANITIES,2006,34663.978747775596,0,Female,No
STEM,2010,43593.5182307069,0,Male,No
HUMANITIES,2014,35110.21801290084,0,Female,Yes
STEM,2014,26986.384992291736,0,Male,No
HUMANITIES,2007,42750.66522873168,0,Female,No
BUSINESS,2010,50746.380749547156,0,Female,No
STEM,2007,37938.90019286015,0,Female,No
HUMANITIES,2008,40616.61149760917,1,Female,No
STEM,2009,42622.45780167716,0,Female,No
STEM,2009,31399.978062002316,0,Female,No
HUMANITIES,2010,33693.29303090903,0,Male,No
STEM,2011,47750.79734263253,0,Male,No
STEM,2013,33661.58006794627,0,Male,No
STEM,2009,51466.82295271218,0,Male,No
HUMANITIES,2006,27105.672383683064,0,Male,Yes
STEM,2005,44306.15753221644,0,Male,No
STEM,2012,49575.60525649901,1,Male,No
HUMANITIES,2010,42575.90337739172,1,Female,Yes
HUMANITIES,2011,24685.22647363696,1,Female,No
HUMANITIES,2014,48761.64236209116,0,Female,Yes
HUMANITIES,2008,38112.122629940386,0,Male,Yes
BUSINESS,2012,52611.370517335934,1,Male,No
HUMANITIES,2014,37697.14165419853,1,Male,No
HUMANITIES,2010,32005.96773852876,0,Male,No
BUSINESS,2009,42519.75808571345,0,Male,No
HUMANITIES,2013,36786.03647084328,0,Male,Yes
BUSINESS,2006,49123.47813106586,0,Female,No
HUMANITIES,2009,49717.97504992994,0,Female,Yes
STEM,2008,45237.47358734906,0,Male,No
HUMANITIES,2007,43833.86423783858,0,Female,No
BUSINESS,2013,49045.68424270347,0,Female,No
HUMANITIES,2014,28451.872503811668,1,Female,Yes
STEM,2005,49052.000697000185,0,Male,No
STEM,2011,38367.597659070416,0,Male,No
STEM,2005,32918.08370129488,1,Male,No
BUSINESS,2005,29912.126142315825,0,Female,No
STEM,2005,43110.166187766736,0,Female,No
HUMANITIES,2011,38360.62370327011,0,Female,Yes
STEM,2006,36988.900117093835,0,Female,No
STEM,2005,45761.96768294204,0,Male,No
STEM,2007,20889.062035684143,0,Male,No
HUMANITIES,2013,21459.37306815861,1,Female,Yes
STEM,2012,41155.431307855804,0,Male,No
STEM,2007,28949.185944623103,1,Male,No
STEM,2008,40057.501292937544,0,Female,No
HUMANITIES,2012,41459.37214996003,1,Male,Yes
HUMANITIES,2005,40437.743100891785,1,Female,No
STEM,2010,48515.838306022684,0,Female,No
HUMANITIES,2005,36998.25977934818,1,Male,No
STEM,2012,35432.43986010226,0,Male,Yes
STEM,2010,37848.17694179899,0,Male,No
STEM,2013,51892.91031517019,0,Male,No
HUMANITIES,2011,47445.658929562866,0,Female,Yes
STEM,2014,36090.99562574856,1,Male,No
HUMANITIES,2010,30273.34421487119,0,Male,No
STEM,2008,35730.43547544568,1,Male,No
BUSINESS,2014,39049.99061464118,0,Male,No
STEM,2009,38414.21162724216,0,Male,No
STEM,2012,34220.54050330963,0,Male,No
STEM,2013,43486.94752693238,1,Male,No
BUSINESS,2006,36341.911486994235,0,Female,No
BUSINESS,2010,36484.303674978226,1,Male,No
STEM,2009,45981.39079345555,0,Male,No
HUMANITIES,2009,40689.779778736156,1,Female,Yes
HUMANITIES,2011,33983.048320041264,0,Female,Yes
STEM,2006,38470.2096675865,1,Male,No
STEM,2008,43051.83684861979,1,Male,No
HUMANITIES,2011,43011.704001785685,0,Female,Yes
HUMANITIES,2010,44836.665578715445,0,Female,Yes
STEM,2012,34812.256552425155,0,Female,No
STEM,2011,43134.410536195035,1,Male,No
STEM,2009,30467.996335516757,0,Female,No
STEM,2013,29413.08753199745,0,Male,No
HUMANITIES,2008,41251.3205887092,0,Female,No
BUSINESS,2009,50387.20675414369,0,Female,No
HUMANITIES,2008,38638.269670895155,1,Female,No
HUMANITIES,2006,44876.999667444936,0,Male,No
STEM,2009,37434.788576814666,0,Male,No
STEM,2006,37562.104946409236,0,Male,No
BUSINESS,2005,34789.46572412025,0,Female,No
STEM,2013,30800.823533516814,0,Male,No
STEM,2007,43291.37518228941,0,Female,No
HUMANITIES,2005,39725.19688567373,0,Female,No
STEM,2010,32025.139431621905,1,Female,No
HUMANITIES,2012,47284.26870897106,0,Female,Yes
BUSINESS,2010,40532.89801185898,0,Male,No
HUMANITIES,2013,38508.87626497531,1,Female,Yes
STEM,2011,43300.87299345324,0,Female,No
BUSINESS,2009,46345.297431210056,0,Female,No
STEM,2013,33522.63517784047,0,Male,No
BUSINESS,2011,38753.227834936406,1,Male,No
BUSINESS,2008,47421.47485659612,1,Male,No
HUMANITIES,2005,41147.452628373416,0,Female,Yes
HUMANITIES,2006,38541.16769062245,0,Female,No
STEM,2005,42401.45304248944,1,Female,No
BUSINESS,2010,21965.613244054766,1,Female,No
BUSINESS,2006,42769.86584668961,0,Female,No
STEM,2012,37388.451221152594,1,Male,No
STEM,2007,39818.537325845966,0,Female,No
STEM,2009,41707.21171175884,0,Male,No
BUSINESS,2011,45548.12198872797,0,Female,No
HUMANITIES,2012,42333.44560533821,0,Female,Yes
STEM,2014,39394.02431094719,0,Male,No
STEM,2005,40649.57029094898,0,Female,No
BUSINESS,2008,39955.448913253764,1,Male,No
STEM,2006,30806.88834633554,0,Male,No
STEM,2011,39812.34753390868,0,Male,No
BUSINESS,2007,46490.22972589352,0,Female,No
BUSINESS,2008,45884.99808886081,0,Female,No
STEM,2006,35773.803757087255,0,Male,No
HUMANITIES,2010,35498.836929016405,0,Female,No
BUSINESS,2011,41084.581842633954,0,Male,Yes
STEM,2014,49780.48805145886,1,Male,No
STEM,2012,38239.035831204594,0,Male,No
STEM,2006,33666.17325708039,0,Male,No
BUSINESS,2013,39131.6002373332,0,Male,Yes
BUSINESS,2012,33042.71857657026,0,Female,No
STEM,2007,29743.355545247687,0,Male,No
HUMANITIES,2012,41201.25476638061,0,Male,Yes
BUSINESS,2011,52032.5746802171,0,Male,Yes
HUMANITIES,2007,36338.7064273393,0,Male,Yes
BUSINESS,2011,36745.47080763481,1,Female,No
BUSINESS,2013,41778.74345139505,0,Female,Yes
STEM,2006,43701.831833036114,0,Male,No
STEM,2006,40922.46633724526,0,Male,No
STEM,2006,23370.23388224258,0,Male,No
STEM,2009,33154.81836832288,1,Male,No
HUMANITIES,2011,34660.5692607549,0,Female,Yes
STEM,2007,31239.21786447183,1,Female,No
HUMANITIES,2010,39868.660215505406,0,Male,No
STEM,2006,40933.92244965569,0,Male,No
STEM,2006,36613.451055761616,0,Male,No
HUMANITIES,2008,39342.75673671862,0,Female,No
STEM,2010,32516.58432152949,0,Male,No
HUMANITIES,2010,46317.731864205256,0,Female,Yes
HUMANITIES,2010,49205.9603509485,1,Male,No
HUMANITIES,2009,35291.788062157735,1,Male,No
BUSINESS,2012,47038.740531720214,0,Male,Yes
BUSINESS,2014,45497.57607042121,1,Male,No
HUMANITIES,2009,43201.513386099345,0,Female,Yes
STEM,2009,29220.05867838693,0,Female,No
STEM,2014,53552.72334567906,0,Female,No
BUSINESS,2007,41506.07005979302,0,Female,Yes
HUMANITIES,2010,29305.982734973157,0,Male,Yes
BUSINESS,2008,31541.450998560118,0,Female,No
STEM,2010,55175.20234150446,0,Male,No
BUSINESS,2012,42963.66659290904,0,Male,No
HUMANITIES,2013,38944.44059949981,0,Female,Yes
STEM,2006,43184.10725001079,0,Male,No
HUMANITIES,2009,30470.848642299217,0,Female,No
STEM,2014,53024.804899638286,0,Male,Yes
STEM,2012,29786.1109134032,0,Male,No
STEM,2007,49716.252769664694,1,Male,No
HUMANITIES,2009,37991.688410258495,0,Female,No
STEM,2006,32308.67532847496,0,Female,No
HUMANITIES,2014,38502.30636936273,0,Female,Yes
STEM,2008,35205.09911599406,0,Male,No
BUSINESS,2013,47082.88892458835,0,Male,No
HUMANITIES,2008,28044.624426212646,1,Female,Yes
STEM,2013,26913.271508123195,0,Male,No
STEM,2011,47132.396673554606,1,Male,No
HUMANITIES,2009,34619.9776888962,0,Male,No
STEM,2011,60994.31191660139,0,Male,Yes
HUMANITIES,2013,46423.70324861396,0,Female,Yes
STEM,2007,29042.673170575243,0,Male,No
HUMANITIES,2008,38881.836919872774,0,Female,No
STEM,2007,48514.605324552715,0,Female,No
HUMANITIES,2014,34235.58970492072,0,Female,Yes
HUMANITIES,2008,47664.45500896772,0,Male,Yes
HUMANITIES,2006,45921.519696302385,0,Female,No
STEM,2012,47166.48438455382,0,Male,No
STEM,2013,27302.60483602625,0,Male,No
STEM,2013,37243.8475229971,0,Male,No
STEM,2012,39356.48705690889,0,Male,No
HUMANITIES,2010,23172.371511567144,0,Female,Yes
HUMANITIES,2008,39355.279570811756,0,Female,No
HUMANITIES,2007,40348.36783336425,0,Female,No
STEM,2005,44238.973139039445,0,Male,No
HUMANITIES,2010,42047.59282723659,1,Female,Yes
STEM,2005,27138.93258879119,0,Female,No
STEM,2010,34920.71347833038,0,Male,No
STEM,2010,43861.66712698532,0,Male,No
HUMANITIES,2011,39700.515611940136,0,Female,Yes
STEM,2010,30452.589461938343,0,Male,No
HUMANITIES,2005,50048.0222140417,0,Female,No
STEM,2008,45977.01343311812,0,Male,No
STEM,2007,33903.96449316008,0,Male,No
STEM,2010,29814.80860466059,0,Female,No
STEM,2009,40081.97230967199,0,Male,No
STEM,2009,38886.577981822935,0,Female,No
BUSINESS,2014,41006.006847572884,0,Female,Yes
STEM,2005,39503.68342995739,0,Male,No
STEM,2010,30907.32504167011,1,Male,No
HUMANITIES,2007,29102.316076151616,0,Female,No
HUMANITIES,2013,32540.360363400425,0,Female,No
HUMANITIES,2014,38612.27961289122,0,Female,Yes
HUMANITIES,2006,37939.29014180703,0,Female,No
BUSINESS,2005,44138.64029477889,1,Male,No
HUMANITIES,2005,36320.511634784445,0,Female,No
STEM,2009,34447.726989431074,0,Female,No
STEM,2014,51105.710068961525,1,Male,No
STEM,2006,44492.1032512981,1,Male,No
STEM,2012,41594.45897090763,0,Female,No
BUSINESS,2012,42341.904258080336,0,Male,No
BUSINESS,2010,50637.49049158599,0,Male,Yes
STEM,2013,47126.706599889156,0,Female,Yes
HUMANITIES,2008,36226.93777881803,0,Male,Yes
STEM,2008,30638.505503591732,0,Female,No
HUMANITIES,2012,30368.303068370333,0,Female,Yes
STEM,2009,49302.994454723004,0,Male,No
STEM,2013,43024.93644889993,1,Female,No
STEM,2011,43263.02576719783,1,Male,No
HUMANITIES,2005,34996.249376330175,0,Male,Yes
HUMANITIES,2005,42403.66908525118,0,Female,No
HUMANITIES,2008,57879.95022582995,0,Female,No
BUSINESS,2012,35016.86595794442,1,Female,No
STEM,2006,31662.671118452097,0,Female,No
BUSINESS,2008,40410.45444628768,0,Male,No
STEM,2007,42682.41654069117,0,Male,No
STEM,2014,37825.164357650036,0,Male,No
STEM,2012,27633.185706118787,0,Male,No
STEM,2013,31128.694368441065,0,Male,No
BUSINESS,2008,38155.08186802012,0,Male,No
STEM,2010,53835.96674132951,0,Female,No
BUSINESS,2010,41271.51213042337,1,Female,Yes
HUMANITIES,2011,52356.6246808675,0,Male,Yes
BUSINESS,2012,46361.33958256657,0,Male,No
HUMANITIES,2011,48187.51347283604,0,Female,Yes
STEM,2008,17003.06237057328,0,Female,No
STEM,2007,48307.81708639088,0,Female,No
STEM,2009,33231.15781811052,0,Male,No
STEM,2006,36111.84579581851,0,Male,No
STEM,2012,50811.45416049986,0,Female,No
STEM,2011,40186.939756574844,1,Male,No
STEM,2008,49798.70305267194,0,Male,No
STEM,2006,49997.62017915543,0,Male,No
HUMANITIES,2009,41449.454171224774,0,Female,No
BUSINESS,2005,32264.327500607174,1,Male,Yes
BUSINESS,2006,38489.207907152166,0,Male,No
HUMANITIES,2013,36425.03024798038,1,Female,Yes
STEM,2013,35748.599710847855,0,Male,No
BUSINESS,2005,50182.70579212541,0,Female,No
STEM,2005,43016.05268616802,0,Female,No
STEM,2013,32019.559734897797,0,Male,No
HUMANITIES,2008,53930.77604925353,1,Female,No
STEM,2009,27814.595060590742,1,Female,No
BUSINESS,2013,39194.98862361979,0,Male,No
HUMANITIES,2006,50078.496774046725,1,Male,No
STEM,2008,46433.22310751083,0,Female,No
BUSINESS,2006,41801.885616941676,0,Male,No
HUMANITIES,2012,41275.90841769121,1,Male,Yes
HUMANITIES,2013,50940.279840083625,0,Female,Yes
STEM,2012,38139.812869496935,0,Male,No
STEM,2008,36539.43329690738,1,Male,No
STEM,2014,30548.57455863936,0,Male,No
BUSINESS,2008,43600.15880154292,1,Female,No
HUMANITIES,2013,34737.87341807264,0,Female,Yes
STEM,2010,44472.79053176971,0,Male,No
STEM,2014,48436.18301740724,0,Male,No
HUMANITIES,2008,45219.858532910905,0,Female,Yes
HUMANITIES,2005,50827.668544241016,0,Female,No
HUMANITIES,2007,38256.90810467357,0,Female,No
BUSINESS,2012,47810.864928530485,0,Female,No
HUMANITIES,2013,44576.05596533378,0,Female,Yes
BUSINESS,2012,46326.981860728265,0,Male,No
HUMANITIES,2008,53460.378611643144,0,Female,No
STEM,2006,32226.77089117003,0,Female,No
HUMANITIES,2013,29365.83311957619,0,Male,No
HUMANITIES,2005,39933.09303531066,0,Female,Yes
HUMANITIES,2010,51554.60068920441,0,Female,Yes
STEM,2014,43273.3096966913,0,Male,No
HUMANITIES,2013,39499.63914889977,0,Female,Yes
STEM,2007,39104.250684640305,0,Female,No
STEM,2010,37796.456037838456,0,Male,No
STEM,2012,38746.392278634135,0,Male,No
HUMANITIES,2012,49496.19602894528,0,Male,Yes
STEM,2011,35595.23587761705,0,Female,No
HUMANITIES,2011,38270.917546487886,0,Male,Yes
HUMANITIES,2011,44941.32446369233,0,Female,Yes
BUSINESS,2009,52592.684905530885,0,Female,No
BUSINESS,2013,44398.35940613702,0,Male,Yes
STEM,2011,51618.41647605758,1,Male,No
HUMANITIES,2011,42003.07477205177,0,Female,Yes
HUMANITIES,2010,33883.27880473234,0,Female,Yes
BUSINESS,2005,37180.54163704936,0,Male,No
STEM,2006,40561.30774974355,0,Male,No
BUSINESS,2014,22348.004142826438,0,Male,No
STEM,2009,39166.364040832595,0,Female,No
HUMANITIES,2013,52640.99706478834,0,Female,Yes
STEM,2013,34859.074896940394,0,Female,No
STEM,2009,30053.59886935561,0,Male,No
STEM,2005,29804.666781911114,0,Female,No
STEM,2012,23253.71205748079,0,Female,No
STEM,2013,45043.04812194858,0,Male,No
STEM,2005,21516.05203820558,0,Male,No
STEM,2008,46467.69044864846,0,Female,No
STEM,2014,31170.433184021545,0,Male,No
STEM,2014,35360.49637598237,0,Female,No
STEM,2011,42689.78571792349,0,Male,No
STEM,2007,32787.819041717754,1,Male,No
STEM,2014,46697.680957348995,0,Female,No
STEM,2009,43859.448601971024,1,Female,No
STEM,2012,51704.32013052491,0,Male,No
STEM,2007,37315.27675023763,0,Male,No
STEM,2005,46020.99254161387,0,Male,No
STEM,2010,36457.2581648413,0,Female,Yes
BUSINESS,2008,49358.98531691621,1,Female,No
STEM,2010,27997.965778832397,0,Female,No
STEM,2011,48919.21857556671,0,Male,No
STEM,2014,48464.92442209353,1,Male,No
STEM,2008,50827.908660980145,1,Male,No
BUSINESS,2010,44638.483393123264,0,Female,No
HUMANITIES,2011,48442.239184455946,0,Female,Yes
BUSINESS,2005,56498.17396025312,1,Female,No
STEM,2009,39173.222961103864,0,Male,No
HUMANITIES,2006,47804.22185243557,0,Male,Yes
HUMANITIES,2007,44977.42080590918,0,Female,No
STEM,2012,43297.916611102715,0,Female,No
HUMANITIES,2009,44909.37925221528,0,Male,No
BUSINESS,2007,38982.48308285674,1,Female,No
STEM,2007,40308.15388262106,0,Male,No
HUMANITIES,2008,41330.74723655268,0,Male,No
STEM,2011,56590.41223163897,1,Male,No
STEM,2008,35773.30279609081,0,Female,No
BUSINESS,2006,37630.06600491252,0,Male,No
BUSINESS,2012,50281.05554189157,0,Female,No
STEM,2008,43669.470776926246,0,Male,No
HUMANITIES,2013,48896.39184301452,0,Female,Yes
STEM,2005,30825.802426138325,0,Male,No
BUSINESS,2013,50550.99127925966,0,Male,Yes
BUSINESS,2011,41032.27475952571,0,Male,Yes
HUMANITIES,2014,30463.538582815403,0,Female,Yes
STEM,2014,27501.214691191817,0,Female,No
BUSINESS,2006,39641.88458852742,0,Male,No
HUMANITIES,2010,38167.67809479834,0,Male,Yes
STEM,2007,38422.24266486499,0,Male,No
STEM,2008,44349.690696909085,1,Male,No
STEM,2010,45145.87993740362,0,Male,No
STEM,2008,40399.6009066277,0,Male,No
STEM,2012,41862.933323122874,0,Male,No
STEM,2012,36894.50662002122,1,Male,No
STEM,2013,38813.29016733707,0,Male,No
HUMANITIES,2013,52406.83654137213,0,Male,Yes
BUSINESS,2013,41377.51594425624,0,Male,No
STEM,2012,45143.33278725248,0,Male,No
HUMANITIES,2014,38255.99906729296,1,Male,No
BUSINESS,2006,40429.17678000965,0,Male,No
STEM,2010,38253.873269537915,1,Male,No
HUMANITIES,2008,36888.31701872412,0,Female,No
BUSINESS,2012,48459.08699094853,0,Male,Yes
STEM,2013,53370.17821149268,0,Male,No
HUMANITIES,2013,34650.997524661274,0,Female,Yes
HUMANITIES,2005,44116.96936637832,0,Male,No
STEM,2006,33054.56201247649,1,Male,No
STEM,2013,50314.78018366635,0,Female,No
HUMANITIES,2013,54775.78614569799,0,Female,Yes
STEM,2005,32570.064834916466,0,Male,No
STEM,2008,33637.29600640799,0,Male,No
STEM,2012,43955.0411715866,0,Male,No
BUSINESS,2008,46549.87470909799,0,Male,No
HUMANITIES,2008,45852.83693836133,0,Female,No
HUMANITIES,2012,48230.53527785085,0,Female,Yes
STEM,2011,47180.50715974914,1,Female,No
HUMANITIES,2014,45317.27046982328,0,Male,Yes
STEM,2014,53713.210497889624,0,Male,No
STEM,2007,35029.35436263848,0,Female,No
HUMANITIES,2013,51284.11116782981,1,Male,Yes
STEM,2006,34610.51505467607,0,Female,No
HUMANITIES,2006,43702.64101239176,1,Male,Yes
STEM,2009,35050.79434476044,0,Male,No
HUMANITIES,2011,29412.20522721934,0,Female,Yes
HUMANITIES,2008,37159.659162605,0,Female,Yes
STEM,2014,31598.586885213503,1,Male,No
STEM,2012,45731.50353783089,0,Female,No
HUMANITIES,2008,43893.41400128613,0,Female,No
BUSINESS,2014,38445.19438328339,0,Female,Yes
STEM,2005,45384.02726339758,0,Female,No
STEM,2009,40086.09400208989,0,Female,No
HUMANITIES,2012,29690.0419858319,0,Female,No
HUMANITIES,2011,39948.23494764303,0,Female,Yes
HUMANITIES,2007,48350.06210536054,1,Female,No
HUMANITIES,2007,36866.025197732204,1,Female,No
STEM,2011,56927.87373707362,0,Male,No
HUMANITIES,2008,36150.83497531655,0,Male,No
STEM,2013,33627.04056548308,0,Female,No
BUSINESS,2010,37972.877722656776,0,Female,No
STEM,2014,43889.23764909382,0,Male,No
STEM,2005,36629.1316627958,1,Female,No
HUMANITIES,2007,51512.71389603624,0,Female,No
HUMANITIES,2009,39874.49679775907,0,Female,Yes
STEM,2010,39235.24000490562,0,Female,No
STEM,2006,45187.36647239423,0,Female,No
HUMANITIES,2009,39266.90255577971,0,Female,No
STEM,2012,48463.20933513829,0,Male,No
HUMANITIES,2013,31500.812734012914,0,Male,Yes
HUMANITIES,2012,23945.390278052953,0,Female,Yes
STEM,2010,43453.52646115335,0,Female,No
STEM,2012,30199.325725770013,0,Female,No
BUSINESS,2014,47608.30218824924,0,Male,No
STEM,2011,35741.621253030855,0,Male,No
STEM,2005,46267.00862821746,0,Male,No
HUMANITIES,2012,47871.17087266212,0,Female,Yes
BUSINESS,2009,39189.698363218165,1,Male,No
STEM,2006,35698.73508309925,0,Male,No
STEM,2005,38449.46307131753,0,Male,No
STEM,2010,32507.462401360914,0,Male,No
STEM,2014,29932.92542484255,0,Male,No
HUMANITIES,2014,37746.770355585926,0,Female,Yes
BUSINESS,2006,37092.471758127605,1,Female,No
HUMANITIES,2008,22907.870081943038,0,Female,Yes
STEM,2011,40771.09511992099,0,Female,No
BUSINESS,2005,38769.274245235465,1,Male,No
STEM,2006,49632.06305237574,0,Male,No
STEM,2012,41757.35273708873,0,Male,No
HUMANITIES,2013,44203.71496906029,0,Male,Yes
HUMANITIES,2006,39884.88067457902,0,Female,No
BUSINESS,2008,36495.386922249,1,Female,No
HUMANITIES,2006,41319.796435056094,0,Male,No
HUMANITIES,2014,48342.876298855306,1,Male,Yes
STEM,2005,43091.8613611353,0,Female,No
HUMANITIES,2008,40527.552902950236,0,Male,No
STEM,2014,41676.83763900553,1,Male,No
STEM,2014,38733.085846086724,0,Male,No
HUMANITIES,2005,50219.57690477545,0,Female,No
STEM,2012,51972.09381477591,0,Male,No
STEM,2014,42918.78875550213,0,Male,No
STEM,2008,36018.52360431166,0,Male,No
STEM,2011,40063.25556359281,1,Female,No
HUMANITIES,2012,36303.977215929655,0,Female,Yes
HUMANITIES,2006,47499.59650966178,0,Female,No
BUSINESS,2012,34407.40721628293,0,Male,No
STEM,2007,46743.93189147637,1,Female,No
STEM,2012,37992.68063130646,0,Female,No
STEM,2009,35975.54585233768,1,Male,No
BUSINESS,2013,42225.217609101805,1,Male,No
HUMANITIES,2010,38942.66883985092,1,Female,Yes
STEM,2011,47711.65225310154,1,Male,No
STEM,2008,43806.824756913855,0,Female,No
STEM,2011,41218.3461947634,0,Male,No
HUMANITIES,2008,40351.65273632703,0,Male,No
STEM,2008,57396.2402212831,0,Male,No
HUMANITIES,2008,37985.47710988844,0,Female,No
HUMANITIES,2005,42113.26992334627,0,Female,Yes
STEM,2007,49632.62631106698,0,Female,No
STEM,2012,42520.99440986091,0,Male,Yes
BUSINESS,2006,32950.54710413401,0,Male,No
HUMANITIES,2005,51560.7146432658,0,Female,No
BUSINESS,2008,55748.65081369728,0,Female,No
STEM,2012,54944.87672094453,1,Male,No
BUSINESS,2014,44044.25170389547,0,Female,No
STEM,2012,40338.933240300874,0,Male,No
HUMANITIES,2013,31280.58221305607,0,Female,Yes
STEM,2005,46146.59237900048,0,Female,No
STEM,2005,32859.59888537032,0,Male,No
STEM,2013,50820.41417385012,0,Male,No
STEM,2006,36977.25773224257,0,Female,No
HUMANITIES,2010,43194.125072403964,0,Male,Yes
HUMANITIES,2010,41972.52659526511,0,Female,Yes
STEM,2012,29547.39905751015,0,Female,No
STEM,2005,41643.161313092285,0,Male,No
HUMANITIES,2010,35375.70675190991,1,Female,Yes
STEM,2006,36544.94421435377,1,Male,No
STEM,2013,40667.43302715298,1,Female,No
STEM,2009,55542.403377127535,1,Female,No
STEM,2013,28663.176702213925,0,Male,No
STEM,2009,24280.444252457015,1,Female,No
HUMANITIES,2014,31854.744665403177,0,Male,No
BUSINESS,2013,35032.024873757706,1,Male,No
STEM,2012,44851.80083434538,0,Female,No
STEM,2006,51925.404563417,0,Male,No
HUMANITIES,2006,39394.26887480063,1,Female,No
STEM,2007,39979.6331664464,0,Male,No
BUSINESS,2014,47599.61158484786,0,Female,Yes
BUSINESS,2007,37884.78048140875,0,Female,No
STEM,2005,30161.491608118202,0,Female,No
HUMANITIES,2010,50117.86242671059,1,Male,Yes
STEM,2012,39185.71644473032,0,Male,No
STEM,2014,41444.679821100246,0,Female,No
STEM,2012,34294.20380469961,1,Male,No
STEM,2005,34145.25053573127,0,Male,No
STEM,2009,36217.317382117195,1,Male,No
STEM,2012,29517.56514356706,0,Female,No
STEM,2006,51147.7288316505,0,Male,No
HUMANITIES,2009,20731.141030734998,0,Female,No
STEM,2014,44594.970903616086,0,Male,No
STEM,2012,43643.850864137974,0,Male,No
HUMANITIES,2013,47709.48562159375,0,Female,Yes
HUMANITIES,2013,44833.708794554324,0,Male,No
BUSINESS,2010,28638.45215391375,0,Female,No
STEM,2007,48209.166436921194,0,Female,No
STEM,2009,47244.08864963028,0,Male,No
STEM,2013,32341.695114418944,1,Male,No
HUMANITIES,2013,34996.146119339,0,Female,Yes
STEM,2009,47690.27788638444,1,Male,No
STEM,2010,44050.47113519871,1,Male,No
STEM,2009,37597.11792922571,0,Female,No
HUMANITIES,2012,37579.08711319381,0,Female,Yes
STEM,2014,43733.19903314518,0,Male,No
STEM,2014,37611.19520223739,0,Male,No
STEM,2011,35549.589154685826,0,Male,No
HUMANITIES,2009,45297.35121259871,0,Female,No
BUSINESS,2008,30524.93619474952,0,Male,No
HUMANITIES,2013,51724.10301929497,0,Female,No
BUSINESS,2013,48174.144871072305,0,Male,Yes
STEM,2008,29182.360365598157,0,Female,No
STEM,2011,38572.419267516976,0,Male,No
STEM,2013,36761.3325492688,0,Male,No
STEM,2006,41145.66231402779,1,Female,No
STEM,2013,45889.424425730234,0,Female,No
HUMANITIES,2014,45112.04015740905,0,Female,Yes
HUMANITIES,2010,41592.4063178806,0,Male,Yes
STEM,2008,40081.31535682855,0,Male,No
STEM,2005,49814.947806894044,0,Male,No
HUMANITIES,2005,32101.015309823808,0,Male,No
HUMANITIES,2009,46855.02490277098,0,Female,Yes
STEM,2010,45486.97724138223,0,Male,No
BUSINESS,2007,39353.427440785796,0,Male,No
HUMANITIES,2011,41765.055272392536,0,Female,Yes
STEM,2013,35845.408053240346,1,Male,No
HUMANITIES,2012,34087.99117167802,0,Female,Yes
STEM,2008,35039.097548604856,0,Male,No
STEM,2013,43787.43888314914,0,Male,No
STEM,2006,41038.70020159544,0,Male,No
STEM,2012,35694.77050909547,0,Male,No
BUSINESS,2011,42559.37937374963,0,Male,No
HUMANITIES,2005,41109.15712509526,0,Female,Yes
HUMANITIES,2008,40190.179068697194,1,Female,No
STEM,2006,48617.09949544011,0,Male,No
STEM,2014,42402.277703506756,0,Male,No
BUSINESS,2006,41726.94719390538,0,Male,No
BUSINESS,2010,35022.1942792752,0,Female,Yes
HUMANITIES,2011,50173.95237818375,0,Female,Yes
STEM,2010,36947.92358447101,0,Female,No
STEM,2013,26156.93815251992,0,Male,No
STEM,2007,39158.699217233014,0,Male,No
HUMANITIES,2012,33396.010860761526,0,Female,Yes
BUSINESS,2007,42485.96055556558,0,Male,No
STEM,2006,57786.936221020835,0,Female,No
BUSINESS,2011,51864.48404762609,0,Male,No
HUMANITIES,2006,52149.209549704254,0,Male,Yes
STEM,2007,34013.80532463083,0,Male,No
HUMANITIES,2008,38532.06623412193,1,Female,Yes
HUMANITIES,2005,26322.92694696659,0,Female,No
STEM,2005,46771.281828590974,0,Female,No
HUMANITIES,2005,52538.30294441757,0,Female,No
HUMANITIES,2010,43011.60852913519,0,Male,Yes
STEM,2010,47200.17624105393,0,Male,No
STEM,2013,26827.816670604036,0,Female,No
STEM,2012,44266.760726795284,1,Male,No
STEM,2005,28809.373522242524,0,Female,No
STEM,2013,33820.850785289156,0,Female,No
STEM,2014,35564.52363987562,1,Male,No
STEM,2013,40538.97672630104,0,Male,No
STEM,2012,39275.65410909126,0,Male,No
STEM,2009,38445.67873445287,0,Male,No
HUMANITIES,2011,24648.309302572678,0,Female,Yes
STEM,2005,30422.63940471237,1,Male,No
BUSINESS,2014,22631.616266899688,1,Female,No
HUMANITIES,2010,45714.11782781437,0,Male,Yes
STEM,2012,50390.989066618495,0,Female,No
HUMANITIES,2013,36909.897091116465,1,Male,No
STEM,2011,36873.49367447785,0,Male,No
BUSINESS,2013,33773.4555753451,0,Female,No
STEM,2013,27134.98351745827,1,Female,No
STEM,2008,40621.686023808434,0,Male,No
STEM,2014,34315.51883148246,0,Male,No
HUMANITIES,2013,44945.94711344551,0,Male,Yes
BUSINESS,2007,45875.03425326476,0,Female,No
HUMANITIES,2012,25687.959790840116,0,Female,Yes
HUMANITIES,2005,30956.536752709104,0,Male,No
HUMANITIES,2012,32623.573589101306,0,Female,Yes
STEM,2013,31280.421315944837,0,Male,No
HUMANITIES,2005,39469.186857941495,0,Male,Yes
STEM,2008,37132.82020145271,0,Female,No
BUSINESS,2009,47055.83509071319,0,Female,No
BUSINESS,2005,44270.27023268617,0,Female,No
HUMANITIES,2010,39578.65080287761,0,Female,Yes
HUMANITIES,2009,25473.225496934145,0,Female,No
STEM,2013,46954.61379635534,0,Male,No
BUSINESS,2012,36944.00501585999,0,Male,No
BUSINESS,2009,44437.52629306754,1,Female,No
STEM,2009,34442.43015918039,0,Male,No
BUSINESS,2005,39674.753718956825,1,Female,No
HUMANITIES,2008,38201.40519594597,0,Male,No
BUSINESS,2010,48462.58603881279,0,Female,No
STEM,2013,42070.97129527405,0,Male,No
HUMANITIES,2012,35044.6535244584,0,Female,Yes
STEM,2005,35817.64488997865,0,Male,No
HUMANITIES,2008,42243.57161819031,0,Female,Yes
BUSINESS,2013,40228.56269207112,0,Female,Yes
HUMANITIES,2007,48937.01658549739,1,Male,No
STEM,2009,33607.15587306972,1,Male,No
BUSINESS,2006,51724.10272591037,0,Male,No
BUSINESS,2005,42676.67049579401,0,Female,No
STEM,2006,38997.43273876939,0,Female,No
HUMANITIES,2005,28168.00578433233,0,Female,No
HUMANITIES,2007,48112.97949510637,0,Female,Yes
BUSINESS,2014,43967.98466836565,0,Male,No
HUMANITIES,2005,54301.76624429149,0,Female,No
STEM,2012,39323.31350806257,0,Male,No
STEM,2005,38807.08882709649,0,Male,No
BUSINESS,2013,40249.23066629634,1,Female,No
BUSINESS,2010,43530.513206998075,0,Female,No
STEM,2014,38490.550884096105,0,Male,No
HUMANITIES,2009,39850.24174025212,0,Female,No
BUSINESS,2009,42147.605864975354,0,Female,No
BUSINESS,2006,37280.1835469778,0,Female,No
STEM,2010,36287.45670497151,0,Male,No
BUSINESS,2013,36618.72213033197,0,Female,No
STEM,2010,46396.69272625367,0,Male,No
BUSINESS,2013,37117.865249316994,0,Female,No
HUMANITIES,2012,42809.28666522974,1,Female,Yes
HUMANITIES,2005,34366.50647173843,0,Female,No
HUMANITIES,2006,40285.73538070373,1,Female,Yes
BUSINESS,2011,34818.8436389119,0,Male,No
HUMANITIES,2009,30981.038181509277,0,Male,No
HUMANITIES,2013,39828.891298468334,0,Male,Yes
STEM,2006,37143.78232024505,0,Male,No
HUMANITIES,2013,35370.29195872511,0,Female,Yes
STEM,2014,38650.341572714,0,Male,No
BUSINESS,2005,36861.08031272715,1,Male,Yes
HUMANITIES,2005,43047.668871701884,0,Male,No
HUMANITIES,2011,42145.22336329813,0,Male,No
HUMANITIES,2005,46212.5074258104,0,Male,No
STEM,2006,39407.82370567307,0,Male,No
STEM,2014,46106.476864007396,0,Male,No
BUSINESS,2011,44909.49011000389,0,Female,No
BUSINESS,2013,23280.39320513412,0,Male,No
STEM,2012,36792.43379479339,0,Female,No
STEM,2009,45701.975098933675,1,Male,No
STEM,2013,42353.66204205287,0,Male,No
HUMANITIES,2011,38836.4725722672,0,Female,Yes
STEM,2014,37933.42935107434,1,Male,No
STEM,2006,38249.56599670833,0,Male,No
STEM,2006,37349.99697007271,1,Male,No
STEM,2007,41919.01012105969,0,Male,No
HUMANITIES,2013,36019.743971467076,0,Female,Yes
HUMANITIES,2009,40490.08555299257,0,Female,No
STEM,2013,47285.90277374747,0,Male,No
STEM,2007,31294.939260270137,1,Male,No
STEM,2007,46671.11754584154,0,Male,No
STEM,2005,43914.32778518932,0,Male,No
BUSINESS,2012,45886.17976724866,1,Male,No
STEM,2007,37924.963022735305,0,Male,No
BUSINESS,2011,30970.38883603836,0,Female,No
BUSINESS,2011,37793.10611986467,1,Male,No
BUSINESS,2005,44159.41965937842,0,Female,No
STEM,2008,32346.58776977202,1,Male,No
STEM,2012,39302.611867676096,0,Female,No
HUMANITIES,2006,41226.01958897053,1,Female,Yes
BUSINESS,2008,35488.34181876273,0,Male,No
STEM,2009,33159.40775133189,0,Male,No
STEM,2011,37887.05305836197,0,Male,No
STEM,2010,43899.87428326794,0,Female,No
BUSINESS,2009,45816.64169531345,0,Female,No
BUSINESS,2014,35050.49804419113,1,Female,Yes
HUMANITIES,2005,50639.981604380264,0,Female,No
HUMANITIES,2014,49872.94472246137,0,Male,Yes
BUSINESS,2011,32391.08403644328,0,Female,Yes
HUMANITIES,2009,42076.64989578556,0,Male,No
BUSINESS,2009,41605.45651745349,0,Male,No
BUSINESS,2011,41814.4505378587,0,Male,No
STEM,2010,36942.574076590085,0,Male,No
BUSINESS,2005,34791.088007398524,0,Female,Yes
HUMANITIES,2013,33794.365315242794,0,Female,Yes
STEM,2010,35879.91360354828,0,Male,No
HUMANITIES,2005,40294.59748573047,0,Male,No
STEM,2005,34717.088983047484,1,Male,No
HUMANITIES,2013,41607.72597413999,0,Male,Yes
STEM,2014,44769.57759751971,0,Male,No
BUSINESS,2007,54821.202501446256,1,Male,No
BUSINESS,2009,35578.034471447914,0,Male,No
STEM,2014,35422.916920557036,0,Male,No
STEM,2014,37529.40067685797,0,Male,No
HUMANITIES,2014,46318.32990804922,0,Female,Yes
STEM,2014,45838.543682218515,0,Male,No
STEM,2014,55044.39997437231,0,Male,No
STEM,2005,38254.519625280846,0,Male,No
STEM,2013,40735.469794055716,0,Female,No
STEM,2014,31625.95350662477,0,Male,No
BUSINESS,2005,43795.18528250726,0,Male,Yes
STEM,2012,37956.77411008086,0,Female,No
HUMANITIES,2010,31480.21486868056,0,Female,Yes
STEM,2009,33436.74909954789,0,Female,No
STEM,2008,39026.76019644721,1,Male,No
STEM,2014,40569.09201424634,0,Male,No
STEM,2006,44888.08955026406,0,Male,No
HUMANITIES,2008,39171.39692539283,0,Male,No
STEM,2014,44337.137488561566,0,Male,No
STEM,2011,39017.47715923775,0,Male,No
STEM,2010,24757.73348818469,1,Male,No
STEM,2014,37450.88955671368,1,Female,No
HUMANITIES,2006,17771.564545198846,0,Female,No
BUSINESS,2013,32193.836470042042,0,Female,Yes
STEM,2007,43643.54378460723,0,Male,No
STEM,2006,39795.76706589977,0,Female,No
HUMANITIES,2009,39896.93357738022,0,Female,Yes
STEM,2012,46621.44793558873,1,Male,No
HUMANITIES,2014,36922.20587630888,0,Female,Yes
BUSINESS,2013,41527.33528704233,0,Male,No
BUSINESS,2009,37696.328259181646,0,Male,No
STEM,2012,39693.81926038631,1,Male,No
HUMANITIES,2008,47952.38494737108,1,Female,No
HUMANITIES,2011,40830.90492890054,1,Female,Yes
STEM,2012,31280.593317563616,1,Male,No
STEM,2011,29416.577425337902,0,Female,No
STEM,2007,48138.751061606934,0,Male,No
HUMANITIES,2005,35751.14525924096,0,Female,Yes
STEM,2012,45326.34751883602,0,Female,No
HUMANITIES,2011,33910.76578147668,1,Female,Yes
STEM,2005,33463.42019862911,0,Male,No
HUMANITIES,2013,29686.601517060328,0,Male,Yes
HUMANITIES,2008,34493.72925890271,0,Male,No
STEM,2010,32794.38673278878,0,Female,No
BUSINESS,2012,37700.03875082104,0,Male,No
HUMANITIES,2006,46567.51546117063,0,Female,Yes
STEM,2006,32782.85566684332,0,Male,No
STEM,2012,47081.40150554091,0,Male,No
HUMANITIES,2005,30755.463689398868,0,Male,No
STEM,2012,28007.00883327605,0,Male,No
STEM,2010,41295.93038637641,0,Male,No
HUMANITIES,2006,43101.8896663192,0,Male,No
STEM,2005,39789.76973927803,0,Male,No
STEM,2009,49714.590046604295,1,Male,No
STEM,2009,43547.650362743676,0,Male,No
STEM,2008,34326.060174124155,0,Male,No
HUMANITIES,2012,55200.74539001198,0,Male,Yes
STEM,2007,35858.447836407875,0,Male,No
STEM,2008,44397.92535358327,0,Male,No
HUMANITIES,2011,41321.854080393925,0,Female,Yes
HUMANITIES,2006,47408.16536132273,0,Female,No
BUSINESS,2014,36896.04577320996,0,Female,No
STEM,2014,33452.13697275204,1,Female,No
STEM,2011,46135.55345530564,0,Male,No
HUMANITIES,2012,39967.37507441794,0,Female,Yes
STEM,2007,33429.1377643861,0,Male,No
STEM,2009,50529.12747951364,0,Male,No
BUSINESS,2014,44237.958135022534,0,Female,No
STEM,2007,32730.725453450596,0,Female,No
STEM,2006,44975.797044377076,0,Male,No
HUMANITIES,2014,35352.04102498438,0,Female,Yes
STEM,2009,46169.39864577918,0,Male,No
HUMANITIES,2005,32576.541652860265,0,Male,No
HUMANITIES,2006,50596.456332052854,0,Male,No
STEM,2012,40704.78786607391,0,Male,No
HUMANITIES,2014,32997.35727203404,0,Female,No
STEM,2005,54092.58018604775,0,Female,No
STEM,2014,44499.38316562307,0,Male,No
STEM,2011,27007.60501657851,0,Male,No
STEM,2010,36948.58207115748,0,Female,No
HUMANITIES,2010,33538.69856086002,0,Female,No
STEM,2006,45185.982469693874,0,Male,No
STEM,2010,48341.98160214494,1,Male,No
HUMANITIES,2013,45327.93528144096,0,Female,Yes
STEM,2012,30709.1527049204,0,Female,No
BUSINESS,2008,42294.35920046129,0,Female,No
STEM,2008,29694.2988029695,0,Male,No
BUSINESS,2012,29022.820732512322,0,Female,No
HUMANITIES,2006,38161.88004991522,1,Male,No
HUMANITIES,2011,41426.071797140365,1,Male,No
STEM,2009,34688.53299832639,0,Female,No
HUMANITIES,2014,24376.947677353666,0,Male,Yes
BUSINESS,2007,44219.43360023636,0,Female,No
STEM,2008,24562.329120973365,0,Male,No
STEM,2013,40566.15909711487,0,Male,No
STEM,2010,37004.042807493366,1,Male,No
STEM,2013,35393.126978283384,1,Male,No
STEM,2011,40261.40560411372,0,Male,No
BUSINESS,2014,42101.35916372297,0,Male,No
BUSINESS,2008,44507.62317407449,0,Female,No
STEM,2009,44446.88775431014,0,Female,No
HUMANITIES,2013,37603.42767448218,0,Female,Yes
STEM,2005,54476.23207981601,0,Male,No
HUMANITIES,2007,47441.06706188114,0,Female,Yes
STEM,2013,32786.21666423465,1,Male,No
STEM,2009,33847.2364327302,1,Male,No
STEM,2007,33405.50678472633,1,Male,No
HUMANITIES,2013,34074.98002718686,0,Female,Yes
STEM,2011,46291.1163395146,0,Female,No
HUMANITIES,2011,43135.971716449225,0,Female,Yes
HUMANITIES,2007,33305.85135481465,0,Female,No
STEM,2010,44783.08971344295,0,Male,No
STEM,2008,34475.06490518401,0,Male,No
STEM,2009,44304.867003320105,1,Male,No
STEM,2005,54342.31462963042,0,Female,No
STEM,2005,42660.63381010948,0,Male,No
BUSINESS,2006,42003.20995667039,0,Female,No
HUMANITIES,2010,54565.521216399065,1,Male,Yes
STEM,2014,47957.24409427238,0,Male,No
HUMANITIES,2013,27075.633125420354,0,Male,Yes
STEM,2010,43152.39655984127,0,Female,No
HUMANITIES,2006,41117.75855861887,1,Female,No
BUSINESS,2007,36577.50641471863,0,Female,No
STEM,2014,27191.271407130767,0,Female,No
STEM,2014,45354.72790564443,0,Male,No
STEM,2010,35397.25046477189,1,Male,No
STEM,2010,48471.95643037082,1,Male,No
STEM,2006,43618.27359390648,0,Male,No
STEM,2006,36588.81299954002,1,Male,No
STEM,2011,38667.99686046957,1,Male,No
HUMANITIES,2014,38903.602272918295,0,Female,Yes
HUMANITIES,2011,43127.79721034946,0,Male,Yes
STEM,2010,47032.29901867213,0,Female,Yes
HUMANITIES,2006,43156.176902362546,0,Female,No
STEM,2008,43328.37330361914,0,Male,No
BUSINESS,2009,28682.424881581646,0,Male,No
HUMANITIES,2006,45604.64233716874,0,Male,No
BUSINESS,2008,56306.12468494071,0,Male,No
HUMANITIES,2013,39473.83553163771,0,Female,Yes
STEM,2012,42598.23635463362,0,Male,No
HUMANITIES,2012,40848.11068377734,0,Male,No
STEM,2010,40239.852952146066,0,Female,No
HUMANITIES,2005,44123.53441559954,0,Female,No
STEM,2011,33484.3391727159,1,Male,No
HUMANITIES,2014,37577.4663189409,0,Female,Yes
BUSINESS,2010,39035.69512378926,0,Female,No
STEM,2013,37085.24752055139,0,Male,No
BUSINESS,2010,28279.64087858056,0,Female,Yes
STEM,2009,40397.17260970271,0,Female,No
STEM,2014,42456.61555636542,0,Male,No
STEM,2012,41324.79988661394,0,Male,No
BUSINESS,2013,33382.52786864399,0,Male,No
BUSINESS,2009,49959.12455473775,0,Male,No
STEM,2007,48215.95494599896,0,Female,No
STEM,2005,35955.11130168893,0,Female,No
STEM,2009,40937.2578447011,0,Male,No
HUMANITIES,2010,27309.76793747156,0,Male,No
STEM,2005,35739.45527848675,0,Male,No
STEM,2012,47725.825103397256,0,Male,No
HUMANITIES,2013,35403.972563806245,1,Female,Yes
HUMANITIES,2009,58587.76157893882,0,Female,Yes
HUMANITIES,2008,29190.928019856055,0,Female,Yes
STEM,2006,47959.0470123733,1,Female,No
BUSINESS,2014,36947.867999843744,0,Female,Yes
STEM,2009,34257.52156839161,0,Male,No
BUSINESS,2009,31914.15395382668,1,Male,No
BUSINESS,2014,33243.83912068067,1,Female,No
BUSINESS,2013,36981.67548492526,1,Male,No
HUMANITIES,2008,42655.145495617355,0,Male,No
STEM,2009,37381.74155649005,0,Female,No
BUSINESS,2014,50912.938165395644,0,Female,No
STEM,2011,43510.96148465515,1,Female,No
STEM,2006,34721.32108662009,1,Male,No
HUMANITIES,2009,34900.337233128994,0,Female,No
HUMANITIES,2012,34185.94778389408,0,Male,Yes
HUMANITIES,2012,39520.232957637,0,Female,Yes
STEM,2008,37496.949757399314,1,Male,No
STEM,2009,46494.663250111706,0,Male,No
HUMANITIES,2010,38647.89022326266,1,Male,Yes
STEM,2011,51501.088493466246,0,Male,No
STEM,2011,39504.42264991977,0,Male,No
STEM,2007,40122.00392429547,0,Male,No
STEM,2011,43851.79897922807,0,Male,No
STEM,2012,37187.22859330886,0,Male,No
BUSINESS,2010,17026.382276719924,0,Male,No
STEM,2012,32513.706729422887,1,Male,No
BUSINESS,2014,26495.55154883428,0,Female,No
HUMANITIES,2009,37389.222067644965,0,Female,No
STEM,2012,32097.11321402427,0,Male,No
STEM,2008,24672.34682235965,0,Male,No
STEM,2007,34427.597870233854,0,Male,No
HUMANITIES,2010,34390.95067692232,0,Female,Yes
STEM,2008,54012.355101244306,0,Male,No
BUSINESS,2014,40605.602876778124,0,Male,No
HUMANITIES,2009,48574.3969993614,0,Male,No
BUSINESS,2008,42771.6811902981,0,Male,No
STEM,2012,34672.643079311645,0,Male,No
HUMANITIES,2006,41157.899815464974,0,Female,Yes
HUMANITIES,2009,39785.60805837081,0,Male,No
STEM,2012,35826.61613177393,0,Male,No
HUMANITIES,2013,34477.687720082744,1,Female,Yes
HUMANITIES,2006,36698.51428911076,0,Female,No
BUSINESS,2009,40520.42042716744,0,Male,No
HUMANITIES,2010,40119.021445708735,1,Male,Yes
STEM,2008,35290.31470493118,0,Male,No
HUMANITIES,2010,48105.88707858463,0,Female,Yes
STEM,2007,28545.615954582834,0,Male,No
HUMANITIES,2009,53420.48283163541,0,Female,Yes
BUSINESS,2014,48330.84379893595,0,Male,No
HUMANITIES,2010,40031.629925137095,0,Female,Yes
HUMANITIES,2012,33194.75468029529,0,Female,Yes
HUMANITIES,2011,30804.319391402947,1,Male,Yes
STEM,2014,31546.002301813314,0,Female,No
STEM,2010,34338.33144599346,1,Female,No
STEM,2012,36663.63953931461,0,Male,No
STEM,2013,33549.56488133476,1,Male,No
STEM,2013,38664.99743768183,0,Male,No
STEM,2011,35708.308971852006,0,Female,No
STEM,2010,32565.883871490194,0,Male,No
STEM,2007,50243.92510644454,0,Male,No
STEM,2009,37250.094986865624,0,Male,No
STEM,2006,40284.402572856496,0,Male,No
STEM,2007,38325.915135049196,0,Male,No
HUMANITIES,2008,42728.04438939099,1,Female,No
STEM,2010,27837.85426768055,0,Male,No
BUSINESS,2012,39499.51247105684,0,Female,Yes
STEM,2009,38031.79502367983,0,Male,No
HUMANITIES,2011,60908.49681897661,0,Female,Yes
STEM,2011,32523.401213376685,0,Male,No
STEM,2006,44661.366477817006,0,Female,No
STEM,2010,33694.445386979234,0,Male,No
HUMANITIES,2007,41349.03717180784,0,Female,No
STEM,2013,35839.24750891129,0,Male,No
STEM,2011,59176.857571293425,1,Male,No
STEM,2010,39420.854761948875,0,Male,No
HUMANITIES,2005,40140.55398756885,0,Female,No
STEM,2008,30986.62667297717,1,Male,No
BUSINESS,2008,49433.87817365547,0,Female,No
BUSINESS,2009,50927.6658747832,0,Male,No
STEM,2012,31519.863081608615,0,Male,No
BUSINESS,2008,38736.4769365524,0,Male,No
BUSINESS,2007,47920.614378798535,0,Male,No
STEM,2008,37775.912686010415,1,Male,No
STEM,2012,28922.81750751209,0,Male,No
BUSINESS,2006,52420.24144191119,0,Male,No
STEM,2007,36503.45049798178,0,Male,No
BUSINESS,2013,39453.29860666708,0,Female,No
BUSINESS,2012,37677.46245594856,1,Female,Yes
BUSINESS,2009,29723.656864442477,0,Female,No
BUSINESS,2006,38453.40246018019,1,Female,No
HUMANITIES,2013,45104.56909518281,0,Female,Yes
HUMANITIES,2011,39531.438477261865,0,Male,Yes
HUMANITIES,2012,50911.00632955134,0,Female,Yes
STEM,2010,39259.29814586652,0,Male,No
HUMANITIES,2007,46630.17137900452,0,Female,No
HUMANITIES,2007,28837.39812135492,0,Female,No
BUSINESS,2009,38835.29460875091,0,Male,No
STEM,2007,39246.67638397964,1,Male,No
STEM,2005,42258.20727269154,1,Male,No
STEM,2013,45881.87286817084,0,Female,No
BUSINESS,2013,44207.26790699993,0,Female,Yes
HUMANITIES,2009,44524.56001659951,0,Male,No
BUSINESS,2008,37137.59344903864,0,Male,No
STEM,2010,39062.29709164543,0,Female,No
STEM,2010,56034.50778285127,0,Male,No
BUSINESS,2008,48971.70800387931,0,Male,No
HUMANITIES,2007,39710.445383542065,0,Male,Yes
HUMANITIES,2006,33413.24778234141,0,Female,No
STEM,2008,46016.38231123334,1,Male,No
HUMANITIES,2008,38506.667196414775,0,Male,No
STEM,2011,44660.59729853494,0,Female,No
HUMANITIES,2010,33589.54124434814,0,Female,Yes
HUMANITIES,2011,53178.09652254535,1,Female,Yes
STEM,2012,41178.19198892149,0,Male,No
STEM,2007,41263.75187026435,0,Male,No
STEM,2005,33873.4033714827,0,Male,No
STEM,2008,32580.93077025538,1,Male,No
HUMANITIES,2014,34606.50935663354,0,Female,Yes
HUMANITIES,2008,50921.68369397755,1,Male,Yes
BUSINESS,2009,43533.885383545894,0,Male,No
BUSINESS,2010,34969.31017704282,0,Male,No
BUSINESS,2014,43436.99550432516,0,Female,No
STEM,2009,29634.7576065931,0,Female,No
STEM,2006,43047.942623728144,0,Male,No
STEM,2010,42680.60438987333,0,Female,No
STEM,2011,44312.748202715076,0,Male,No
HUMANITIES,2011,32156.67471706233,1,Female,Yes
HUMANITIES,2009,40795.802486482746,0,Female,No
STEM,2014,29782.606062756426,0,Male,No
STEM,2011,43521.42697945265,1,Male,No
HUMANITIES,2013,40641.043471339544,1,Female,Yes
HUMANITIES,2012,34610.80811030694,0,Female,Yes
HUMANITIES,2010,36402.2526618039,0,Female,Yes
HUMANITIES,2012,41118.277562099356,0,Female,Yes
BUSINESS,2005,32396.368747156877,0,Male,No
STEM,2011,58954.18177359714,0,Male,No
STEM,2009,31604.105954251572,0,Male,No
BUSINESS,2008,35218.8684696453,0,Female,No
STEM,2008,46066.854423925295,0,Female,No
STEM,2013,36979.4921733439,0,Female,No
STEM,2010,46099.98983827427,0,Male,No
HUMANITIES,2013,38389.84055285793,0,Female,Yes
HUMANITIES,2007,49952.19972787112,0,Female,No
STEM,2005,39335.16305282858,0,Male,No
BUSINESS,2010,41420.21702335642,0,Male,No
BUSINESS,2010,35045.13466303669,0,Male,No
STEM,2012,39256.635155016025,0,Female,No
STEM,2014,35878.037981940295,0,Male,No
STEM,2007,48083.187288792455,0,Female,No
STEM,2007,46454.62340394842,0,Male,No
STEM,2009,41496.656860063245,0,Female,No
HUMANITIES,2011,37915.17398424666,1,Female,Yes
BUSINESS,2005,32695.204463418202,1,Male,No
STEM,2007,41635.05865511127,0,Male,No
BUSINESS,2014,36656.55710285096,0,Male,No
BUSINESS,2009,36593.77720446667,0,Male,No
BUSINESS,2009,32144.65133994405,0,Female,No
HUMANITIES,2013,21182.23780471328,1,Female,Yes
STEM,2011,33803.91029460076,0,Female,No
STEM,2014,36823.46340529818,0,Male,No
BUSINESS,2005,34215.41802173972,0,Male,No
STEM,2006,37505.88478614282,0,Male,No
STEM,2008,54568.71827447631,0,Male,No
BUSINESS,2014,37338.37009662068,0,Male,No
STEM,2010,37718.22302484467,0,Male,Yes
BUSINESS,2013,46974.7965450208,0,Male,Yes
STEM,2014,40850.923350375866,0,Female,No
HUMANITIES,2013,41374.53041426643,0,Male,Yes
HUMANITIES,2008,33376.824374958014,0,Female,Yes
STEM,2012,50991.56769073778,0,Male,No
HUMANITIES,2012,44818.08827674795,1,Female,Yes
STEM,2014,39250.884805310445,0,Male,No
STEM,2010,38905.39376929556,1,Male,No
STEM,2010,37065.540614877915,0,Female,No
STEM,2005,38779.86995405274,0,Male,No
STEM,2005,32672.735437662617,0,Male,No
HUMANITIES,2012,37240.55770911828,0,Female,Yes
STEM,2013,47412.19858018903,0,Male,No
STEM,2014,47959.614743668,0,Male,No
STEM,2009,27234.493629754477,1,Female,No
STEM,2010,43750.67419635325,0,Male,No
STEM,2006,41018.287192220574,0,Male,No
STEM,2012,32910.693249582975,1,Male,No
HUMANITIES,2012,27740.655426530186,1,Female,Yes
STEM,2006,38991.133929999865,0,Male,No
HUMANITIES,2014,39477.74061618353,0,Female,Yes
STEM,2006,37869.3424155003,0,Female,No
STEM,2013,33763.58224726223,0,Female,No
HUMANITIES,2012,39731.90785603961,0,Female,Yes
BUSINESS,2014,43939.8391148405,0,Male,No
BUSINESS,2013,41771.153375307484,0,Female,No
STEM,2006,35632.8382829356,0,Male,No
STEM,2006,35880.60750506196,0,Male,No
BUSINESS,2005,31679.29235967077,0,Female,No
STEM,2007,48325.10663574161,0,Male,No
STEM,2009,33751.15545281776,1,Male,No
HUMANITIES,2008,31499.054152235207,0,Female,No
BUSINESS,2007,51948.178125723716,0,Male,No
STEM,2005,45197.52827963194,1,Male,No
STEM,2005,49507.213569749256,0,Male,No
STEM,2011,38631.16208630705,0,Male,No
HUMANITIES,2007,36578.343880558255,1,Female,No
STEM,2011,44089.1954385209,0,Male,No
BUSINESS,2012,39444.91574497304,0,Male,No
BUSINESS,2007,37354.563938035986,1,Female,No
HUMANITIES,2007,42482.6685956253,0,Male,No
HUMANITIES,2010,43599.59385973405,1,Male,Yes
HUMANITIES,2014,37125.739017990774,0,Male,Yes
STEM,2006,41133.396906449845,0,Male,No
STEM,2011,46951.974710845556,1,Male,No
BUSINESS,2008,45207.69716630586,0,Male,No
HUMANITIES,2010,33159.84534786413,1,Male,Yes
STEM,2008,30626.10570463816,0,Male,No
HUMANITIES,2010,47683.67171811011,0,Female,Yes
BUSINESS,2012,40827.89802112118,0,Male,No
HUMANITIES,2012,50209.13760850684,1,Female,Yes
STEM,2008,36203.94389498411,0,Male,No
BUSINESS,2009,30363.795327977394,0,Male,No
STEM,2012,45856.86162579228,1,Male,No
STEM,2011,51309.01751874369,0,Male,No
STEM,2009,42378.422640906676,0,Male,No
STEM,2013,28818.213916545807,0,Male,No
HUMANITIES,2011,31710.043652459033,0,Female,No
STEM,2009,45005.27272851482,1,Male,No
HUMANITIES,2005,38099.063582689974,1,Female,Yes
STEM,2011,45862.42482993803,0,Male,No
HUMANITIES,2006,45973.882078302464,1,Female,Yes
STEM,2009,39697.503737497864,0,Female,No
BUSINESS,2012,32766.141504092477,0,Male,No
HUMANITIES,2014,38046.41803992829,0,Female,No
STEM,2009,40310.118079473505,0,Male,No
STEM,2011,56923.77959868795,1,Male,No
STEM,2014,48565.84686732784,0,Male,No
BUSINESS,2007,27763.279121903364,0,Male,Yes
HUMANITIES,2008,45240.67376537521,1,Female,Yes
STEM,2008,42135.96932328697,0,Male,No
STEM,2013,38326.394194723674,0,Male,No
HUMANITIES,2005,46295.06673078358,1,Male,Yes
BUSINESS,2005,49232.19968116398,0,Male,No
HUMANITIES,2005,41196.366028158656,0,Male,No
STEM,2013,30700.036847930678,0,Male,No
STEM,2009,41127.09507425128,0,Female,No
BUSINESS,2009,35214.278124645076,1,Female,Yes
HUMANITIES,2005,44089.892401345074,0,Female,No
HUMANITIES,2009,43715.414694843814,1,Female,Yes
STEM,2009,37989.85838512064,0,Male,No
STEM,2010,36948.735882258086,0,Male,No
BUSINESS,2012,34689.432472891305,0,Female,Yes
HUMANITIES,2011,39867.43030965177,0,Male,Yes
HUMANITIES,2013,35849.28570035862,0,Female,Yes
HUMANITIES,2005,38214.28305937402,1,Male,No
STEM,2011,39031.06266840567,0,Male,No
STEM,2013,24765.188139789738,0,Male,No
STEM,2014,36396.363857740325,0,Female,No
BUSINESS,2009,45763.985217787704,0,Male,No
STEM,2007,37781.08646503828,0,Male,No
HUMANITIES,2010,46610.47112969138,0,Female,Yes
STEM,2012,33804.180348693684,0,Male,No
BUSINESS,2012,30538.30763338099,0,Male,No
BUSINESS,2007,42684.508518191346,0,Male,No
BUSINESS,2008,42344.001268047294,0,Male,Yes
HUMANITIES,2013,38234.20270638908,1,Female,No
STEM,2010,47862.8234981874,0,Female,No
BUSINESS,2006,37652.58279650895,0,Male,No
STEM,2010,33181.52004331437,0,Male,No
HUMANITIES,2007,45365.40219871218,0,Female,Yes
HUMANITIES,2005,41950.947560642286,1,Female,No
STEM,2010,46807.68590820475,0,Male,No
STEM,2012,43918.9436444415,1,Female,No
STEM,2012,43842.11385539621,0,Male,No
STEM,2012,55462.18739024562,0,Female,No
HUMANITIES,2014,42002.51244128193,0,Male,No
STEM,2009,45774.8750485837,0,Female,No
STEM,2009,34367.89941103259,1,Male,No
BUSINESS,2007,30351.55721864028,1,Male,No
HUMANITIES,2005,39408.151735867206,0,Female,No
STEM,2011,52338.937229588075,0,Male,No
HUMANITIES,2007,29545.374420645676,0,Male,Yes
HUMANITIES,2011,33037.049107767074,1,Male,Yes
BUSINESS,2005,43074.087158384034,0,Male,No
HUMANITIES,2008,33724.94418355485,0,Male,No
BUSINESS,2014,44459.538263181785,0,Male,No
HUMANITIES,2012,31979.28959135972,0,Female,No
STEM,2010,38958.43390742883,1,Male,No
STEM,2014,44248.96075859623,0,Male,No
BUSINESS,2011,46073.97898766635,0,Female,Yes
HUMANITIES,2009,34229.628843472,0,Male,No
BUSINESS,2010,39543.321413114,0,Female,No
HUMANITIES,2006,41321.99215248414,0,Male,Yes
HUMANITIES,2010,42563.53285713806,0,Female,Yes
HUMANITIES,2013,34929.88432644387,0,Female,Yes
HUMANITIES,2010,37574.32609575146,0,Female,Yes
HUMANITIES,2012,32026.423547326634,1,Female,Yes
STEM,2006,36987.708283893895,1,Male,No
BUSINESS,2012,35337.06917788271,0,Male,No
BUSINESS,2013,37949.65007550005,1,Female,No
STEM,2012,43511.02007171876,1,Male,No
STEM,2013,49816.335981815486,0,Male,No
STEM,2007,39263.301827645424,0,Female,No
HUMANITIES,2010,36506.41541017155,0,Female,Yes
STEM,2006,48295.06875518007,0,Male,No
STEM,2010,42192.44778668932,0,Male,No
STEM,2011,42947.53041555189,0,Male,No
STEM,2008,40821.96560174978,0,Female,No
HUMANITIES,2007,37101.50240362837,0,Female,No
HUMANITIES,2012,36393.811686086774,0,Male,Yes
STEM,2007,57310.37788909077,0,Male,No
HUMANITIES,2007,21380.0290423452,0,Male,No
STEM,2009,28464.981061642244,1,Male,No
STEM,2006,43702.75574957019,0,Male,No
STEM,2005,44701.835458797155,0,Male,No
HUMANITIES,2008,50924.63560275588,0,Male,No
STEM,2011,36541.98542106227,0,Male,No
STEM,2007,30960.035031333675,0,Male,No
BUSINESS,2014,37811.60001277131,0,Male,Yes
STEM,2006,44302.06761403842,0,Male,No
HUMANITIES,2006,33424.25283017652,0,Female,No
STEM,2006,54857.446457273196,0,Male,No
STEM,2011,52827.12573878862,0,Male,No
BUSINESS,2006,42700.36973832668,0,Female,No
STEM,2014,40906.72974626327,1,Female,No
HUMANITIES,2014,27994.907767642384,0,Female,Yes
BUSINESS,2008,43723.32897258474,0,Female,No
BUSINESS,2011,46293.600228799165,0,Male,Yes
STEM,2009,34418.17414089595,0,Female,No
HUMANITIES,2009,30557.538734040027,1,Male,No
STEM,2011,48886.41629656583,0,Male,No
HUMANITIES,2010,42796.15797726063,0,Female,Yes
BUSINESS,2005,38597.96005312723,0,Male,No
STEM,2006,31443.338446631664,0,Male,No
STEM,2014,27077.131965307395,0,Male,No
HUMANITIES,2008,43941.30278846139,1,Female,No
BUSINESS,2008,48485.55759645849,0,Male,No
BUSINESS,2013,44238.814156129825,0,Female,Yes
STEM,2009,33139.267470338214,0,Male,No
HUMANITIES,2014,44765.43629196621,0,Female,Yes
STEM,2013,50452.93516434834,0,Female,No
STEM,2010,36062.28158477261,0,Male,No
STEM,2008,35196.43418077529,0,Female,No
BUSINESS,2009,44229.103872636566,1,Male,No
STEM,2008,47622.72483455261,0,Female,No
STEM,2014,44646.890098526455,1,Male,No
STEM,2009,54394.869644409875,1,Male,No
BUSINESS,2012,39395.10377385462,0,Male,Yes
STEM,2008,30111.49639571952,1,Male,No
HUMANITIES,2013,34518.61924302398,0,Male,Yes
HUMANITIES,2012,44137.66611131899,0,Female,Yes
HUMANITIES,2011,43753.91426169776,1,Female,Yes
STEM,2014,46111.22645433499,0,Male,No
STEM,2014,49774.417853911145,1,Male,No
STEM,2007,31318.499264247956,0,Female,No
STEM,2008,33176.71744643704,1,Female,No
STEM,2013,34873.027440023754,0,Male,No
HUMANITIES,2013,51089.302173805365,1,Female,Yes
STEM,2009,51596.005957537556,0,Male,No
BUSINESS,2008,36610.79468251056,1,Female,No
BUSINESS,2009,26628.45359200063,0,Male,No
STEM,2013,45269.46957094376,1,Male,No
HUMANITIES,2006,36680.20174889243,0,Female,No
BUSINESS,2014,39716.441507764735,1,Male,No
STEM,2013,51536.6315205951,0,Female,No
STEM,2014,34199.744420291376,0,Male,No
HUMANITIES,2011,34795.875022756205,0,Male,Yes
STEM,2005,49319.0729396957,0,Male,No
STEM,2008,44225.521936786274,0,Female,No
STEM,2011,35457.32944825351,0,Male,No
STEM,2011,42105.49865963693,0,Female,No
STEM,2007,41021.16134458208,0,Female,No
BUSINESS,2010,51446.475611535774,0,Male,No
HUMANITIES,2006,36851.04323725275,0,Male,No
STEM,2008,34753.408387837786,1,Male,No
HUMANITIES,2005,26042.194245697905,0,Female,No
HUMANITIES,2007,47106.95098698372,1,Female,No
STEM,2008,41335.38214182102,0,Female,No
STEM,2010,48559.528159082605,0,Male,No
BUSINESS,2008,60458.97500861347,1,Male,No
STEM,2008,38480.945095804535,0,Male,No
BUSINESS,2014,39431.7846959703,0,Male,No
HUMANITIES,2011,40266.284338693455,0,Female,Yes
HUMANITIES,2012,43403.12950124828,0,Female,Yes
STEM,2009,40992.92707764424,0,Male,No
BUSINESS,2006,39809.36665417858,0,Male,No
STEM,2005,36179.79793256202,1,Male,No
STEM,2013,39076.451312183184,0,Male,No
STEM,2007,41155.132812473596,0,Female,No
HUMANITIES,2011,40106.91571580591,0,Male,Yes
HUMANITIES,2012,40401.55733565845,1,Female,Yes
BUSINESS,2008,46150.67711123089,0,Female,No
STEM,2008,36850.79136979213,0,Female,No
HUMANITIES,2008,40503.992457131724,0,Male,No
BUSINESS,2013,30756.75288339438,1,Female,Yes
STEM,2008,43983.36600957996,0,Female,No
STEM,2013,31363.069989584597,0,Male,No
BUSINESS,2010,51069.12447822623,1,Male,Yes
STEM,2007,30416.851069519824,0,Female,No
STEM,2011,32995.61690828245,0,Male,No
STEM,2012,35945.025872846716,0,Male,No
HUMANITIES,2006,37889.42792371073,0,Male,No
STEM,2010,43692.982910807754,1,Male,No
STEM,2010,36206.41033966665,1,Female,No
HUMANITIES,2011,36453.63828215868,0,Female,Yes
HUMANITIES,2011,44429.5838411685,0,Male,Yes
BUSINESS,2014,45635.86030992213,0,Male,Yes
STEM,2012,35245.00956995437,0,Male,No
HUMANITIES,2013,44930.366288161495,0,Male,Yes
HUMANITIES,2006,50290.89945087358,1,Female,Yes
STEM,2008,43118.28616436419,0,Female,No
STEM,2013,39487.75171617353,0,Male,No
HUMANITIES,2005,48091.86995693137,0,Male,No
STEM,2009,41193.318351051705,0,Male,No
HUMANITIES,2007,40680.90329869227,0,Male,Yes
BUSINESS,2007,40837.29922895781,0,Female,No
HUMANITIES,2009,36831.49376351963,0,Male,No
BUSINESS,2009,35670.03817066272,1,Male,No
STEM,2008,33181.5876643114,0,Male,No
STEM,2007,43742.8139413597,0,Male,No
STEM,2006,55913.241848178805,0,Male,No
STEM,2014,33778.71536020946,0,Male,No
HUMANITIES,2014,37102.94185912785,0,Female,Yes
STEM,2008,38444.51857801204,0,Female,No
STEM,2005,39084.12969351298,0,Female,No
HUMANITIES,2006,21790.111361360883,0,Female,No
STEM,2011,43489.41041208754,0,Male,No
HUMANITIES,2006,36091.787659445,0,Female,No
STEM,2005,35987.19236774307,0,Male,No
STEM,2010,37234.3641309823,0,Male,No
STEM,2010,42597.87327795062,0,Female,No
HUMANITIES,2005,32957.03304868058,0,Female,Yes
STEM,2007,24583.658827652678,0,Male,No
HUMANITIES,2014,41740.059864116,0,Female,Yes
HUMANITIES,2006,36237.52011599984,0,Female,No
HUMANITIES,2014,24844.8759729089,0,Male,No
BUSINESS,2012,34717.93447970135,0,Male,No
STEM,2007,39941.43074309671,0,Female,No
STEM,2009,36858.47175257477,0,Male,No
HUMANITIES,2012,31037.990862084218,0,Male,Yes
STEM,2008,35765.47267705182,0,Male,No
STEM,2011,46329.42789234508,0,Male,No
STEM,2007,40118.430329348885,0,Male,No
BUSINESS,2013,49589.762523400226,0,Male,No
STEM,2011,38324.05553943924,1,Male,No
BUSINESS,2011,41193.94159799179,0,Female,No
BUSINESS,2014,29868.273203970188,0,Male,No
BUSINESS,2009,41802.451352785756,0,Male,No
HUMANITIES,2014,42554.05688416342,1,Female,Yes
STEM,2005,35679.306200811356,1,Male,No
STEM,2005,52202.243279811526,0,Male,No
BUSINESS,2014,46572.06907760995,0,Female,No
STEM,2008,46465.18697868699,0,Male,No
STEM,2012,38909.5840964928,0,Male,No
HUMANITIES,2005,26032.614255802302,0,Female,No
STEM,2006,38870.4269148685,0,Male,No
STEM,2007,42118.69623585245,0,Male,No
STEM,2007,36053.16636092934,0,Male,No
HUMANITIES,2007,37564.04453366528,0,Male,No
BUSINESS,2008,34980.41758111197,1,Male,No
STEM,2007,40470.34216194309,0,Female,No
BUSINESS,2011,42501.108876203565,0,Male,No
HUMANITIES,2010,45389.008824022065,1,Female,Yes
BUSINESS,2008,22048.008125966466,0,Male,No
BUSINESS,2006,39175.112828569465,0,Female,No
BUSINESS,2005,35800.24662757703,1,Male,No
STEM,2007,41914.060860654296,0,Male,No
HUMANITIES,2013,43158.71246964973,0,Female,Yes
STEM,2010,55807.22068759422,1,Male,No
HUMANITIES,2013,30171.032683899306,0,Male,Yes
STEM,2014,27776.596265521555,0,Male,No
STEM,2010,26460.76336706528,0,Female,No
HUMANITIES,2011,39324.9829819289,0,Female,Yes
HUMANITIES,2005,32919.87452655401,0,Female,Yes
STEM,2009,52771.424292911746,1,Male,No
HUMANITIES,2007,44099.14095992465,1,Female,No
HUMANITIES,2011,42019.40297121549,0,Male,Yes
HUMANITIES,2008,33548.557420887504,0,Male,No
STEM,2010,33013.68567413718,0,Female,No
HUMANITIES,2005,39533.97513980413,0,Female,Yes
HUMANITIES,2010,49992.0041232433,1,Male,Yes
STEM,2005,36610.63800817581,1,Female,No
STEM,2006,32945.074209866434,1,Male,No
STEM,2006,40056.51250569808,0,Male,No
HUMANITIES,2005,39726.34398616823,0,Female,Yes
STEM,2006,40139.95473940968,0,Male,No
STEM,2008,48774.42540529945,0,Male,No
STEM,2008,39498.58637371702,1,Female,No
BUSINESS,2005,43666.55529170443,0,Male,No
BUSINESS,2011,46134.61102901365,0,Female,No
STEM,2010,51509.73904576077,1,Female,No
STEM,2014,42514.60587476632,0,Male,No
BUSINESS,2013,43450.0761859311,0,Male,No
STEM,2008,17877.321676828273,0,Male,No
HUMANITIES,2007,49760.76281348058,0,Male,Yes
BUSINESS,2008,48531.707753927636,1,Female,No
BUSINESS,2012,44180.918167056385,0,Female,Yes
STEM,2011,42129.88801915893,0,Male,No
STEM,2005,46335.1848331629,1,Male,No
HUMANITIES,2009,33328.925542543904,0,Female,No
STEM,2005,40651.815740553146,0,Male,No
STEM,2011,49086.33426713114,0,Male,No
STEM,2012,38758.46164258502,0,Male,No
STEM,2012,42474.625334947326,0,Male,No
HUMANITIES,2010,46821.688527195394,0,Female,Yes
HUMANITIES,2009,34469.63302534198,0,Female,No
BUSINESS,2013,31001.33050107935,1,Male,No
STEM,2010,38116.08587471049,0,Male,No
HUMANITIES,2014,37588.20970030801,1,Female,Yes
STEM,2009,48030.071959434645,0,Male,No
STEM,2013,26759.939142933457,0,Male,No
STEM,2009,40362.103478987854,0,Male,No
STEM,2010,39777.01922109854,0,Male,No
STEM,2011,34047.741897894084,0,Male,No
STEM,2007,45463.40529476476,1,Female,No
STEM,2005,35985.14915299347,0,Male,No
STEM,2014,43902.85560680801,0,Male,No
HUMANITIES,2007,37611.7899090044,0,Female,Yes
STEM,2008,36014.93055551933,0,Male,No
STEM,2006,52255.692248252555,0,Male,No
STEM,2007,38164.00461517837,0,Male,No
STEM,2006,40723.1834423686,0,Male,No
STEM,2010,36296.98467668238,1,Male,No
BUSINESS,2011,33322.739153350325,0,Female,No
HUMANITIES,2013,45609.76574741149,0,Female,Yes
STEM,2008,50596.31467455677,1,Male,No
HUMANITIES,2005,43625.25141215279,0,Female,No
STEM,2013,38104.61563907159,0,Female,No
HUMANITIES,2005,36744.01166781969,0,Male,Yes
HUMANITIES,2011,51146.388237808926,1,Male,Yes
STEM,2006,32767.962191957497,0,Female,No
BUSINESS,2005,35178.04721492022,1,Female,No
STEM,2013,27504.22774739506,0,Male,No
BUSINESS,2010,43906.728135533114,0,Male,Yes
BUSINESS,2014,48405.62308399734,0,Female,No
BUSINESS,2009,46050.24962632947,0,Female,No
STEM,2011,43239.44762280445,0,Male,No
HUMANITIES,2010,32740.861813260115,0,Female,Yes
STEM,2014,31931.370939578934,0,Male,No
HUMANITIES,2013,38422.786076449986,0,Female,Yes
STEM,2007,33916.39172003146,1,Male,No
HUMANITIES,2005,34436.17011822042,0,Female,No
STEM,2009,40688.913553289254,0,Female,No
HUMANITIES,2009,31700.653451545946,0,Male,No
HUMANITIES,2012,41705.00328023751,0,Male,Yes
STEM,2007,43159.92493622031,0,Male,No
HUMANITIES,2014,43159.15181568131,0,Female,Yes
STEM,2007,51192.52322190673,0,Male,No
STEM,2005,41184.99228565641,0,Female,No
HUMANITIES,2009,43580.36594493739,0,Female,Yes
STEM,2011,30621.16655253829,0,Male,No
HUMANITIES,2005,41594.14108373772,0,Female,Yes
HUMANITIES,2010,31599.91040915184,0,Male,Yes
HUMANITIES,2010,58635.813750054134,1,Female,Yes
STEM,2010,49819.41111937656,1,Female,No
STEM,2010,35622.679753107215,0,Male,No
BUSINESS,2007,42444.51962260365,0,Male,No
STEM,2008,54009.44773134471,0,Male,No
BUSINESS,2007,28647.40005270535,0,Male,No
HUMANITIES,2014,39207.16561919502,1,Female,Yes
BUSINESS,2014,34239.75826245237,0,Male,No
BUSINESS,2014,42789.32081137663,0,Female,No
BUSINESS,2005,43963.76355367405,0,Male,No
HUMANITIES,2008,33393.01755784868,1,Female,Yes
STEM,2013,47857.96028202782,1,Male,No
STEM,2006,52459.42365783759,0,Male,No
HUMANITIES,2007,30363.38754548339,0,Female,Yes
BUSINESS,2010,42004.378692765255,0,Female,No
STEM,2007,35897.70372900341,0,Male,No
STEM,2008,33735.407022676896,1,Female,No
STEM,2009,46867.39224070911,0,Female,No
STEM,2010,39843.143975422296,0,Male,No
HUMANITIES,2005,39158.849000741095,1,Male,No
STEM,2012,35843.60783432629,0,Male,No
HUMANITIES,2005,33120.587424548095,1,Female,Yes
HUMANITIES,2014,47913.272742748544,0,Female,Yes
BUSINESS,2011,39672.100239622916,1,Female,No
HUMANITIES,2005,36744.165286357435,0,Male,No
STEM,2012,30548.314305361673,0,Male,No
HUMANITIES,2010,30794.711558619965,0,Male,Yes
STEM,2009,36912.06704978313,0,Male,No
HUMANITIES,2013,33181.56571459022,0,Female,Yes
STEM,2009,40392.083877410085,0,Female,No
STEM,2012,32947.69842449428,0,Male,No
STEM,2007,48412.84476880546,0,Male,No
BUSINESS,2013,43477.683641793075,0,Female,Yes
STEM,2008,38740.46008035318,1,Male,No
BUSINESS,2011,48369.228534875256,0,Male,No
BUSINESS,2010,39507.13196695426,0,Female,Yes
HUMANITIES,2014,46536.6958596738,0,Female,Yes
STEM,2009,42653.913545564545,1,Male,No
HUMANITIES,2009,38684.04691772796,0,Female,Yes
BUSINESS,2008,43291.70125797413,0,Female,No
STEM,2005,30888.855650656493,0,Male,No
STEM,2014,42500.19980092196,0,Female,No
STEM,2008,43852.63429340701,0,Male,No
STEM,2007,33352.125928836824,0,Male,No
STEM,2013,44517.1037733123,0,Male,No
STEM,2010,44362.46058299752,0,Female,No
STEM,2008,41314.80930929693,0,Male,No
BUSINESS,2007,43843.51017152049,0,Female,No
BUSINESS,2007,56589.58492344971,0,Female,No
HUMANITIES,2007,43658.94879282745,0,Female,Yes
STEM,2007,33777.30296905005,0,Male,No
HUMANITIES,2010,41906.957844171935,0,Male,Yes
BUSINESS,2010,33509.38117678092,0,Male,No
STEM,2006,39155.291942183496,1,Male,No
BUSINESS,2006,34510.00938340795,0,Female,No
BUSINESS,2009,39853.56347150536,0,Female,No
STEM,2010,29351.639097969455,0,Male,No
STEM,2009,38492.93424592054,0,Male,No
STEM,2005,33730.29934198256,0,Male,No
STEM,2012,40258.811423977226,0,Male,No
STEM,2013,45836.65940102541,0,Female,No
STEM,2007,49678.02201033465,0,Male,No
STEM,2005,52574.678906990295,0,Male,No
HUMANITIES,2014,37214.77408584832,1,Female,Yes
HUMANITIES,2007,37064.79560199997,0,Female,Yes
BUSINESS,2013,40152.176329133334,0,Male,No
BUSINESS,2013,25119.189094403562,0,Female,Yes
STEM,2009,43690.7252912444,0,Male,No
STEM,2009,39636.017542810456,0,Male,No
STEM,2008,38710.01195803279,0,Male,No
HUMANITIES,2007,34776.86377390637,1,Female,No
STEM,2011,45366.98493273321,0,Female,No
STEM,2008,30286.061637078146,0,Male,No
STEM,2013,43729.90545720734,0,Male,No
BUSINESS,2006,38354.26073870216,0,Male,No
HUMANITIES,2006,42370.708181368325,1,Female,No
STEM,2013,40224.04534313295,1,Male,No
BUSINESS,2014,44390.319758868805,0,Female,Yes
STEM,2005,38498.41916083403,0,Male,No
STEM,2005,37251.81149217131,1,Male,No
STEM,2009,40337.073864814985,0,Male,No
BUSINESS,2013,53266.38119588255,0,Male,No
STEM,2008,43351.480167807655,0,Female,No
BUSINESS,2007,31406.69166238916,0,Male,No
HUMANITIES,2006,21640.54572770832,0,Female,No
STEM,2014,35321.80245846963,0,Male,No
STEM,2006,34210.30865551306,0,Female,No
HUMANITIES,2009,51540.42975153698,0,Female,Yes
HUMANITIES,2011,39829.43700025944,0,Female,No
HUMANITIES,2013,39910.039275778,0,Female,No
STEM,2013,29863.59690604158,0,Male,No
STEM,2005,43034.71514368262,0,Male,No
HUMANITIES,2014,36185.26678236363,1,Male,Yes
STEM,2014,46968.08906420016,0,Male,No
HUMANITIES,2013,47078.18358093449,0,Female,Yes
STEM,2008,42941.07322607701,0,Male,No
STEM,2008,38816.98951551992,0,Male,No
BUSINESS,2006,40465.67382393134,0,Male,No
STEM,2007,42742.54792029803,1,Male,No
HUMANITIES,2008,34933.2844341829,0,Female,No
STEM,2010,42571.86522374633,0,Male,No
HUMANITIES,2005,52152.364740098856,0,Male,No
BUSINESS,2013,31518.402649894142,0,Female,Yes
STEM,2007,44921.32909171877,0,Male,No
HUMANITIES,2006,42985.34782741983,0,Female,No
HUMANITIES,2006,36747.89008890965,0,Female,No
STEM,2013,36205.09310650758,1,Female,No
BUSINESS,2012,29241.244576152225,1,Female,No
STEM,2013,41804.61823344585,0,Male,No
STEM,2014,40255.53739921286,0,Male,No
STEM,2007,44394.844876072246,0,Female,No
HUMANITIES,2006,45643.767624461245,0,Female,No
STEM,2012,40984.236390910555,0,Female,No
STEM,2007,42149.49042845668,0,Male,No
STEM,2008,33160.41508271653,0,Male,No
HUMANITIES,2014,34022.47209055739,0,Female,Yes
HUMANITIES,2005,28208.218258502544,1,Male,No
BUSINESS,2012,35679.28432024693,0,Female,No
HUMANITIES,2009,37668.157088182816,0,Female,No
BUSINESS,2008,45991.039351358544,0,Female,No
STEM,2005,31097.572189521245,0,Male,No
HUMANITIES,2010,30951.212099290893,1,Female,Yes
BUSINESS,2011,41634.39123061253,0,Female,No
STEM,2012,34793.49730556087,0,Female,No
STEM,2011,40470.94512802856,1,Male,No
STEM,2008,45549.84017372492,0,Male,No
STEM,2009,40612.710732265106,0,Male,No
BUSINESS,2011,30434.86483281392,0,Male,No
STEM,2006,30554.848697027523,0,Male,No
BUSINESS,2014,39497.145809419526,0,Male,No
STEM,2006,44419.49770544117,0,Male,No
STEM,2006,37874.03477311771,0,Female,No
BUSINESS,2010,45292.24671282559,0,Female,Yes
STEM,2011,57444.86327010481,0,Male,No
STEM,2005,35496.00868678067,1,Male,No
STEM,2011,34090.9944844323,0,Male,No
HUMANITIES,2014,42165.29755204216,1,Female,Yes
HUMANITIES,2010,39402.23547603783,0,Female,Yes
HUMANITIES,2007,49693.60137261161,0,Female,No
STEM,2012,39877.964787709796,0,Male,No
HUMANITIES,2013,39067.61741147482,0,Male,Yes
STEM,2006,46897.6501506466,0,Male,No
HUMANITIES,2012,44676.86010156051,0,Female,No
STEM,2014,38978.19622727619,0,Female,No
STEM,2012,47868.85298826006,0,Male,No
HUMANITIES,2011,33893.76652312337,0,Female,Yes
HUMANITIES,2010,37353.34404914426,0,Male,No
HUMANITIES,2014,44937.15341567673,0,Male,Yes
STEM,2005,27896.418188753276,0,Female,No
HUMANITIES,2006,42998.08636540656,1,Female,Yes
STEM,2009,26924.339287034527,1,Male,No
HUMANITIES,2013,41865.38566582874,0,Female,Yes
HUMANITIES,2009,33184.684633573735,0,Female,No
STEM,2007,46813.067937825654,1,Male,No
STEM,2009,32079.059205894773,0,Male,No
HUMANITIES,2006,39666.92818169865,0,Male,No
BUSINESS,2012,32137.244354456594,0,Male,No
STEM,2012,36764.09182989741,1,Female,Yes
STEM,2009,53324.37514276977,0,Female,No
HUMANITIES,2006,40336.488105767654,0,Male,No
HUMANITIES,2009,39084.00300243801,0,Female,No
BUSINESS,2008,39480.57672731316,0,Male,No
STEM,2011,57418.34516048328,0,Male,No
HUMANITIES,2008,44425.184940464,0,Female,Yes
BUSINESS,2006,37107.77933039784,0,Male,No
STEM,2005,41790.39593422181,0,Male,No
BUSINESS,2006,36483.95347684187,1,Female,No
HUMANITIES,2012,45195.576934275734,0,Female,Yes
STEM,2013,51614.02398092611,0,Female,No
BUSINESS,2009,45015.218033391764,0,Male,No
STEM,2007,30246.265466337587,0,Female,No
STEM,2009,41887.71263945376,1,Male,No
STEM,2008,38890.21759389431,1,Male,No
STEM,2014,39969.250609184026,0,Male,No
STEM,2009,45042.512733123534,1,Male,No
STEM,2009,50193.8514349475,0,Male,No
STEM,2006,44202.32684591291,0,Male,No
STEM,2008,36336.69120278013,1,Male,No
HUMANITIES,2011,37022.94567338509,0,Male,Yes
STEM,2009,45548.3874771241,0,Male,No
BUSINESS,2014,45467.864003699804,0,Female,Yes
HUMANITIES,2006,44470.293763365844,0,Female,Yes
HUMANITIES,2014,35149.312460571186,0,Female,No
BUSINESS,2009,24286.446384260154,0,Female,No
STEM,2014,31179.399820871942,0,Female,No
STEM,2011,43366.782672631045,1,Female,No
HUMANITIES,2011,43996.0878666798,0,Male,Yes
BUSINESS,2007,35679.32748088098,0,Female,No
BUSINESS,2013,44097.796835415924,1,Male,No
HUMANITIES,2010,38212.74623849696,0,Female,Yes
BUSINESS,2009,34505.82621208977,1,Male,No
BUSINESS,2011,30850.327864586216,1,Female,No
HUMANITIES,2005,38268.48761634175,1,Female,Yes
HUMANITIES,2011,31012.12478525753,1,Female,Yes
BUSINESS,2009,44170.3832862976,0,Female,No
BUSINESS,2005,39656.68483072841,0,Male,No
HUMANITIES,2007,47357.03259445286,0,Female,Yes
STEM,2005,36158.294588638055,0,Female,No
BUSINESS,2008,35871.099082988716,0,Female,No
HUMANITIES,2009,40395.73255426251,0,Female,No
BUSINESS,2009,45881.68318325604,0,Male,No
HUMANITIES,2008,43720.66881146779,0,Male,Yes
BUSINESS,2006,27485.21921456939,1,Female,No
STEM,2011,42121.807468814804,0,Male,No
BUSINESS,2013,38158.17506546143,0,Male,Yes
BUSINESS,2006,34813.8212698986,0,Male,No
HUMANITIES,2014,47017.549001918334,1,Male,Yes
STEM,2012,37453.22694531104,0,Female,No
HUMANITIES,2005,53560.08976886542,1,Male,No
STEM,2005,33020.86082915084,0,Male,No
STEM,2005,37797.953500324904,0,Male,No
STEM,2012,50984.085583588516,0,Male,Yes
STEM,2007,40325.368473168106,0,Female,No
STEM,2009,47800.45345520185,1,Male,No
HUMANITIES,2006,48282.81756782596,0,Female,Yes
HUMANITIES,2006,32934.82485151908,0,Female,No
BUSINESS,2009,45498.60754030603,1,Female,No
STEM,2006,45357.95955403589,0,Male,No
HUMANITIES,2008,39295.64645483107,0,Female,Yes
HUMANITIES,2005,33493.66976264001,0,Female,No
HUMANITIES,2007,32278.7204404979,0,Male,No
HUMANITIES,2010,54160.04438883702,0,Female,Yes
HUMANITIES,2013,39954.1419835815,0,Female,Yes
HUMANITIES,2010,39543.53555514846,0,Female,Yes
STEM,2013,39894.31857769595,0,Male,No
STEM,2011,44865.98424589004,0,Female,No
HUMANITIES,2006,34827.19848050248,0,Female,Yes
STEM,2012,36754.119419959934,0,Male,No
STEM,2011,47761.821624993216,0,Male,Yes
STEM,2012,44654.521086332825,0,Male,No
STEM,2005,36425.1363768252,0,Male,No
STEM,2006,41822.88839222641,0,Female,No
HUMANITIES,2007,50246.66742789543,0,Male,Yes
STEM,2012,44799.59384941313,0,Male,No
BUSINESS,2014,36502.992854752825,1,Male,No
STEM,2011,39415.57739385961,0,Male,No
STEM,2005,40073.34930894483,0,Female,No
BUSINESS,2007,37234.562036394105,0,Male,No
STEM,2012,37716.255411964834,0,Male,No
HUMANITIES,2013,29762.778712452753,1,Female,Yes
STEM,2014,37392.967426081654,0,Male,No
STEM,2013,52353.97285841948,1,Male,No
BUSINESS,2011,35788.93290714432,1,Female,Yes
STEM,2007,38239.74584663705,0,Female,No
STEM,2010,54822.55961650454,0,Female,No
STEM,2013,45080.875260287234,0,Male,Yes
HUMANITIES,2009,43038.86959025952,0,Male,No
STEM,2013,35486.5346089763,0,Male,No
HUMANITIES,2008,40662.733766435915,0,Female,No
HUMANITIES,2011,38632.57785158929,0,Female,Yes
BUSINESS,2006,54531.99233839779,0,Male,No
STEM,2014,49797.73660604232,0,Male,No
HUMANITIES,2013,38403.45321664336,0,Female,Yes
HUMANITIES,2008,40935.2344565052,0,Female,No
HUMANITIES,2012,38272.56628052674,0,Female,Yes
STEM,2006,34783.2055558087,0,Male,No
BUSINESS,2006,26065.543494481746,0,Female,No
BUSINESS,2013,39505.153079878684,0,Male,No
STEM,2011,43916.171631275014,0,Female,No
STEM,2009,44345.07046476926,0,Male,No
HUMANITIES,2007,43255.0113499281,0,Male,No
STEM,2005,42594.77045065084,0,Male,No
STEM,2005,46679.10578106489,0,Male,No
STEM,2012,42994.90614283198,0,Male,No
BUSINESS,2009,34431.006546067576,1,Female,No
STEM,2005,41034.75263266043,0,Male,No
STEM,2011,35063.23451460267,1,Female,No
HUMANITIES,2007,45349.11328359193,0,Female,Yes
HUMANITIES,2012,35358.45741792615,0,Female,Yes
STEM,2009,37706.278775745515,0,Female,No
STEM,2013,33028.850280040264,0,Male,No
STEM,2005,30360.317430207942,0,Male,No
STEM,2009,46051.315862485964,0,Female,No
STEM,2005,47660.08478196451,0,Male,No
BUSINESS,2010,33006.34173002076,0,Male,No
BUSINESS,2008,32705.805583558606,1,Female,No
STEM,2014,41151.33819136471,0,Male,No
BUSINESS,2005,25086.409550192075,0,Male,No
HUMANITIES,2005,46223.536693207454,0,Female,No
STEM,2005,42471.29084290656,0,Male,No
HUMANITIES,2007,38997.34993581325,0,Female,No
BUSINESS,2005,49240.39289662614,0,Female,No
STEM,2008,42381.45672695651,0,Male,No
HUMANITIES,2010,36405.01316800009,0,Female,No
BUSINESS,2010,28169.84131266454,0,Female,Yes
HUMANITIES,2013,34853.13893739201,1,Female,No
HUMANITIES,2012,36871.33579303197,0,Female,Yes
STEM,2011,31066.151953372617,0,Male,No
HUMANITIES,2006,42990.94471090478,0,Female,Yes
STEM,2014,48807.18440049727,0,Male,No
HUMANITIES,2010,46787.88533589548,1,Female,Yes
STEM,2005,38772.69978610026,0,Male,No
STEM,2010,32380.190607710047,0,Male,No
STEM,2012,38315.25526449319,0,Male,Yes
HUMANITIES,2013,37512.93602322363,1,Female,Yes
BUSINESS,2011,50459.287911823056,1,Female,Yes
HUMANITIES,2005,55977.95286477207,1,Female,No
BUSINESS,2013,32826.677522423066,0,Male,No
STEM,2013,50606.162325504105,0,Male,No
HUMANITIES,2006,36370.011522151646,0,Male,No
HUMANITIES,2009,48265.86210455586,0,Male,No
STEM,2007,52587.88227872156,0,Female,No
BUSINESS,2006,29443.101359333836,0,Female,No
STEM,2013,40241.43191465788,0,Male,No
STEM,2007,44747.292092949225,0,Male,No
STEM,2011,37732.8962681966,0,Female,No
STEM,2014,36879.54575965915,0,Male,No
BUSINESS,2006,44620.35282117358,0,Female,No
BUSINESS,2006,37821.6605027536,0,Male,No
STEM,2010,28133.88050847969,0,Female,No
HUMANITIES,2013,40860.67743415121,0,Female,Yes
HUMANITIES,2013,45042.85828257797,0,Female,Yes
BUSINESS,2013,35153.194468030815,0,Male,Yes
STEM,2005,39616.989589420584,1,Male,No
STEM,2012,47807.06308343753,1,Female,No
STEM,2013,31361.196389553872,0,Female,No
BUSINESS,2005,35714.52475479313,0,Female,No
BUSINESS,2006,45889.89029865067,0,Female,No
HUMANITIES,2010,43129.737481944416,1,Female,Yes
STEM,2009,28514.82888707763,0,Male,No
HUMANITIES,2013,45926.983873600846,0,Female,Yes
STEM,2013,39860.152423473235,0,Male,No
HUMANITIES,2011,33846.72158674877,0,Female,Yes
BUSINESS,2006,45829.1411303288,1,Male,No
BUSINESS,2014,47792.453007798154,0,Female,Yes
HUMANITIES,2011,32918.44881345704,0,Female,Yes
STEM,2014,40369.35504128115,1,Male,No
STEM,2011,60596.29785952043,0,Male,No
BUSINESS,2010,56812.64544408255,1,Male,No
STEM,2013,44738.336906423996,0,Male,No
HUMANITIES,2010,47555.191806123956,1,Female,Yes
HUMANITIES,2005,44686.852839708394,0,Female,Yes
HUMANITIES,2014,29900.863501622014,1,Female,Yes
STEM,2007,60027.81198773497,1,Male,No
STEM,2009,45890.21118441905,0,Male,No
HUMANITIES,2006,42018.168484222915,0,Female,Yes
BUSINESS,2009,33745.00838611941,0,Male,No
STEM,2008,43785.50747145984,1,Male,No
BUSINESS,2012,35861.44222591315,0,Male,Yes
BUSINESS,2009,44363.417020319794,0,Male,Yes
HUMANITIES,2010,31727.634861528586,0,Male,Yes
HUMANITIES,2010,29946.07361832584,0,Female,No
HUMANITIES,2005,28662.196167992763,0,Male,No
STEM,2012,40555.48384564668,0,Male,No
HUMANITIES,2010,49682.31209446157,1,Female,Yes
HUMANITIES,2013,48425.972529609266,0,Male,Yes
HUMANITIES,2013,51945.80065375865,0,Male,Yes
BUSINESS,2011,31016.67393877531,0,Male,Yes
STEM,2006,33804.845717754724,1,Male,No
STEM,2008,51264.29790751234,0,Male,No
STEM,2013,24682.15322444169,0,Male,No
STEM,2010,41990.1214979068,0,Female,Yes
STEM,2007,43610.16033189706,0,Male,No
HUMANITIES,2005,31629.753867918967,0,Female,No
STEM,2007,40807.340003679965,0,Male,No
BUSINESS,2013,39046.36572744661,1,Male,No
BUSINESS,2012,40163.53775912219,0,Male,No
STEM,2013,42379.831852178744,0,Male,No
STEM,2012,40259.14442354178,0,Male,No
HUMANITIES,2012,40240.94911336513,0,Female,No
STEM,2007,32908.16831956668,0,Female,No
BUSINESS,2012,45624.073039323834,0,Male,No
HUMANITIES,2008,33949.36520796995,0,Female,No
STEM,2007,46001.569864347555,0,Male,No
STEM,2009,28259.371878185182,0,Male,No
HUMANITIES,2008,37617.327641989745,0,Female,Yes
HUMANITIES,2011,28307.83827363568,0,Female,Yes
HUMANITIES,2011,39159.92715701763,0,Female,Yes
HUMANITIES,2008,29861.07879977936,1,Male,No
STEM,2007,45519.37894916433,1,Male,No
STEM,2012,50634.96896192976,0,Male,No
HUMANITIES,2005,35974.39568650915,0,Male,No
HUMANITIES,2013,42686.81535554255,0,Female,No
HUMANITIES,2008,43270.502271518344,0,Female,No
STEM,2011,35337.025867289725,0,Male,No
HUMANITIES,2008,50705.24243678806,0,Female,Yes
STEM,2012,45915.64001179009,0,Male,No
HUMANITIES,2012,24811.355700409054,0,Female,No
STEM,2008,43143.453139268764,0,Male,No
BUSINESS,2007,58341.07716586998,1,Male,No
HUMANITIES,2014,40738.65793517707,0,Female,Yes
HUMANITIES,2009,35294.83018086664,0,Female,Yes
STEM,2007,45692.50729876294,1,Male,No
STEM,2006,44372.43519028959,0,Male,No
STEM,2012,34199.39646793771,0,Male,No
HUMANITIES,2010,52979.17833475119,0,Male,Yes
STEM,2010,44807.84990971984,1,Male,No
BUSINESS,2012,38840.7120654936,1,Female,Yes
HUMANITIES,2013,35386.37064528349,0,Female,No
HUMANITIES,2005,47280.270870961525,0,Female,No
STEM,2012,54598.63475571582,0,Male,No
HUMANITIES,2010,45179.221900305565,0,Female,Yes
HUMANITIES,2005,54821.771493921246,0,Female,No
HUMANITIES,2005,41636.332731713876,0,Female,Yes
STEM,2005,34070.008487730716,0,Male,No
HUMANITIES,2012,29181.37954261372,1,Male,Yes
BUSINESS,2008,40854.67276037018,0,Female,No
STEM,2010,41786.570953507806,0,Male,No
STEM,2005,33378.064164436015,0,Male,No
HUMANITIES,2007,40910.94582218447,0,Female,Yes
STEM,2007,36160.00852142912,1,Male,No
STEM,2008,31040.65851365425,1,Male,No
STEM,2009,44264.7427038357,0,Male,No
HUMANITIES,2009,37367.84642782473,0,Female,No
STEM,2009,43096.95197944572,0,Male,No
STEM,2013,28135.085438742834,0,Male,No
STEM,2014,27444.178397421027,0,Female,No
BUSINESS,2012,35348.15361039213,0,Female,No
HUMANITIES,2005,36329.24398054707,0,Male,No
STEM,2013,57566.1699535347,0,Male,No
STEM,2011,44222.99573347444,0,Female,No
STEM,2012,42736.922370564724,1,Male,No
STEM,2009,32336.427682092435,0,Male,No
HUMANITIES,2010,42656.039288596294,0,Male,Yes
STEM,2008,25087.542922697467,0,Female,No
BUSINESS,2009,42429.19411162409,0,Male,No
STEM,2009,34751.68070014313,0,Male,No
BUSINESS,2011,52639.56129387569,0,Female,No
BUSINESS,2013,56263.42592053222,1,Male,No
HUMANITIES,2005,41066.67121810699,1,Female,No
STEM,2011,43719.4505584317,0,Male,No
STEM,2006,47886.09445409378,0,Male,No
STEM,2011,34494.34060665029,0,Male,No
STEM,2005,44468.429602200464,1,Male,No
BUSINESS,2008,33742.70573342157,0,Male,No
HUMANITIES,2010,50232.76309993777,0,Male,Yes
STEM,2007,45788.48589082416,0,Female,No
STEM,2014,50377.071927734374,0,Male,No
STEM,2005,35032.70424438589,0,Female,No
BUSINESS,2013,38243.18484361247,0,Female,No
STEM,2007,29120.538561000285,0,Female,No
STEM,2013,40447.284682366764,0,Female,No
BUSINESS,2006,42099.65486555237,0,Female,No
STEM,2007,46105.04173895551,0,Female,No
STEM,2006,30000.625604525274,0,Female,No
HUMANITIES,2006,35764.166653525754,0,Female,Yes
STEM,2014,42955.31481744416,0,Female,No
BUSINESS,2013,64811.505360006246,0,Female,Yes
STEM,2005,44921.394752693785,0,Female,No
HUMANITIES,2011,43844.99190400013,0,Female,Yes
HUMANITIES,2006,47545.777489316955,0,Female,No
STEM,2006,35396.49388217125,0,Female,No
STEM,2009,47773.29352948058,0,Male,No
STEM,2014,38049.195830241006,0,Female,No
BUSINESS,2011,47648.6445347628,0,Male,No
HUMANITIES,2007,37065.66255536015,0,Female,No
HUMANITIES,2006,34988.18744863908,1,Female,No
HUMANITIES,2007,48511.1144540007,0,Male,Yes
BUSINESS,2005,35584.41495238618,0,Female,No
STEM,2006,48763.83651316326,0,Male,No
HUMANITIES,2009,42052.91425105147,1,Female,No
STEM,2009,34589.0314356655,0,Male,No
HUMANITIES,2006,38740.582553188775,1,Male,No
STEM,2008,43515.11975880353,0,Male,No
STEM,2011,48253.691368961976,0,Male,No
HUMANITIES,2005,42039.95339949033,0,Female,No
HUMANITIES,2014,43469.43965485471,0,Male,Yes
BUSINESS,2013,45643.08934130137,0,Female,Yes
HUMANITIES,2011,44273.3757970393,0,Male,No
STEM,2010,40451.83086552966,0,Male,No
HUMANITIES,2011,36555.476423566775,0,Female,Yes
STEM,2012,33395.412124890354,0,Male,No
HUMANITIES,2006,36034.10597875991,0,Female,Yes
HUMANITIES,2006,36825.31506027513,0,Female,Yes
BUSINESS,2006,34593.55794926479,0,Female,No
HUMANITIES,2009,35146.672009521455,0,Female,Yes
STEM,2012,47883.54361941544,0,Male,No
BUSINESS,2006,42817.1020013085,1,Female,No
BUSINESS,2008,47527.62821500708,0,Male,No
