date,csi1,csi2,quadrant
2017-09-01,0.0,0.0,0
2017-09-05,0.0,0.0,0
2017-09-06,0.0,0.0,0
2017-09-07,0.0,0.0,0
2017-09-08,0.0,0.0,0
2017-09-11,0.0,0.0,0
2017-09-12,0.0,0.0,0
2017-09-13,0.0,0.0,0
2017-09-14,0.0,0.0,0
2017-09-15,0.0,0.0,0
2017-09-18,0.0,0.0,0
2017-09-19,0.0,0.0,0
2017-09-20,0.0,0.0,0
2017-09-21,0.0,0.0,0
2017-09-22,0.0,0.0,0
2017-09-25,0.0,0.0,0
2017-09-26,0.0,0.0,0
2017-09-27,0.0,0.0,0
2017-09-28,0.0,0.0,0
2017-09-29,0.0,0.0,0
2017-10-02,0.0,0.0,0
2017-10-03,0.0,0.0,0
2017-10-04,0.0,0.0,0
2017-10-05,0.0,0.0,0
2017-10-06,0.0,0.0,0
2017-10-09,0.0,0.0,0
2017-10-10,0.0,0.0,0
2017-10-11,0.0,0.0,0
2017-10-12,0.0,0.0,0
2017-10-13,0.0,0.0,0
2017-10-16,0.0,0.0,0
2017-10-17,0.0,0.0,0
2017-10-18,0.0,0.0,0
2017-10-19,0.0,0.0,0
2017-10-20,0.0,0.0,0
2017-10-23,0.0,0.0,0
2017-10-24,0.0,0.0,0
2017-10-25,0.0,0.0,0
2017-10-26,0.0,0.0,0
2017-10-27,0.0,0.0,0
2017-10-30,0.0,0.0,0
2017-10-31,10.007865801319374,10.007865801319374,0
2017-11-01,9.740680773356871,9.740680773356871,0
2017-11-02,9.381376083581404,9.381376083581404,0
2017-11-03,9.056838394774134,9.056838394774134,0
2017-11-06,8.958559893226594,8.958559893226594,0
2017-11-07,8.556162889207936,8.556162889207936,0
2017-11-08,8.133578314236182,8.133578314236182,0
2017-11-09,7.4873557220988385,7.4873557220988385,0
2017-11-10,7.061264227842014,7.061264227842014,0
2017-11-13,6.6361816358551895,6.6361816358551895,0
2017-11-14,6.107930664335757,6.107930664335757,0
2017-11-15,5.504334745629069,5.504334745629069,0
2017-11-16,5.326824655785931,5.326824655785931,0
2017-11-17,5.143425473506862,5.143425473506862,0
2017-11-20,5.082403745561297,5.082403745561297,0
2017-11-21,5.176665843288718,5.176665843288718,0
2017-11-22,5.267738582659726,5.267738582659726,0
2017-11-24,5.480955024075697,5.480955024075697,0
2017-11-27,5.459396566490039,5.459396566490039,0
2017-11-28,5.59344293301957,5.59344293301957,0
2017-11-29,5.646910395529645,5.646910395529645,0
2017-11-30,5.826586872011713,5.8254988904577205,Q1
2017-12-01,5.633589304721647,5.630674642276931,Q1
2017-12-04,5.606962621303978,5.600573075734312,Q1
2017-12-05,5.408735304537315,5.410033919594021,Q2
2017-12-06,4.980359126403459,5.000973462193411,Q2
2017-12-07,4.925106065050755,4.963610590762575,Q2
2017-12-08,4.85157879459646,4.887102227617444,Q2
2017-12-11,4.768346179501323,4.754626484409873,Q1
2017-12-12,4.736662627293152,4.727051673458927,Q1
2017-12-13,4.723339268772108,4.771612199739997,Q2
2017-12-14,4.576922683114478,4.619496816921871,Q2
2017-12-15,4.477089230415162,4.525233923832946,Q2
2017-12-18,4.781146149769753,4.709587358562288,Q1
2017-12-19,5.181743094515208,5.041583414821091,Q1
2017-12-20,5.653626456748739,5.46182472297289,Q1
2017-12-21,6.10277413572826,5.9005043352465805,Q1
2017-12-22,6.443136626245304,6.240993086816005,Q1
2017-12-26,6.689269205866494,6.573927159423504,Q1
2017-12-27,6.808953875130705,6.766961044162202,Q1
2017-12-28,7.000809524794576,6.938650166445303,Q1
2017-12-29,7.040721434937358,7.023414468253829,Q1
2018-01-02,7.629525932293708,7.336402413804157,Q1
2018-01-03,8.227471993631806,7.922186556192775,Q1
2018-01-04,8.883971545223924,8.5662708417283,Q1
2018-01-05,9.549428429695347,9.219434594707863,Q1
2018-01-08,10.03682676508258,9.694748773368756,Q1
2018-01-09,10.479046741369926,10.127280256328861,Q1
2018-01-10,10.800403595261976,10.523212985854496,Q1
2018-01-11,11.401773645529797,11.165986649127007,Q1
2018-01-12,12.05703805236802,11.848961386374535,Q1
2018-01-16,12.256601179181725,12.088089375948003,Q1
2018-01-17,12.391338681730154,12.164939996186892,Q1
2018-01-18,12.55073567766242,12.434593042675486,Q1
2018-01-19,12.687962717792361,12.594603730361936,Q1
2018-01-22,12.70756468811044,12.60192107931923,Q1
2018-01-23,12.741610527302047,12.62488038375047,Q1
2018-01-24,12.773872225596545,12.701196945970509,Q1
2018-01-25,12.587710549732162,12.7641247463428,Q2
2018-01-26,12.591231333353852,12.732258923547747,Q2
2018-01-29,12.481796216482461,12.633960961350068,Q2
2018-01-30,12.208527499955126,12.501376225439751,Q2
2018-01-31,11.934786638414447,12.234228444913477,Q2
2018-02-01,11.560592304702773,11.93858911336148,Q2
2018-02-02,10.842971287857193,11.347084008114862,Q2
2018-02-05,9.487113675979998,10.01213229678116,Q2
2018-02-06,8.941544171887491,9.292430276824684,Q2
2018-02-07,8.410201365298573,8.66902296942638,Q2
2018-02-08,7.334296922671201,7.584311889854143,Q2
2018-02-09,6.572294437759053,6.990372722276449,Q2
2018-02-12,6.193200000817341,6.603200626480446,Q2
2018-02-13,5.836155516185118,6.2639519732387665,Q2
2018-02-14,5.8967057181016855,6.158804771516195,Q2
2018-02-15,5.896352539461276,5.992182379125351,Q2
2018-02-16,5.675390254652872,5.810285997517763,Q2
2018-02-20,5.645020368746112,5.948355426621644,Q2
2018-02-21,5.747698832867963,5.941097712130603,Q2
2018-02-22,5.907008018051391,5.91732859887603,Q2
2018-02-23,5.980288404671117,5.984528679399889,Q2
2018-02-26,6.146216840893554,6.137749218509886,Q1
2018-02-27,6.0932889531908,6.162655164629024,Q2
2018-02-28,5.858943181297784,6.173621383829349,Q2
2018-03-01,5.3806678205629686,5.847576477231262,Q2
2018-03-02,4.955522909472182,5.5292349733754556,Q2
2018-03-05,4.694650220630313,5.273648761075689,Q2
2018-03-06,4.757802819168208,5.280195001164767,Q2
2018-03-07,4.807546691259139,5.258001254228509,Q2
2018-03-08,4.720952456890334,5.197916300647749,Q2
2018-03-09,4.940596484867458,5.170268352209317,Q2
2018-03-12,5.017658242474744,4.882689948023216,Q1
2018-03-13,4.91941821749186,4.842698004998398,Q1
2018-03-14,4.663210176000987,4.807313119918593,Q2
2018-03-15,4.425788038811252,4.5785172527398315,Q2
2018-03-16,4.249414723997686,4.429589287107179,Q2
2018-03-19,4.013162780200109,4.096287858327408,Q2
2018-03-20,3.9326338175513627,4.125626398125466,Q2
2018-03-21,4.131294522692446,4.166373426536853,Q2
2018-03-22,3.6839624830907933,3.8764515290082038,Q2
2018-03-23,3.1129664593391437,3.3391654517406697,Q2
2018-03-26,3.0174998880790582,3.267971544593208,Q2
2018-03-27,2.504925622186178,2.773457050493596,Q2
2018-03-28,1.6308645922470104,2.104877985944402,Q2
2018-03-29,1.1808727916402582,1.6318985887124826,Q2
2018-04-02,0.5064477748189828,0.9621236337632139,Q2
2018-04-03,0.1544862185389677,0.6145085355856675,Q2
2018-04-04,-0.0657615629074213,0.3983511771747458,Q3
2018-04-05,-0.07150941223475016,0.2676500712793197,Q3
2018-04-06,-0.45141127998282293,-0.01851605684707408,Q3
2018-04-09,-0.8289172490257357,-0.20686170885346244,Q3
2018-04-10,-0.7904851283608698,-0.31104631808448624,Q3
2018-04-11,-0.8259533849940013,-0.4164834894868943,Q3
2018-04-12,-0.5728050077812359,-0.5829324195670755,Q4
2018-04-13,-0.5129469826416715,-0.6740533102198245,Q4
2018-04-16,-0.40601738247895636,-0.5270469390455272,Q4
2018-04-17,-0.11963667674579881,-0.2721990458147372,Q4
2018-04-18,0.3334517112789248,-0.08801276443608616,Q1
2018-04-19,0.6096741552361058,-0.05420690114238916,Q1
2018-04-20,0.852105988327204,0.21826638434465237,Q1
2018-04-23,0.9715054219061523,0.38432202827741235,Q1
2018-04-24,0.620409013375637,0.49215694845268904,Q1
2018-04-25,0.39073564702595664,0.6828044199724335,Q2
2018-04-26,0.21007268821504876,0.5026176524764794,Q2
2018-04-27,-0.059259065706652514,0.23406998334320012,Q3
2018-04-30,-0.43449288373782036,-0.1121882369605299,Q3
2018-05-01,-0.6666591129217494,-0.3671560829688081,Q3
2018-05-02,-0.8630342938309807,-0.5604747176314597,Q3
2018-05-03,-0.9481936077115085,-0.6666327217501927,Q3
2018-05-04,-0.8473006174617836,-0.7759167420119845,Q3
2018-05-07,-0.6481593612365328,-0.6340001293959554,Q3
2018-05-08,-0.3412135082644463,-0.5257525077206135,Q4
2018-05-09,0.09237286712548531,-0.06728427787523295,Q1
2018-05-10,0.42874729438942794,0.05704079134653922,Q1
2018-05-11,0.6487520221007363,0.13100255287677365,Q1
2018-05-14,0.9668364115094032,0.44645724010202353,Q1
2018-05-15,1.2402629795222513,0.6660686314145001,Q1
2018-05-16,1.6708361952190245,0.9397533767020274,Q1
2018-05-17,2.0432587266147646,1.3382545903532854,Q1
2018-05-18,2.3700545832128475,1.6892586319872263,Q1
2018-05-21,2.7748873500749927,2.0674192695887945,Q1
2018-05-22,2.933177595504162,2.226949605652335,Q1
2018-05-23,2.969211944945079,2.295170019902233,Q1
2018-05-24,3.008550844662981,2.4311273061718466,Q1
2018-05-25,2.9779871717280546,2.8412872014367476,Q1
2018-05-29,2.5834081683630554,2.80137345796922,Q2
2018-05-30,2.361849165210196,2.5630961747527166,Q2
2018-05-31,2.072581178281574,2.335940924710162,Q2
2018-06-01,2.1718591423201694,2.3836249444651414,Q2
2018-06-04,2.373740489628359,2.593500403295114,Q2
2018-06-05,2.7251599561485964,2.5201894501620865,Q1
2018-06-06,3.3342418973584254,2.784934467345124,Q1
2018-06-07,3.704214845808445,3.1675641299210033,Q1
2018-06-08,3.9145064281287967,3.4894737844998933,Q1
2018-06-11,4.079890977378656,3.70106412298768,Q1
2018-06-12,4.1819550705287245,3.956403340609114,Q1
2018-06-13,4.177128776913571,4.004132782469816,Q1
2018-06-14,4.04995596916917,3.9804306268185563,Q1
2018-06-15,3.810509241664392,3.9880496669605616,Q2
2018-06-18,3.571445123549477,4.033864652406396,Q2
2018-06-19,2.920883810925898,3.6368679999274613,Q2
2018-06-20,2.448231278873993,3.1639207761172985,Q2
2018-06-21,1.7839919482220665,2.4997081028189676,Q2
2018-06-22,1.2708992447163991,1.9874766738870944,Q2
2018-06-25,0.2608628818208514,1.091689209116224,Q2
2018-06-26,-0.41960931762483966,0.5412581315332076,Q3
2018-06-27,-1.2777712464751616,-0.35683416539846285,Q3
2018-06-28,-1.8556201698481534,-0.9529950886875663,Q3
2018-06-29,-2.1904264399343587,-1.3214053005007123,Q3
2018-07-02,-2.4963202703860645,-1.6026677217229457,Q3
2018-07-03,-2.901024814695729,-1.998054940509812,Q3
2018-07-05,-3.1262598874617504,-2.2847977802053823,Q3
2018-07-06,-3.2341851853211487,-2.5786236107125298,Q3
2018-07-09,-2.808066774853378,-2.4918918389904317,Q3
2018-07-10,-2.440634861246183,-2.524663146580999,Q4
2018-07-11,-2.5260707447332615,-2.4747477496085506,Q3
2018-07-12,-2.455713554581413,-2.418287173118507,Q3
2018-07-13,-2.380069466219978,-2.4724552663921897,Q4
2018-07-16,-2.3237332099788937,-2.4617420217152195,Q4
2018-07-17,-2.1701875571063223,-2.2988936519481142,Q4
2018-07-18,-1.8918862302994786,-2.2075474104545063,Q4
2018-07-19,-1.7032702618766367,-2.0753125729057857,Q4
2018-07-20,-1.5455593874955973,-2.01854499509463,Q4
2018-07-23,-1.4381725538854742,-1.933685517832478,Q4
2018-07-24,-1.4132330588117838,-1.8757394179137403,Q4
2018-07-25,-1.2196949002497588,-1.5053754924284561,Q4
2018-07-26,-0.9957926275078739,-1.4734078555238166,Q4
2018-07-27,-0.8015684039733184,-1.2337894401380454,Q4
2018-07-30,-0.7345283267124199,-1.011732005277922,Q4
2018-07-31,-0.5458824559771402,-0.7891772978167326,Q4
2018-08-01,-0.47537739109907395,-0.7286218557951514,Q4
2018-08-02,-0.5131230197344108,-0.8553955980961967,Q4
2018-08-03,-0.6092099835176947,-0.9333194486514298,Q4
2018-08-06,-0.6230767183487345,-0.9187130707506552,Q4
2018-08-07,-0.4241652113304797,-0.7764196561568061,Q4
2018-08-08,-0.21295592415267084,-0.5295605590767736,Q4
2018-08-09,-0.12358296024293747,-0.5996410054999948,Q4
2018-08-10,-0.4145734644290213,-0.5038592079239839,Q4
2018-08-13,-0.7702184106594192,-0.5132306539362504,Q3
2018-08-14,-0.9636177149186791,-0.7011364846534638,Q3
2018-08-15,-1.5176049086121752,-0.967726090008012,Q3
2018-08-16,-1.9730230515199665,-1.2563713986290814,Q3
2018-08-17,-2.3318963179965584,-1.5007058025442224,Q3
2018-08-20,-2.439945433639788,-1.8581179886305303,Q3
2018-08-21,-2.111073253581882,-1.799610004278503,Q3
2018-08-22,-1.8441863990007743,-1.868502777186099,Q4
2018-08-23,-1.7143703001415407,-1.9560600684035165,Q4
2018-08-24,-1.3809344046588246,-1.9336071955961447,Q4
2018-08-27,-0.7619845078811833,-1.5502353152861308,Q4
2018-08-28,-0.2039758704142649,-1.141724367532482,Q4
2018-08-29,0.3651271042920774,-0.5360042320056435,Q1
2018-08-30,0.5991529578717865,-0.2355356415891412,Q1
2018-08-31,0.8520291621056648,0.08436600577631315,Q1
2018-09-04,1.071856693118403,0.5177686949741346,Q1
2018-09-05,1.100469457266807,0.6208128595293032,Q1
2018-09-06,0.9619036359270607,0.6915187409479593,Q1
2018-09-07,0.877014545395916,0.9139983499520468,Q2
2018-09-10,0.8792261048288577,0.8894468508414917,Q2
2018-09-11,0.9656604604664194,0.9690207974506996,Q2
2018-09-12,0.9729972440928965,0.9587867527729218,Q1
2018-09-13,1.04735890987737,0.9807101883271397,Q1
2018-09-14,1.1921534998784429,1.1226332283681169,Q1
2018-09-17,1.1657058773670945,1.2236530262489027,Q2
2018-09-18,1.4265022647894767,1.4455899061894377,Q2
2018-09-19,1.8684651341623777,1.626920701709524,Q1
2018-09-20,2.28392372927562,2.024738146271322,Q1
2018-09-21,2.544879908754991,2.262370017222686,Q1
2018-09-24,2.640434073924107,2.10027440599292,Q1
2018-09-25,2.7327780950621667,2.426849424040905,Q1
2018-09-26,2.720120245394561,2.6207225505971765,Q1
2018-09-27,2.613650984769027,2.661032164792392,Q2
2018-09-28,2.406408209867859,2.4404498225766127,Q2
2018-10-01,2.376226020671413,2.3946614798050185,Q2
2018-10-02,2.094047228763353,2.1985150364910506,Q2
2018-10-03,2.008091692557217,2.007314093401831,Q1
2018-10-04,1.691935864382379,1.745149640939525,Q2
2018-10-05,1.190145535431257,1.4411049400019666,Q2
2018-10-08,0.6619786067791784,1.114587284580917,Q2
2018-10-09,-0.18204216147908348,0.38124574095354447,Q3
2018-10-10,-1.4893577111305873,-0.5891363011887243,Q3
2018-10-11,-2.628540737241777,-1.7242391104265455,Q3
2018-10-12,-3.290467814773783,-2.4022815552704926,Q3
2018-10-15,-3.874374484335573,-3.0362361296986924,Q3
2018-10-16,-4.020478045617255,-3.2769373266421056,Q3
2018-10-17,-4.3362882767281805,-3.5488538236825784,Q3
2018-10-18,-4.954687128261995,-4.067174516811843,Q3
2018-10-19,-5.773148799405599,-4.846044230776058,Q3
2018-10-22,-6.320093016563274,-5.388967806373205,Q3
2018-10-23,-6.894928900882948,-5.998159278572589,Q3
2018-10-24,-8.091871437334675,-7.226063190171804,Q3
2018-10-25,-8.537731488836668,-7.8620481425030215,Q3
2018-10-26,-8.967158313447758,-8.324378743677322,Q3
2018-10-29,-9.548597330865775,-8.940345818427549,Q3
2018-10-30,-9.605889546317352,-9.1739278491318,Q3
2018-10-31,-9.293486561469827,-9.183481854310289,Q3
2018-11-01,-8.413830549123915,-8.834981883167526,Q4
2018-11-02,-7.604061176384447,-8.21570378081568,Q4
2018-11-05,-7.058608406769708,-7.705508093166312,Q4
2018-11-06,-6.446945963946398,-7.280537110840915,Q4
2018-11-07,-5.693759086620435,-6.687348763816773,Q4
2018-11-08,-5.13043455467243,-6.128292056512286,Q4
2018-11-09,-4.967927644086587,-5.941939030651324,Q4
2018-11-12,-5.197573315309459,-5.853480513933937,Q4
2018-11-13,-5.274962038463514,-5.5207068764819525,Q4
2018-11-14,-5.249815328346067,-5.182807090856012,Q3
2018-11-15,-4.978533370973126,-5.114273877168599,Q4
2018-11-16,-4.846808596778353,-4.878196836789303,Q4
2018-11-19,-5.0734335900003416,-4.971164134078059,Q3
2018-11-20,-5.423984053096016,-5.128671221999213,Q3
2018-11-21,-5.407647096727954,-5.1608308837956915,Q3
2018-11-23,-5.456298940436443,-5.204402169288078,Q3
2018-11-26,-5.2724130949418155,-5.277505630418547,Q4
2018-11-27,-5.2945518145995525,-5.2014686824431,Q3
2018-11-28,-4.902974741125564,-5.1615142316199165,Q4
2018-11-29,-4.58113603618833,-5.311788571969137,Q4
2018-11-30,-4.23925855915158,-5.00783118266343,Q4
2018-12-03,-3.731067225106157,-4.514377116084552,Q4
2018-12-04,-3.8993644767421216,-4.451671321971836,Q4
2018-12-06,-4.1358129818798925,-4.09833618142523,Q3
2018-12-07,-4.712268212485571,-4.5083480788185675,Q3
2018-12-10,-5.154771671889862,-4.7353224137958225,Q3
2018-12-11,-5.607556956656015,-5.151346502824141,Q3
2018-12-12,-5.6991885824904625,-5.284777385026954,Q3
2018-12-13,-5.950469399334809,-5.411996018400637,Q3
2018-12-14,-6.188583237448998,-5.658080459583777,Q3
2018-12-17,-6.382369179513017,-5.861986044722213,Q3
2018-12-18,-6.243335153220166,-5.969663100953737,Q3
2018-12-19,-6.467213356733401,-6.485954155855852,Q4
2018-12-20,-6.813930443791167,-6.757839097077658,Q3
2018-12-21,-7.18535998259188,-7.068094306980711,Q3
2018-12-24,-7.456117326686312,-7.352434756656015,Q3
2018-12-26,-6.961207240163103,-7.408627393242266,Q4
2018-12-27,-6.395243830777722,-7.314204134992895,Q4
2018-12-28,-5.961231216466604,-6.927504829374035,Q4
2018-12-31,-5.4872453081727075,-6.482162099855017,Q4
2019-01-02,-4.884981111545444,-5.898932809953276,Q4
2019-01-03,-4.876354829906382,-5.732757971955149,Q4
2019-01-04,-4.3542308831419945,-5.165682594943525,Q4
2019-01-07,-3.6532413024056183,-4.480352058628258,Q4
2019-01-08,-3.0226296524630314,-3.8372988754153177,Q4
2019-01-09,-2.2871018436548836,-3.1244501280039985,Q4
2019-01-10,-1.6176129050114696,-2.532335187104369,Q4
2019-01-11,-1.095127233927582,-2.0936326484522665,Q4
2019-01-14,-0.6469960176022544,-1.6200186178971725,Q4
2019-01-15,-0.5127955964654713,-1.2623677564511888,Q4
2019-01-16,-0.4437495589836189,-1.083428880461752,Q4
2019-01-17,-0.15761706997272196,-0.7593025177590905,Q4
2019-01-18,0.31173314417089415,-0.16879012898359527,Q1
2019-01-22,0.3885287321201032,-0.06254708059624539,Q1
2019-01-23,0.30570931737516194,0.013010829758908438,Q1
2019-01-24,0.46807138101022794,-0.02752278543345235,Q1
2019-01-25,0.9747994124618398,0.4183124375904461,Q1
2019-01-28,1.2675083334445425,0.6337504014211173,Q1
2019-01-29,1.5348524608588097,0.7448325681230736,Q1
2019-01-30,1.9718549836182158,1.1584701779737103,Q1
2019-01-31,2.0452428109000858,1.3614385757052552,Q1
2019-02-01,2.0654255353378668,1.574578893894448,Q1
2019-02-04,2.131250211216331,1.6339386903941127,Q1
2019-02-05,2.3172998845558626,1.8024253691930339,Q1
2019-02-06,2.4669156690875047,1.9464124227237634,Q1
2019-02-07,2.325885193445279,1.9495799171524981,Q1
2019-02-08,2.0985870317167343,2.004027672826422,Q1
2019-02-11,1.968802052319587,2.0187834784350107,Q2
2019-02-12,2.1653547227090275,2.1352659227701256,Q1
2019-02-13,2.405409663540138,2.319324186696565,Q1
2019-02-14,2.572321212982569,2.4408130749348587,Q1
2019-02-15,2.788773827680207,2.584037963642028,Q1
2019-02-19,2.9618814229245984,2.6951549169584728,Q1
2019-02-20,3.2713495943051996,2.67771412508234,Q1
2019-02-21,3.4334582565536342,2.888915628085756,Q1
2019-02-22,3.6562861170033623,3.1331159866005973,Q1
2019-02-25,3.953089009317213,3.4331076740270072,Q1
2019-02-26,4.115738180589915,3.5909823389512288,Q1
2019-02-27,4.2542378541033115,3.7636309356758533,Q1
2019-02-28,4.160597238477875,3.7687167443966665,Q1
2019-03-01,4.125733912134231,3.9817999034504825,Q1
2019-03-04,4.05581280701287,3.9677374281991042,Q1
2019-03-05,3.9067166832329185,3.942497379531636,Q2
2019-03-06,3.6374713209880083,3.837996129837353,Q2
2019-03-07,3.179310343449661,3.6684944079628696,Q2
2019-03-08,2.721056262661384,3.448109243238703,Q2
2019-03-11,2.4759941034193123,3.1704537468901144,Q2
2019-03-12,2.1674299416056426,2.842571243382104,Q2
2019-03-13,1.9856019612776281,2.5876203648522464,Q2
2019-03-14,1.7164213695758246,2.2933912589755208,Q2
2019-03-15,1.5348302950591508,2.0395274451905436,Q2
2019-03-18,1.5685183364302908,1.8456092392174113,Q2
2019-03-19,1.7302170814017694,1.6424298302024942,Q1
2019-03-20,1.805368724879167,1.7315494023563724,Q1
2019-03-21,2.0083284031547937,1.830624327591531,Q1
2019-03-22,1.4995824827229605,1.6918985968979494,Q2
2019-03-25,1.08153344998526,1.4870335372637347,Q2
2019-03-26,0.734778530398918,1.29299454441367,Q2
2019-03-27,0.45224586787501586,1.1194954772214896,Q2
2019-03-28,0.3812696229454975,0.9245074948270826,Q2
2019-03-29,0.46566434338562424,0.7136134648598269,Q2
2019-04-01,1.0426874505784935,0.8153185002385078,Q1
2019-04-02,1.5690769912136684,1.09969731177623,Q1
2019-04-03,2.282199682662064,1.5185108908116514,Q1
2019-04-04,3.0188558646754506,2.1214336534389244,Q1
2019-04-05,3.5914758985232353,2.6930168490069617,Q1
2019-04-08,4.07993051999421,3.197920059142282,Q1
2019-04-09,4.15551740633248,3.3608468006207497,Q1
2019-04-10,4.245830635862674,3.629031970259488,Q1
2019-04-11,4.363095040726611,3.7613174387173443,Q1
2019-04-12,4.710094724313293,4.038718111632604,Q1
2019-04-15,4.831306129923459,4.20234043609377,Q1
2019-04-16,5.2061529901467924,4.559632854679961,Q1
2019-04-17,5.526787491149334,4.824431169781391,Q1
2019-04-18,5.792958757202211,5.119491351750242,Q1
2019-04-22,5.878539959458286,5.309192207043379,Q1
2019-04-23,6.109563928049644,5.604640899250042,Q1
2019-04-24,6.136755194730629,5.625340881575319,Q1
2019-04-25,5.726419553979964,5.378646342259831,Q1
2019-04-26,5.401235362517155,5.340435438956965,Q1
2019-04-29,5.101034163518722,5.1754259532912625,Q2
2019-04-30,4.768577199764033,4.965433516924541,Q2
2019-05-01,4.315112397663346,4.838089061377173,Q2
2019-05-02,3.9799440727823265,4.581028785832809,Q2
2019-05-03,3.8809434502201308,4.426725011776799,Q2
2019-05-06,3.520377437948911,4.133657196553871,Q2
2019-05-07,2.811931971181304,3.6949844623763637,Q2
2019-05-08,2.2971468574261014,3.17986162285717,Q2
2019-05-09,1.7384348451662213,2.6210122342941578,Q2
2019-05-10,1.2053587386313325,2.0888357681464758,Q2
2019-05-13,0.044817253324278106,0.9058432190354474,Q2
2019-05-14,-0.5934002121114634,0.25292715771562513,Q3
2019-05-15,-1.1277169474288247,-0.24037204303798365,Q3
2019-05-16,-1.4950727038810605,-0.6159673482512313,Q3
2019-05-17,-2.048574091085089,-1.1797003192654474,Q3
2019-05-20,-2.726811628531123,-1.832158968724478,Q3
2019-05-21,-2.9390156671783743,-2.103072150358026,Q3
2019-05-22,-3.4674531283597307,-2.5895742145837346,Q3
2019-05-23,-4.256633358614296,-3.3553799016690564,Q3
2019-05-24,-4.806791703439119,-3.9146836125987305,Q3
2019-05-28,-5.246308985943925,-4.39483565862496,Q3
2019-05-29,-5.5401852991410925,-4.789100357287059,Q3
2019-05-30,-5.693169053552516,-5.12516412570127,Q3
2019-05-31,-5.987288425146557,-5.513088600345564,Q3
2019-06-03,-6.087572243650023,-5.631358753030625,Q3
2019-06-04,-5.456076598520577,-5.405876198402471,Q3
2019-06-05,-5.013795961584033,-5.166737350578323,Q4
2019-06-06,-4.614439255015406,-5.0568570199387395,Q4
2019-06-07,-4.089200790389589,-4.619419926658682,Q4
2019-06-10,-3.4295436852655827,-4.185846017901367,Q4
2019-06-11,-2.9092440085277778,-3.590225579330324,Q4
2019-06-12,-2.5715728942514904,-3.2389800661180557,Q4
2019-06-13,-2.1708475822535522,-2.844653031087448,Q4
2019-06-14,-2.042605144859164,-2.633144335667126,Q4
2019-06-17,-2.0334950794883326,-2.419356535719277,Q4
2019-06-18,-1.6194113159912042,-2.0656159411571324,Q4
2019-06-19,-1.3732964907907528,-1.7141158433144486,Q4
2019-06-20,-0.9897848911257823,-1.5534995808730696,Q4
2019-06-21,-0.7092982412314601,-1.3697817492740434,Q4
2019-06-24,-0.5639451821048036,-1.144945875777764,Q4
2019-06-25,-0.5815083417342812,-1.0197838399161654,Q4
2019-06-26,-0.18927195774386174,-0.6775768008719291,Q4
2019-06-27,0.19431675864248188,-0.3501168593013768,Q1
2019-06-28,0.6373881915467452,-0.07059523088944908,Q1
2019-07-01,1.1065169045814143,0.37625877650027784,Q1
2019-07-02,1.2581808550170592,0.5954199164898345,Q1
2019-07-03,1.3153574051892098,0.8597164837056936,Q1
2019-07-05,1.3499514442745815,0.9373532193841799,Q1
2019-07-08,1.2252456111508447,0.8803839932270883,Q1
2019-07-09,1.0908399369282202,0.7475760358199123,Q1
2019-07-10,0.9678414047774044,0.572770332997049,Q1
2019-07-11,1.0131053184245937,0.570865844241483,Q1
2019-07-12,1.4648595342693094,0.9359727696985022,Q1
2019-07-15,1.791929464489157,1.235302069943763,Q1
2019-07-16,2.113464718423674,1.4795165674000514,Q1
2019-07-17,2.0221275008305195,1.5994123803458475,Q1
2019-07-18,1.9209655035577766,1.7364748256442466,Q1
2019-07-19,1.96661313643712,1.9029843743307264,Q1
2019-07-22,2.0746341007398117,2.124157606444457,Q2
2019-07-23,2.444771814737387,2.2022467496311626,Q1
2019-07-24,2.9005484452440955,2.4567532948005106,Q1
2019-07-25,3.0913540345577877,2.622033582205752,Q1
2019-07-26,3.087368992351726,2.6593108645406964,Q1
2019-07-29,2.945561132953597,2.591671419952777,Q1
2019-07-30,2.8231238643086884,2.5818820765015924,Q1
2019-07-31,2.4264846045803345,2.353929950805245,Q1
2019-08-01,1.6385312374144023,2.1317760887123507,Q2
2019-08-02,0.7508792303741894,1.2921267203745233,Q2
2019-08-05,-0.25575445201956537,0.2816827305529629,Q3
2019-08-06,-0.9771908846241093,-0.407648763316362,Q3
2019-08-07,-1.4898365905249573,-0.9639575595530179,Q3
2019-08-08,-1.6176259580192127,-0.9937061149136586,Q3
2019-08-09,-1.91356803105149,-1.2524750005715126,Q3
2019-08-12,-2.461646021546623,-1.7729603628917636,Q3
2019-08-13,-2.643641736593527,-1.928039649257722,Q3
2019-08-14,-3.306113918064331,-2.533361429926475,Q3
2019-08-15,-4.083430347606504,-3.130950062479225,Q3
2019-08-16,-4.403575913583341,-3.4669713414574934,Q3
2019-08-19,-4.492512218946408,-3.7128745534386915,Q3
2019-08-20,-4.5049242083562095,-3.847265065172163,Q3
2019-08-21,-4.257779825368332,-4.062760825117603,Q3
2019-08-22,-4.092077294463014,-4.182747696857808,Q4
2019-08-23,-4.345776321366349,-4.2795304699188375,Q3
2019-08-26,-4.582459524727264,-4.476159800481077,Q3
2019-08-27,-4.8408980686218985,-4.527194269405927,Q3
2019-08-28,-4.834264736795778,-4.549794028367915,Q3
2019-08-29,-4.474281003480126,-4.427507278515044,Q3
2019-08-30,-4.14016946769945,-4.479210458777789,Q4
2019-09-03,-4.1959159133917625,-4.444512375421146,Q4
2019-09-04,-3.96778438661707,-4.34616453133082,Q4
2019-09-05,-3.254817502764576,-3.9708361591082193,Q4
2019-09-06,-2.620407713140284,-3.3301196528700454,Q4
2019-09-09,-1.95723397192792,-2.6688574997456103,Q4
2019-09-10,-1.2157822058073169,-1.9653108064476597,Q4
2019-09-11,-0.5694722217005745,-1.3217668012174362,Q4
2019-09-12,0.023489431593415766,-0.8626272104108242,Q1
2019-09-13,0.7453988307023653,-0.10457465463718674,Q1
2019-09-16,1.0522582177708673,0.3630885268251831,Q1
2019-09-17,1.333217985149501,0.6430021649112885,Q1
2019-09-18,1.4773137268052317,0.7996242755501369,Q1
2019-09-19,1.4784764225841966,0.8684936490629547,Q1
2019-09-20,1.1952189320603317,0.8273616609585277,Q1
2019-09-23,0.9761561272126364,0.9502558842804262,Q1
2019-09-24,0.4886588346083176,1.0889183918760377,Q2
2019-09-25,0.31098377300610913,1.0390757792206646,Q2
2019-09-26,0.06820086558164284,0.7416997051393973,Q2
2019-09-27,-0.25757029361844097,0.4204073943627774,Q3
2019-09-30,-0.41111782456852275,0.23998788345588118,Q3
2019-10-01,-0.8760353593425778,-0.19185578800791714,Q3
2019-10-02,-1.4029898139631145,-0.8434581080876498,Q3
2019-10-03,-1.795231882817327,-1.138056803615963,Q3
2019-10-04,-2.1467160171837953,-1.5063930415337168,Q3
2019-10-07,-2.42372657867058,-1.7621642554271635,Q3
2019-10-08,-2.8663519997792344,-2.1942668318439056,Q3
2019-10-09,-3.038655103942328,-2.3851898078518152,Q3
2019-10-10,-2.8987483416523325,-2.442914187938448,Q3
2019-10-11,-2.2346487675632947,-2.8867112934415395,Q4
2019-10-14,-1.7130504856481732,-2.5148692959403123,Q4
2019-10-15,-1.018172875090623,-1.8007465540807746,Q4
2019-10-16,-0.458501882719772,-1.2522073344816567,Q4
2019-10-17,0.03339707049393148,-0.7524806638427468,Q1
2019-10-18,0.30459027336354616,-0.4554152217854754,Q1
2019-10-21,0.5520533943230035,-0.15421616644954844,Q1
2019-10-22,0.6780579021288693,0.03662994674410541,Q1
2019-10-23,0.5700726158111342,0.319952985572068,Q1
2019-10-24,0.5543831118662119,0.32317115135526464,Q1
2019-10-25,0.8245210333808126,0.4304919679001237,Q1
2019-10-28,1.2166091545772222,0.5204637581997928,Q1
2019-10-29,1.5311811936392257,0.8356122961204644,Q1
2019-10-30,1.7488577013346083,1.0542940248817496,Q1
2019-10-31,1.608748415500477,1.0390000445424823,Q1
2019-11-01,1.8863983481875,1.2332876851148753,Q1
2019-11-04,2.445852043787605,1.7531324260190013,Q1
2019-11-05,2.993813691775596,2.3012485815712074,Q1
2019-11-06,3.3413886050459682,2.648859319967921,Q1
2019-11-07,3.743569580066671,3.0510319803828785,Q1
2019-11-08,4.111305273954296,3.4188291977833036,Q1
2019-11-11,4.422078867182066,3.7299221964761538,Q1
2019-11-12,4.634343355046557,3.9431764836015857,Q1
2019-11-13,4.509949667597701,3.87899199892097,Q1
2019-11-14,4.4690017350252,3.9026578409788364,Q1
2019-11-15,4.46475628145769,3.8963918280783303,Q1
2019-11-18,4.381862210151527,3.9455255404261123,Q1
2019-11-19,4.162625466645342,4.016273698546017,Q1
2019-11-20,3.6497375485772885,3.746326462722677,Q2
2019-11-21,3.1740480332191394,3.6075282632981747,Q2
2019-11-22,2.884901779912,3.3446712030443386,Q2
2019-11-25,2.8674653823429637,3.2036505760205163,Q2
2019-11-26,2.8646071637255783,3.0968643282478663,Q2
2019-11-27,2.922398489522614,2.939023380074706,Q2
2019-11-29,2.8116152589590557,2.8506021142324043,Q2
2019-12-02,2.4746937029648732,2.691111345431962,Q2
2019-12-03,1.8321385643649286,2.2012647110223873,Q2
2019-12-04,1.3752258066080705,1.9170059060258968,Q2
2019-12-05,1.0844275833606147,1.6193136393869998,Q2
2019-12-06,1.0935085397208466,1.5199340531695822,Q2
2019-12-09,1.0791685759412637,1.4180075192221688,Q2
2019-12-10,1.0444794040472507,1.35798225863249,Q2
2019-12-11,1.2329261405927454,1.3319087930046625,Q2
2019-12-12,1.7824154719481662,1.3910207800086445,Q1
2019-12-13,1.97519730194667,1.4548060248519508,Q1
2019-12-16,2.0932915067538076,1.4912721304803596,Q1
2019-12-17,2.261699359281895,1.717770187552262,Q1
2019-12-18,2.326973162138036,1.9648802627179631,Q1
2019-12-19,2.4008583981169824,2.1583294605114123,Q1
2019-12-20,2.4492228222639847,2.2079408535058094,Q1
2019-12-23,2.6957643139917646,2.425177985541832,Q1
2019-12-24,2.881897681932653,2.580592314031909,Q1
2019-12-26,3.170272485236284,2.8553215499796103,Q1
2019-12-27,3.286980252692847,3.0162046837095047,Q1
2019-12-30,3.3183597503170734,3.2105141036105422,Q1
2019-12-31,3.4183276897153334,3.286833172989539,Q1
2020-01-02,3.79404803416608,3.410374772283144,Q1
2020-01-03,3.7217593552757213,3.3228528270638655,Q1
2020-01-06,3.552936194125322,3.2893525297289505,Q1
2020-01-07,3.5259629985976053,3.311442069330289,Q1
2020-01-08,3.5108721052261433,3.3051549798318574,Q1
2020-01-09,3.46328868126961,3.247392242107935,Q1
2020-01-10,3.171241115143876,3.203343632232028,Q2
2020-01-13,3.082932481002633,3.3105899252235416,Q2
2020-01-14,2.9518693471073174,3.230042244247982,Q2
2020-01-15,2.5982048391309487,3.0439114541133803,Q2
2020-01-16,2.485170964916164,2.856742424331644,Q2
2020-01-17,2.4066486840187586,2.6896232090212067,Q2
2020-01-21,1.9936774555209937,2.5869058888736527,Q2
2020-01-22,1.5776238236152818,2.2106948694372694,Q2
2020-01-23,1.3067583513472347,1.8747432423112584,Q2
2020-01-24,0.8537656212760218,1.4280437204495664,Q2
2020-01-27,-0.18547171684000752,0.5565003398540234,Q3
2020-01-28,-0.752341087008384,0.0026443092251970945,Q3
2020-01-29,-1.2075908455765028,-0.6060608597730852,Q3
2020-01-30,-1.805949962425168,-1.1840380678968028,Q3
2020-01-31,-2.434207961684592,-2.0340392672831555,Q3
2020-02-03,-2.6928842363034917,-2.3115211055084397,Q3
2020-02-04,-2.3154855286202887,-2.0123402618522066,Q3
2020-02-05,-1.7532375387111632,-1.9141640561147801,Q4
2020-02-06,-1.3665000189017418,-1.730949769227548,Q4
2020-02-07,-1.380903450966195,-1.661736557454333,Q4
2020-02-10,-1.2815518372788723,-1.5374503295123534,Q4
2020-02-11,-0.9225439525471515,-1.2902758305980362,Q4
2020-02-12,-0.39621740785911985,-1.1002911234022463,Q4
2020-02-13,-0.18104674921309183,-0.8733138345305254,Q4
2020-02-14,-0.1405379145358605,-0.7691454336524759,Q4
2020-02-18,-0.29439652549253736,-0.6908481849769077,Q4
2020-02-19,-0.23387877347503405,-0.5035276822558574,Q4
2020-02-20,-0.26912712865607613,-0.4977603688832435,Q4
2020-02-21,-0.5622709234417043,-0.2843573423981727,Q3
2020-02-24,-1.2967682428265794,-1.1029000984003436,Q3
2020-02-25,-2.3814205437563505,-2.1606519104252198,Q3
2020-02-26,-3.2673812967248015,-2.9745431755843508,Q3
2020-02-27,-4.170260414279668,-3.9318129773647517,Q3
2020-02-28,-4.761032741452856,-4.579562724333539,Q3
2020-03-02,-5.094904759090869,-4.8092568463118734,Q3
2020-03-03,-5.423355802076866,-5.152829493640954,Q3
2020-03-04,-5.51606869515757,-5.271756174033304,Q3
2020-03-05,-6.023756712077637,-5.573887848864402,Q3
2020-03-06,-6.629015304405484,-6.126878250630324,Q3
2020-03-09,-7.6815668353478905,-7.165639007432154,Q3
2020-03-10,-7.789826530666191,-7.409745725919116,Q3
2020-03-11,-8.119381500016328,-7.803077591785929,Q3
2020-03-12,-8.813358682572733,-8.50898966203863,Q3
2020-03-13,-9.14764508545742,-8.715681778929623,Q3
2020-03-16,-10.124277046056697,-9.45534210711158,Q3
2020-03-17,-10.850763172437729,-10.33179237717698,Q3
2020-03-18,-11.878245546123848,-11.147154559944296,Q3
2020-03-19,-11.881053481230046,-11.563110787656342,Q3
2020-03-20,-11.56264367596881,-11.692598642559927,Q4
2020-03-23,-11.181677938850745,-11.407253835450847,Q4
2020-03-24,-9.956212684275453,-10.470678539874712,Q4
2020-03-25,-8.657053751595486,-9.709246224554455,Q4
2020-03-26,-7.5673366442216645,-8.631488975490853,Q4
2020-03-27,-7.0784114172205035,-8.076803872996331,Q4
2020-03-30,-6.718210366582492,-7.6382305603472656,Q4
2020-03-31,-6.382230591214496,-7.263790181384272,Q4
2020-04-01,-6.273730452255034,-7.128371085722365,Q4
2020-04-02,-6.30049766515734,-6.956890240183229,Q4
2020-04-03,-6.432227167401891,-6.962954409427293,Q4
2020-04-06,-6.0681595532598065,-6.699405882826754,Q4
2020-04-07,-5.493072471961764,-6.371834762857666,Q4
2020-04-08,-4.857117879852483,-5.789803650724966,Q4
2020-04-09,-4.339116820336703,-5.315176480620411,Q4
2020-04-13,-3.9035369898095817,-4.718396301977282,Q4
2020-04-14,-3.530010172757555,-4.292768702676407,Q4
2020-04-15,-3.428422910290415,-4.0197962383152674,Q4
2020-04-16,-3.330023195910961,-3.8180727083480877,Q4
2020-04-17,-3.0217192813979317,-3.5363354144077204,Q4
2020-04-20,-2.828415221764617,-3.3198104625172657,Q4
2020-04-21,-2.7741634279720415,-3.231018937826075,Q4
2020-04-22,-2.605056700495158,-3.115134176578082,Q4
2020-04-23,-2.360691970624597,-2.933514419912872,Q4
2020-04-24,-2.077592944234844,-2.7030318167859746,Q4
2020-04-27,-1.6223368121979336,-2.5039606208911738,Q4
2020-04-28,-1.0855073201882703,-2.109803185327112,Q4
2020-04-29,-0.4098583314965394,-1.5724978002822054,Q4
2020-04-30,-0.015600930364327859,-1.1337715594519848,Q4
2020-05-01,0.045673235278671065,-0.885778851012835,Q1
2020-05-04,0.08802204225539878,-0.8125327300780718,Q1
2020-05-05,0.10992995451459286,-0.7092516891876649,Q1
2020-05-06,0.21294636790189791,-0.5241351984484965,Q1
2020-05-07,0.4154405202403533,-0.3119111484188314,Q1
2020-05-08,0.7197420812926412,-0.10275901003125645,Q1
2020-05-11,0.8691248225108028,0.20313528609051135,Q1
2020-05-12,0.8078635696419205,0.1790043912622264,Q1
2020-05-13,0.6073107516772618,0.11763532708567587,Q1
2020-05-14,0.5703012747096352,-0.01943140714861019,Q1
2020-05-15,0.529252106090234,-0.025092835629951182,Q1
2020-05-18,0.9358103128336559,0.10505113382002224,Q1
2020-05-19,1.3214191808322795,0.2641706251620084,Q1
2020-05-20,1.745614906358278,0.6428005999713362,Q1
2020-05-21,2.110257310428789,1.0236978607562257,Q1
2020-05-22,2.3135737072847746,1.240404267826659,Q1
2020-05-26,2.776806269989984,1.7267537477949757,Q1
2020-05-27,3.2662790900867886,2.2351561782974234,Q1
2020-05-28,3.401505614443151,2.6312258999656475,Q1
2020-05-29,3.4958122437526864,2.9410594480885974,Q1
2020-06-01,3.5852096217095237,3.0374691568689443,Q1
2020-06-02,3.805898431241318,3.242474363337621,Q1
2020-06-03,4.295648572174384,3.653108575528645,Q1
2020-06-04,4.851467167321556,4.0832170030826385,Q1
2020-06-05,5.459575640039132,4.669287687207506,Q1
2020-06-08,5.875330625352132,5.102172494134944,Q1
2020-06-09,6.134745445154199,5.3517505715029765,Q1
2020-06-10,6.194134427873063,5.491464731268307,Q1
2020-06-11,5.693778318821041,5.541515072885493,Q1
2020-06-12,5.455335206920927,5.696393828721957,Q2
2020-06-15,5.309968435097196,5.5973106177032514,Q2
2020-06-16,5.316395434770165,5.567588424286205,Q2
2020-06-17,5.305959219787117,5.690687431450968,Q2
2020-06-18,5.1917683731281175,5.724539887584504,Q2
2020-06-19,5.141159467706835,5.539052628142925,Q2
2020-06-22,5.145568751644875,5.521310445686383,Q2
2020-06-23,5.22402131552728,5.53212881880067,Q2
2020-06-24,5.04766248090131,5.340525679626732,Q2
2020-06-25,4.895879061387775,5.246072555878402,Q2
2020-06-26,4.6970424618542195,5.085454895462273,Q2
2020-06-29,4.665123679838484,4.994038622886471,Q2
2020-06-30,4.75303337217914,5.0273875233034095,Q2
2020-07-01,4.688968318417492,4.918368554880637,Q2
2020-07-02,4.7576057985695765,4.991688503190378,Q2
2020-07-06,5.0724755070387735,5.032494237942997,Q1
2020-07-07,5.088911240504804,5.079434188527952,Q1
2020-07-08,5.068834760304224,5.043247787776578,Q1
2020-07-09,5.0515061264357515,5.059564665300204,Q2
2020-07-10,5.0035969807128895,5.018783135924367,Q2
2020-07-13,4.886721867131103,4.952281397256501,Q2
2020-07-14,4.912019142152794,4.816513340287312,Q1
2020-07-15,5.122460574057626,4.947483581756531,Q1
2020-07-16,5.23567058529704,5.017646148641234,Q1
2020-07-17,5.230313282044997,5.179408188449272,Q1
2020-07-20,5.305775086310034,5.303952361935174,Q1
2020-07-21,5.378843536244916,5.2662496218535715,Q1
2020-07-22,5.475918452755878,5.364218576590252,Q1
2020-07-23,5.379989166842459,5.330011735247352,Q1
2020-07-24,5.307309044506416,5.253934719424564,Q1
2020-07-27,5.480854250170544,5.264444758322566,Q1
2020-07-28,5.227534647086733,5.199326568234743,Q1
2020-07-29,5.161347018112558,5.191773620200643,Q2
2020-07-30,5.007338348540275,5.188492072103386,Q2
2020-07-31,4.78612123886974,5.0330750602901375,Q2
2020-08-03,4.609133316246084,4.788334008290214,Q2
2020-08-04,4.508133836908387,4.838358577096025,Q2
2020-08-05,4.68447704246414,4.779207696086453,Q2
2020-08-06,4.7548591133393,4.624452081355993,Q1
2020-08-07,4.769358129747061,4.7044621541977865,Q1
2020-08-10,4.976036929578766,4.6903282621572195,Q1
2020-08-11,5.252077760558056,4.8071867013738885,Q1
2020-08-12,5.519248144990895,5.087464666569112,Q1
2020-08-13,5.711065004305709,5.284484446242278,Q1
2020-08-14,5.919505712907267,5.49638334140566,Q1
2020-08-17,6.180173628739515,5.762021850371299,Q1
2020-08-18,6.3251560982139505,5.967784952624549,Q1
2020-08-19,6.417549236502005,6.08347978401087,Q1
2020-08-20,6.372482556114142,6.057919570692325,Q1
2020-08-21,6.316156468111127,6.035782059147852,Q1
2020-08-24,6.4289967381727635,6.143932968624832,Q1
2020-08-25,6.593537809453976,6.448886669273491,Q1
2020-08-26,6.813189709895191,6.669517290239563,Q1
2020-08-27,6.8193139370161955,6.745101366850459,Q1
2020-08-28,6.9418599179395635,6.981825818450941,Q2
2020-08-31,6.880603508253365,6.920887886502622,Q2
2020-09-01,7.086481262092512,7.071009558252923,Q1
2020-09-02,7.278157397044235,7.0712760448212215,Q1
2020-09-03,6.9773018750926505,7.28985618140543,Q2
2020-09-04,6.698423454962319,7.166734254931556,Q2
2020-09-08,6.26719555574468,6.480724158149703,Q2
2020-09-09,6.09403697457609,6.204556097020285,Q2
2020-09-10,5.89782149832139,6.009792387193783,Q2
2020-09-11,5.809097087328611,5.9222740320589145,Q2
2020-09-14,5.853650851190793,5.957447649953724,Q2
2020-09-15,6.004443011912534,5.9686000817765095,Q1
2020-09-16,6.124331205449329,6.084254048912181,Q1
2020-09-17,6.2148227821476505,6.247007906629367,Q2
2020-09-18,6.188031866094043,6.333436275991351,Q2
2020-09-21,5.742815679830568,6.018092180442503,Q2
2020-09-22,5.501951947848183,5.970352578457083,Q2
2020-09-23,5.105309230650317,5.547902296027082,Q2
2020-09-24,4.722547048291964,5.30087764878609,Q2
2020-09-25,4.4601802805948205,5.059092357128735,Q2
2020-09-28,4.511593670834485,5.01907272883105,Q2
2020-09-29,4.498411105835886,4.91896009759876,Q2
2020-09-30,4.428242819324074,4.780014413774118,Q2
2020-10-01,4.35760127153339,4.524184151089117,Q2
2020-10-02,4.2443423236151485,4.3182522673835235,Q2
2020-10-05,4.389368716071801,4.294840434966626,Q1
2020-10-06,4.239673329083689,4.204734108781834,Q1
2020-10-07,4.422703890364784,4.324747435892576,Q1
2020-10-08,4.574541168163373,4.535109272159607,Q1
2020-10-09,4.802844522827551,4.754250467853927,Q1
2020-10-12,4.944958743120576,5.009766015766996,Q2
2020-10-13,4.968173705975749,5.011014091051711,Q2
2020-10-14,4.972965139614983,5.039828582153117,Q2
2020-10-15,4.980222018858015,5.04447246290661,Q2
2020-10-16,4.885781321887455,4.901744695227936,Q2
2020-10-19,4.782908268530252,4.6951402497898345,Q1
2020-10-20,4.785406341807884,4.671179963308998,Q1
2020-10-21,4.655461620595388,4.566153199049687,Q1
2020-10-22,4.539070932867745,4.448404216023667,Q1
2020-10-23,4.479329821923585,4.431153526555581,Q1
2020-10-26,4.042852909378083,4.203978220740836,Q2
2020-10-27,3.517721808906593,4.169865233320308,Q2
2020-10-28,2.8708137562561813,3.6317525834950937,Q2
2020-10-29,2.636128362162431,3.3199765062425826,Q2
2020-10-30,2.295119495824915,2.934962013591573,Q2
2020-11-02,2.1062636591918515,2.558900493746316,Q2
2020-11-03,2.2022843629414863,2.483393300669229,Q2
